type	path	sha256_or_target	size
directory	.hol	-	0
directory	.hol/locks	-	0
file	.hol/locks/task7kcalibration.exe.lock	e7ba0001d26cf3c3f59cf1a1793a7738b1ffef9953a330231f9430db958a9f5d	4
file	.hol/locks/task7kcalibration.uo.lock	e7ba0001d26cf3c3f59cf1a1793a7738b1ffef9953a330231f9430db958a9f5d	4
directory	.hol/make-deps	-	0
file	.hol/make-deps/task7kcalibration.sml.d	efdd8053e64d783c05c0ff595540c4b90e1faf951fa783cb4868b3b99fbd2a11	544
directory	.hol/objs	-	0
file	.hol/objs/task7kcalibration.ui	e3b0c44298fc1c149afbf4c8996fb92427ae41e4649b934ca495991b7852b855	0
file	.hol/objs/task7kcalibration.uo	43650289409ba91b3b05047247a55609e7437f4c017f698df4046fbfb50f4d23	535
file	Holmakefile	b0ba00e21bf0aea89eccef68b5edbcd13f44c28cccfe910ed67b7484ed9eb334	467
file	PREDECLARATION.md	26364ed3bc0a95e2d9405ee0bb05daf8752596a6c57586a731265e1e97e95836	4683
file	PROVENANCE.md	82871831d4ff235b93445400c34b8dc98be9c76a722fa2d416c80587b25b3b3c	1027
file	SOURCE-HASHES.sha256	70e08852680a0cccde2c0588d58c7550e4063e644d04698695a0b3b01a87ec5b	606
file	SOURCE-HEAD.txt	e21e159b4d05b011a54a240a2831b68bb741684f280a10ee57246931e8c60608	41
file	V10-PROVENANCE.sha256	a73eba894a6399179675cdf17d2ea281582d89c9569188248d65e9d8becc5302	3357
file	collect.sh	138fc911e53e0b2d817935c78e6dae5c7ba0ba4e4f8f5ce817fa41bae65e1003	2253
file	environment.txt	2c5d66baeb16fdf610c75f2f39320f4f1c4d1e75bce13056bed0a76d47367a31	230
directory	frozen-inputs	-	0
directory	frozen-inputs/.hol	-	0
directory	frozen-inputs/.hol/locks	-	0
file	frozen-inputs/.hol/locks/task7kcalibration.exe.lock	e7ba0001d26cf3c3f59cf1a1793a7738b1ffef9953a330231f9430db958a9f5d	4
file	frozen-inputs/.hol/locks/task7kcalibration.uo.lock	e7ba0001d26cf3c3f59cf1a1793a7738b1ffef9953a330231f9430db958a9f5d	4
directory	frozen-inputs/.hol/make-deps	-	0
file	frozen-inputs/.hol/make-deps/task7kcalibration.sml.d	efdd8053e64d783c05c0ff595540c4b90e1faf951fa783cb4868b3b99fbd2a11	544
directory	frozen-inputs/.hol/objs	-	0
file	frozen-inputs/.hol/objs/task7kcalibration.ui	e3b0c44298fc1c149afbf4c8996fb92427ae41e4649b934ca495991b7852b855	0
file	frozen-inputs/.hol/objs/task7kcalibration.uo	43650289409ba91b3b05047247a55609e7437f4c017f698df4046fbfb50f4d23	535
file	frozen-inputs/Holmakefile	b0ba00e21bf0aea89eccef68b5edbcd13f44c28cccfe910ed67b7484ed9eb334	467
file	frozen-inputs/PREDECLARATION.md	26364ed3bc0a95e2d9405ee0bb05daf8752596a6c57586a731265e1e97e95836	4683
file	frozen-inputs/PROVENANCE.md	82871831d4ff235b93445400c34b8dc98be9c76a722fa2d416c80587b25b3b3c	1027
file	frozen-inputs/collect.sh	138fc911e53e0b2d817935c78e6dae5c7ba0ba4e4f8f5ce817fa41bae65e1003	2253
directory	frozen-inputs/future-protocol	-	0
file	frozen-inputs/future-protocol/BOUNDED_V2.full.patch	fca63fce3e5c572fbafac103523c7fa22af8fc8de15b1ae37e894a07d8bdcf42	6148
file	frozen-inputs/future-protocol/COLLECTOR_V2.full.patch	0d80b99b8a588782a6106ed92ee34a131dfb346e3f863df802218031b38a2b43	9077
file	frozen-inputs/future-protocol/COLLECTOR_V2.patch	9cc8108978b1405484ed40cd91b4df258dd00765c2663fb59a4d717e1c9ac644	722
file	frozen-inputs/future-protocol/README.md	a8aa3eca33a609f6fcb04fea4960045b613a2a337c8b44147b93ed4203acc0bd	9899
file	frozen-inputs/future-protocol/SUPERVISOR_V2.full.patch	d6f971501122857cdf83a58e16706e7982bfd41d3ee83a4a7efd15deff1583ca	8840
file	frozen-inputs/future-protocol/SUPERVISOR_V2.patch	bad11b276162f084e8c33e25417290a7df119a4d9db23a50a3d14e2adc765b20	792
file	frozen-inputs/future-protocol/UNSHARE_V6.json	98bdcb268c69471246c28172b01a2e42addc02286fca239cbf305e3d434a2f9a	340
file	frozen-inputs/future-protocol/UNSHARE_V7.json	eccbf9ca3ef31daaf1d0a4d557462d72fa072b658e2cce65a46937644f1fff14	315
file	frozen-inputs/future-protocol/UNSHARE_V8.json	09fe8824fc8c739f76d4c655a797a4ea8430c82d0ab96eb0db802ca4a7695ce8	340
file	frozen-inputs/future-protocol/V10_PATCH_MAPPING.md	8559efdf03c0ce12b3435d6a6d2c9abd708d5ee686c87f74168af0eeafa20d17	1318
file	frozen-inputs/future-protocol/V4_PATCH_MAPPING.md	919bece402ef6fe946724befc8b44ecbd89223e8100b6ceb59c99e0810bef986	1300
file	frozen-inputs/future-protocol/V5_PATCH_MAPPING.md	554c140d251d850e31d83a0284546e76f055d8656cf1118ff4ab2f26cb40b8d5	1462
file	frozen-inputs/future-protocol/V6_PATCH_MAPPING.md	8ab6d936f501fb0a5446e993ce37468142fa910f9cfa260f8ecfc44f227213bf	1240
file	frozen-inputs/future-protocol/V7_PATCH_MAPPING.md	c4fcbf9fe730743b17d913667dcfabea6ca7a90e11a257f8a61577f41b7a1ca4	1443
file	frozen-inputs/future-protocol/V8_PATCH_MAPPING.md	470f63ae79455cf418feaaed6891e7c1af1f6aea404e6edc2c00363ec83465fa	1556
file	frozen-inputs/future-protocol/V9_PATCH_MAPPING.md	6fe791c033c605c43511b83d554c60a59ea4d2e087e897ac410b9a7cf2eafa39	1351
file	frozen-inputs/future-protocol/audit-artifacts-v3.py	621a13320c1ffea46dac7b22bb85bcf696441f8cfb4f2bc5ad9431d69fe55ff3	4401
file	frozen-inputs/future-protocol/audit-artifacts-v3.sh	b8820640c6a565e2e51081b1cde3276d347f087d20f07beba3b2f1c01d6fe0e5	111
file	frozen-inputs/future-protocol/audit-artifacts-v4.py	7941c0d4f98a6090539e58b8c0403454ffa50eacba2e2cbf55c481966ecd78fd	3806
file	frozen-inputs/future-protocol/audit-artifacts-v4.sh	07d5e16d2d832e34c212eb6a6c8144e1d04ed64a84cf59a1aa84099aaffddc4e	114
file	frozen-inputs/future-protocol/audit-artifacts-v5.py	385f18064a9344f30b06274543dd84fd14531559146ac12baf2f39fe3797f65e	3803
file	frozen-inputs/future-protocol/audit-artifacts-v5.sh	0d64a402738836d83d2d016a63d224e5a694e6e21730c596361260ad25f29cf4	114
file	frozen-inputs/future-protocol/classification_status_v9.py	da845a60c9f1e2c926cb30bbefd6394e57f01ba14a705724cb15e7f221055a19	1441
file	frozen-inputs/future-protocol/collect-v10.py	0534b9b6eb53e43f0ae8d9de5282b07972b9952c1b8ac11b6435ab50253de368	34482
file	frozen-inputs/future-protocol/collect-v2.sh	743625ec8d1ae075f230e18797d617d1743c180d2b0dbfed3b195ee8b4e3017f	3636
file	frozen-inputs/future-protocol/collect-v3.sh	f20f8189b309cbd96b33938e2f324da638759f4adc88c78c3c5821e7f7cb2fd5	3932
file	frozen-inputs/future-protocol/collect-v4.sh	d3e396bb7dc6f4dce00e81ae8fad640681f954e63a6dfdd8d0cb1874cd4343a1	6152
file	frozen-inputs/future-protocol/collect-v5.py	159f7cafe4ba9d57deda5a2c3c19eab1ed0177f820c190b84acadc5a96fd6f09	13570
file	frozen-inputs/future-protocol/collect-v6.py	6f73eeac160cb2c64a6ebae2814f56ba3318ee1b99c42679deab050af26c301b	11370
file	frozen-inputs/future-protocol/collect-v7.py	3468735e54f6b1d11a90cf0ed53d08f3e236caeb1f1e28b547e2d2342566b908	19203
file	frozen-inputs/future-protocol/collect-v8.py	e63884f18f40fa6f358bc6d100715a3e1f589886818be796fe41dcfc0e815b74	26060
file	frozen-inputs/future-protocol/collect-v9.py	d04f752dedcaed55eab1d368455e6185fbe0cbbe72ee81c12d49a90e680d55c1	30416
file	frozen-inputs/future-protocol/collector-signal-driver-v10.py	a3a60855cffbcfbfe39325aac7e5e289c403df7ba7a01e457dc3b30469eb1c14	1080
file	frozen-inputs/future-protocol/collector-signal-driver-v4.py	053d18b7808a432b99355af60fdf94128cc11eacbf0514dd7d72b97fd9eeacab	1343
file	frozen-inputs/future-protocol/collector-signal-driver-v5.py	7bceeffb868b92f5056b54692b83cfd3c8bf9287b3b3cfc2b0cb38a1a466ede3	1784
file	frozen-inputs/future-protocol/collector-signal-driver-v6.py	fd102bab86f3feea3e9997509a59d07045077cebc00a0e6965f269eaf6b91596	1447
file	frozen-inputs/future-protocol/collector-signal-driver-v7.py	ac8714006badbff09a9336698816ab588dc211212c128336cefe67340c1b53b6	1450
file	frozen-inputs/future-protocol/collector-signal-driver-v8.py	40580e0013c059ffbe22676e138b43539cbbffcfd246f26c2afd782d4d918e2e	1078
file	frozen-inputs/future-protocol/collector-signal-driver-v9.py	9cd2388d91aeae5493b9e4d25df5849f7467ebed8877599e0d07a6c4c7b3fa7c	1078
file	frozen-inputs/future-protocol/containment-preflight-v6.py	d8145b85be68e3cc3f1d0d7b75a12b4bce85d52375c64cc8b90c5a176025be91	8003
file	frozen-inputs/future-protocol/containment-preflight-v7.py	9adf4d534a2cb96b8107eb9db3c7a9436a0b0bb4ff3e047a6e279585e2df315b	12618
file	frozen-inputs/future-protocol/containment-preflight-v8.py	16172bc720b70c249a82f3287de2b68712bd6859ac38539131bae86d193c2a82	13411
file	frozen-inputs/future-protocol/launch-gate-v8.py	6834b4acf8c4bc982a6d08a0c453ef787ff8ffcc674c0a96b119893beaebb564	1229
file	frozen-inputs/future-protocol/launch_bootstrap_v8.py	14ed61ec1563c1d47698cf85594cda5c0901eadab29277800302b84364aae3e9	3746
file	frozen-inputs/future-protocol/namespace-init-v6.py	55e0295a4d0b7c3bb64c43d0521b52a0ea3c525830e5361b484379c5c32ed6c8	2359
file	frozen-inputs/future-protocol/namespace-init-v7.py	285f0d31c499b67a1233e4f0dfaee2befc7e7a63672403b56f4ab97ff9458aa7	2310
file	frozen-inputs/future-protocol/namespace-init-v8.py	8a708470db3906b822921754a0ab4dc19397650c43a0a56909fafd91102ce221	2459
file	frozen-inputs/future-protocol/path_validation_v4.py	8b22e8173f0483ca2a07d95b1c229da00fc29963c0e807382b0d40be6bd2f949	3414
file	frozen-inputs/future-protocol/path_validation_v5.py	044d7419c9b1409d42163aa75a7239d465a4ee032ff48ba9bf1aae67f23a521c	3755
file	frozen-inputs/future-protocol/process-tree-fixture-v3.py	567af0e4ca55fc46aa6073dad059235c86609519bb05a938c3856008cb1c5e20	1446
file	frozen-inputs/future-protocol/process-tree-fixture-v4.py	4ed9aadaaed0749fa864f6680cccdb14bc2ae2aa5c7ed6667b6dc93af9e16302	1227
file	frozen-inputs/future-protocol/process-tree-fixture-v5.py	c3de55043e36a02fd24d0433e5a8e84688c499d13606168ff18079457daa9437	2139
file	frozen-inputs/future-protocol/process-tree-fixture-v6.py	ee7ddc3d9cbfe41c7a8d9872a87cff57378ddf9f6c224f0c972b0172a5db8d30	1116
file	frozen-inputs/future-protocol/process-tree-fixture-v7.py	d977c02f04c5724514c050419107284779e5dc0fe3d525d247e1887f5af5bf9e	1107
file	frozen-inputs/future-protocol/strict_integer_v10.py	c83f0d553f0c110df4ae1092b79c02e040a9a2ee2e3395dd174e6ee5343208ac	567
file	frozen-inputs/future-protocol/supervise-v10.py	8ee352cbc937619442bb3745a65239ae7e7df487dbe4802df8bf31f82c46ed90	21837
file	frozen-inputs/future-protocol/supervise-v2.py	83064aca0cc21ff5d0286229eda4d3a237ddad30e8e55c614855b9b8dad93384	7066
file	frozen-inputs/future-protocol/supervise-v3.py	50a86e015a61a2e2375997e743faea7f924ebf7e91fe6a8fe37958cc6930e71e	19588
file	frozen-inputs/future-protocol/supervise-v4.py	7ed037ddfd872d6eb0cd753ad3f539fb43c892cdb010b653ea63e09b14602c58	27064
file	frozen-inputs/future-protocol/supervise-v5.py	d06d228d7e5dae23dbf9e9c8ecd646afc7e8ed914d7c968f541bae9e2bce4637	33063
file	frozen-inputs/future-protocol/supervise-v6.py	bf17c60bd79bbb5126e7e8a073cbb2cc2d56439848d10def91b3548e311e5499	22528
file	frozen-inputs/future-protocol/supervise-v7.py	4bcd27f543ff82f121c464b0f66e859aa8449eeb08967d7c26036866fd96ab7b	26777
file	frozen-inputs/future-protocol/supervise-v8.py	694338faed139c01893ca50e83f9075da383e85f42ddc0d1abc6f40209560ea8	21130
file	frozen-inputs/future-protocol/supervise-v9.py	856ee4a0fbb029ad840330ddd8ca6127c5ad7fa47f520029cdfb195b5b4e9936	20518
file	frozen-inputs/future-protocol/supervisor-signal-driver-v7.py	525f31332b68c530656f6cc6425dd85562c98acb4d90084c08cfaddf0d7f8d8f	964
file	frozen-inputs/future-protocol/supervisor-signal-driver-v8.py	9ba52bf98a4caa6ecf66d14bba12d4ab100d8046c2aebe4aa6d6036112c49f1a	955
file	frozen-inputs/future-protocol/synthetic-artifact-audit-v3.sh	1521d1ac6e6ebbea878b850291698aaefa0dab4d37fc4822874019cdc7d05939	376
file	frozen-inputs/future-protocol/synthetic-artifact-audit-v4.sh	99d462f9f3971d7a6fe2cec8c7014a5e482d658c447ae966f9f3e66c70b199e0	383
file	frozen-inputs/future-protocol/synthetic-artifact-audit-v5.sh	99d462f9f3971d7a6fe2cec8c7014a5e482d658c447ae966f9f3e66c70b199e0	383
file	frozen-inputs/future-protocol/synthetic-artifact-audit.sh	f8d039366dbee3db55521bb100f06327d23e52800440780330afba7ca28a652f	102
file	frozen-inputs/future-protocol/test-bounded-v2.sh	ecb2d3fa4154d587428b468d3587d6fcdf8d903ea72d360ff97b069d3ac7b8ec	3086
file	frozen-inputs/future-protocol/test-collector-v10.sh	cacf076cc1a399e6764731395cf443966bf60eb1d010605e731634611a1e6b6f	13223
file	frozen-inputs/future-protocol/test-collector-v2.sh	c2e80a92b445585c56343459bc4609fd417ba4f30d8be70ba858ed2a48473309	2265
file	frozen-inputs/future-protocol/test-collector-v3.sh	3f371a8f0d18ce8aa87f71feebf591f546b891cd9b592a02181bd79ddd0dcbee	4133
file	frozen-inputs/future-protocol/test-collector-v4.sh	a03da271a6ce8189679f0f09073707b761a6b4805d0a32cad1a83a37d2971b08	6619
file	frozen-inputs/future-protocol/test-collector-v5.sh	c66db5f5012886eb52fd2d9b223eab80d04070d9edd0cc4dad9dcf9fec2e7859	10567
file	frozen-inputs/future-protocol/test-collector-v6.sh	c1ced96fbd4f851bbc9496eb51877b8aa1d1c988e5754b3b5d53cee9d553a309	5584
file	frozen-inputs/future-protocol/test-collector-v7.sh	1d0c70ef363fe028ecf6996ab0fb079db647391963e73c77248a92bcdf3646e6	8798
file	frozen-inputs/future-protocol/test-collector-v8.sh	6f3a5a649d99149c907c51e3cbca59e7d54f9a48959a71157f0b6fcb6e379de8	8111
file	frozen-inputs/future-protocol/test-collector-v9.sh	3eae66e1470f7333ef665636a9ffbbf1ad66b6f5108b0ff45f42f205e61575e7	11123
file	frozen-inputs/future-protocol/test-supervise-v10.sh	b7b0737bd5ceb290b1d97cff061f6ffbb5b8fd92f3fdbae17e578f6a538dde0a	7556
file	frozen-inputs/future-protocol/test-supervise-v2.sh	5b4f7739a87a119a268e589605d5f8fbe127921864b6db18a73270ad14658ebc	3929
file	frozen-inputs/future-protocol/test-supervise-v3.sh	ce460c4c25d10481d7f036b6874156621b2de6703853d772427390b01a98ec3b	6240
file	frozen-inputs/future-protocol/test-supervise-v4.sh	afb613f586cf3426a185056d60d4fb780eaecf10a090bda4f6bcf15838ee49ae	5150
file	frozen-inputs/future-protocol/test-supervise-v5.sh	c4404c1101df55c815b8292f1e83824eeb89935501a40c9bcddfd65dbe30615f	9745
file	frozen-inputs/future-protocol/test-supervise-v6.sh	0b1a48c6206563e584d5809a78c7569b07f83d0792cf2a118033524ec96da6ee	5536
file	frozen-inputs/future-protocol/test-supervise-v7.sh	7378322c5985447ce1de214b18c1c2d4dc3b2140922ce342c1644cf21e54e31b	5992
file	frozen-inputs/future-protocol/test-supervise-v8.sh	c13577bc68c7259e01acbc263b855e0deb42101d727a468dc8ad503976115849	4513
file	frozen-inputs/future-protocol/test-supervise-v9.sh	257fe512852c2736dca392b0928e05efaa0913ec467281edd6ffb55053fcfcdb	6482
file	frozen-inputs/future-protocol/validate-paths-v4.py	61f63e224928c5df1c11344caea3cf6f4fff2d0a0d98b23f02a3d9fc961b7cdd	950
file	frozen-inputs/future-protocol/validate-paths-v5.py	0680c94dcba160f967c200dc486c4d8f37f28541c3e5575e72f5242333abcc4b	974
file	frozen-inputs/future-protocol/validate-supervisor-v10.py	2ea9cee0234909ebd823425506d8d293de3364a432ec8efeaee0bc6bbe1ee272	24525
file	frozen-inputs/future-protocol/validate-supervisor-v7.py	94bdfcaf378d1533fc96ffa0d2561abd533f9c38db0710c229e6b2834dd8eb80	16277
file	frozen-inputs/future-protocol/validate-supervisor-v8.py	ae8272d0c1ba3c90317a21f65d20f98e4b97b02a845d301850b13454d7360cd2	24949
file	frozen-inputs/future-protocol/validate-supervisor-v9.py	e6348f4446addad51e6429e1262e48963f1d272e6da5f0872e32fe7c517878e7	24079
file	frozen-inputs/future-protocol/verify-bounded-v2.py	70ebf8e75ed4f259fb59cd3d939ffa44d3f2fca728d63a4b17f09f7fb9a82d8d	4683
file	frozen-inputs/generate-synthetic.py	052df02b5a28cbf75dc36ddea845454235da5cff7142a980e6181c5759ba9621	1484
file	frozen-inputs/inventory.py	ca12ce5009fd9db7d2311d6df6b9ff05eda754a4bcc55472429011c36e3dbf5f	1525
file	frozen-inputs/materialize-results.py	5a684a34f2dc9d09fdc4079afb77c3b9b563c51e3fe5aec8ab562e82eade9df0	2084
file	frozen-inputs/mutate-fixture.py	bfd297433d35a38342e9e3769ce760bed6b0c97e0d893fa275f8435fb547ddbc	1529
file	frozen-inputs/preflight.sh	4a367c6a2a311ac1ae96511fbff7565bc0c9836b08b76b1e0e095d9ec947743d	2083
file	frozen-inputs/schedule.tsv	b7b14db8228785dbaf296d1293b119961298e69f5769ebf6194de3ca1abfbd2a	270
file	frozen-inputs/selfcheck.sh	24459b5937772c1e12075c52e1d2d4bb92190d978940523e5a98c3887e654ec3	853
file	frozen-inputs/summarize-results.py	3210fa8b6abf042670b332b86479efd4f2c22e4642f7df461721abe69f21bb5b	3443
file	frozen-inputs/task7kcalibration.exe	d362063ada8cd0689f69e0288700b7aef59d4e544583583e03b9587afb72288f	191
file	frozen-inputs/task7kcalibration.sml	faadb79dea635c12db27e58882824156d6219559d84d788e8b85b56b34600736	6246
file	frozen-inputs/test-validators.sh	900ac26bc0c584c34b369ae2e5e694df60df0520ede41795ad6501a7082d7186	1528
file	frozen-inputs/validate-results.py	270445875602f88c840905fb5f63c3240ff6021d688d5abae7a938a8c7e5a78c	9039
directory	future-protocol	-	0
file	future-protocol/BOUNDED_V2.full.patch	fca63fce3e5c572fbafac103523c7fa22af8fc8de15b1ae37e894a07d8bdcf42	6148
file	future-protocol/COLLECTOR_V2.full.patch	0d80b99b8a588782a6106ed92ee34a131dfb346e3f863df802218031b38a2b43	9077
file	future-protocol/COLLECTOR_V2.patch	9cc8108978b1405484ed40cd91b4df258dd00765c2663fb59a4d717e1c9ac644	722
file	future-protocol/README.md	a8aa3eca33a609f6fcb04fea4960045b613a2a337c8b44147b93ed4203acc0bd	9899
file	future-protocol/SUPERVISOR_V2.full.patch	d6f971501122857cdf83a58e16706e7982bfd41d3ee83a4a7efd15deff1583ca	8840
file	future-protocol/SUPERVISOR_V2.patch	bad11b276162f084e8c33e25417290a7df119a4d9db23a50a3d14e2adc765b20	792
file	future-protocol/UNSHARE_V6.json	98bdcb268c69471246c28172b01a2e42addc02286fca239cbf305e3d434a2f9a	340
file	future-protocol/UNSHARE_V7.json	eccbf9ca3ef31daaf1d0a4d557462d72fa072b658e2cce65a46937644f1fff14	315
file	future-protocol/UNSHARE_V8.json	09fe8824fc8c739f76d4c655a797a4ea8430c82d0ab96eb0db802ca4a7695ce8	340
file	future-protocol/V10_PATCH_MAPPING.md	8559efdf03c0ce12b3435d6a6d2c9abd708d5ee686c87f74168af0eeafa20d17	1318
file	future-protocol/V4_PATCH_MAPPING.md	919bece402ef6fe946724befc8b44ecbd89223e8100b6ceb59c99e0810bef986	1300
file	future-protocol/V5_PATCH_MAPPING.md	554c140d251d850e31d83a0284546e76f055d8656cf1118ff4ab2f26cb40b8d5	1462
file	future-protocol/V6_PATCH_MAPPING.md	8ab6d936f501fb0a5446e993ce37468142fa910f9cfa260f8ecfc44f227213bf	1240
file	future-protocol/V7_PATCH_MAPPING.md	c4fcbf9fe730743b17d913667dcfabea6ca7a90e11a257f8a61577f41b7a1ca4	1443
file	future-protocol/V8_PATCH_MAPPING.md	470f63ae79455cf418feaaed6891e7c1af1f6aea404e6edc2c00363ec83465fa	1556
file	future-protocol/V9_PATCH_MAPPING.md	6fe791c033c605c43511b83d554c60a59ea4d2e087e897ac410b9a7cf2eafa39	1351
file	future-protocol/audit-artifacts-v3.py	621a13320c1ffea46dac7b22bb85bcf696441f8cfb4f2bc5ad9431d69fe55ff3	4401
file	future-protocol/audit-artifacts-v3.sh	b8820640c6a565e2e51081b1cde3276d347f087d20f07beba3b2f1c01d6fe0e5	111
file	future-protocol/audit-artifacts-v4.py	7941c0d4f98a6090539e58b8c0403454ffa50eacba2e2cbf55c481966ecd78fd	3806
file	future-protocol/audit-artifacts-v4.sh	07d5e16d2d832e34c212eb6a6c8144e1d04ed64a84cf59a1aa84099aaffddc4e	114
file	future-protocol/audit-artifacts-v5.py	385f18064a9344f30b06274543dd84fd14531559146ac12baf2f39fe3797f65e	3803
file	future-protocol/audit-artifacts-v5.sh	0d64a402738836d83d2d016a63d224e5a694e6e21730c596361260ad25f29cf4	114
file	future-protocol/classification_status_v9.py	da845a60c9f1e2c926cb30bbefd6394e57f01ba14a705724cb15e7f221055a19	1441
file	future-protocol/collect-v10.py	0534b9b6eb53e43f0ae8d9de5282b07972b9952c1b8ac11b6435ab50253de368	34482
file	future-protocol/collect-v2.sh	743625ec8d1ae075f230e18797d617d1743c180d2b0dbfed3b195ee8b4e3017f	3636
file	future-protocol/collect-v3.sh	f20f8189b309cbd96b33938e2f324da638759f4adc88c78c3c5821e7f7cb2fd5	3932
file	future-protocol/collect-v4.sh	d3e396bb7dc6f4dce00e81ae8fad640681f954e63a6dfdd8d0cb1874cd4343a1	6152
file	future-protocol/collect-v5.py	159f7cafe4ba9d57deda5a2c3c19eab1ed0177f820c190b84acadc5a96fd6f09	13570
file	future-protocol/collect-v6.py	6f73eeac160cb2c64a6ebae2814f56ba3318ee1b99c42679deab050af26c301b	11370
file	future-protocol/collect-v7.py	3468735e54f6b1d11a90cf0ed53d08f3e236caeb1f1e28b547e2d2342566b908	19203
file	future-protocol/collect-v8.py	e63884f18f40fa6f358bc6d100715a3e1f589886818be796fe41dcfc0e815b74	26060
file	future-protocol/collect-v9.py	d04f752dedcaed55eab1d368455e6185fbe0cbbe72ee81c12d49a90e680d55c1	30416
file	future-protocol/collector-signal-driver-v10.py	a3a60855cffbcfbfe39325aac7e5e289c403df7ba7a01e457dc3b30469eb1c14	1080
file	future-protocol/collector-signal-driver-v4.py	053d18b7808a432b99355af60fdf94128cc11eacbf0514dd7d72b97fd9eeacab	1343
file	future-protocol/collector-signal-driver-v5.py	7bceeffb868b92f5056b54692b83cfd3c8bf9287b3b3cfc2b0cb38a1a466ede3	1784
file	future-protocol/collector-signal-driver-v6.py	fd102bab86f3feea3e9997509a59d07045077cebc00a0e6965f269eaf6b91596	1447
file	future-protocol/collector-signal-driver-v7.py	ac8714006badbff09a9336698816ab588dc211212c128336cefe67340c1b53b6	1450
file	future-protocol/collector-signal-driver-v8.py	40580e0013c059ffbe22676e138b43539cbbffcfd246f26c2afd782d4d918e2e	1078
file	future-protocol/collector-signal-driver-v9.py	9cd2388d91aeae5493b9e4d25df5849f7467ebed8877599e0d07a6c4c7b3fa7c	1078
file	future-protocol/containment-preflight-v6.py	d8145b85be68e3cc3f1d0d7b75a12b4bce85d52375c64cc8b90c5a176025be91	8003
file	future-protocol/containment-preflight-v7.py	9adf4d534a2cb96b8107eb9db3c7a9436a0b0bb4ff3e047a6e279585e2df315b	12618
file	future-protocol/containment-preflight-v8.py	16172bc720b70c249a82f3287de2b68712bd6859ac38539131bae86d193c2a82	13411
file	future-protocol/launch-gate-v8.py	6834b4acf8c4bc982a6d08a0c453ef787ff8ffcc674c0a96b119893beaebb564	1229
file	future-protocol/launch_bootstrap_v8.py	14ed61ec1563c1d47698cf85594cda5c0901eadab29277800302b84364aae3e9	3746
file	future-protocol/namespace-init-v6.py	55e0295a4d0b7c3bb64c43d0521b52a0ea3c525830e5361b484379c5c32ed6c8	2359
file	future-protocol/namespace-init-v7.py	285f0d31c499b67a1233e4f0dfaee2befc7e7a63672403b56f4ab97ff9458aa7	2310
file	future-protocol/namespace-init-v8.py	8a708470db3906b822921754a0ab4dc19397650c43a0a56909fafd91102ce221	2459
file	future-protocol/path_validation_v4.py	8b22e8173f0483ca2a07d95b1c229da00fc29963c0e807382b0d40be6bd2f949	3414
file	future-protocol/path_validation_v5.py	044d7419c9b1409d42163aa75a7239d465a4ee032ff48ba9bf1aae67f23a521c	3755
file	future-protocol/process-tree-fixture-v3.py	567af0e4ca55fc46aa6073dad059235c86609519bb05a938c3856008cb1c5e20	1446
file	future-protocol/process-tree-fixture-v4.py	4ed9aadaaed0749fa864f6680cccdb14bc2ae2aa5c7ed6667b6dc93af9e16302	1227
file	future-protocol/process-tree-fixture-v5.py	c3de55043e36a02fd24d0433e5a8e84688c499d13606168ff18079457daa9437	2139
file	future-protocol/process-tree-fixture-v6.py	ee7ddc3d9cbfe41c7a8d9872a87cff57378ddf9f6c224f0c972b0172a5db8d30	1116
file	future-protocol/process-tree-fixture-v7.py	d977c02f04c5724514c050419107284779e5dc0fe3d525d247e1887f5af5bf9e	1107
file	future-protocol/strict_integer_v10.py	c83f0d553f0c110df4ae1092b79c02e040a9a2ee2e3395dd174e6ee5343208ac	567
file	future-protocol/supervise-v10.py	8ee352cbc937619442bb3745a65239ae7e7df487dbe4802df8bf31f82c46ed90	21837
file	future-protocol/supervise-v2.py	83064aca0cc21ff5d0286229eda4d3a237ddad30e8e55c614855b9b8dad93384	7066
file	future-protocol/supervise-v3.py	50a86e015a61a2e2375997e743faea7f924ebf7e91fe6a8fe37958cc6930e71e	19588
file	future-protocol/supervise-v4.py	7ed037ddfd872d6eb0cd753ad3f539fb43c892cdb010b653ea63e09b14602c58	27064
file	future-protocol/supervise-v5.py	d06d228d7e5dae23dbf9e9c8ecd646afc7e8ed914d7c968f541bae9e2bce4637	33063
file	future-protocol/supervise-v6.py	bf17c60bd79bbb5126e7e8a073cbb2cc2d56439848d10def91b3548e311e5499	22528
file	future-protocol/supervise-v7.py	4bcd27f543ff82f121c464b0f66e859aa8449eeb08967d7c26036866fd96ab7b	26777
file	future-protocol/supervise-v8.py	694338faed139c01893ca50e83f9075da383e85f42ddc0d1abc6f40209560ea8	21130
file	future-protocol/supervise-v9.py	856ee4a0fbb029ad840330ddd8ca6127c5ad7fa47f520029cdfb195b5b4e9936	20518
file	future-protocol/supervisor-signal-driver-v7.py	525f31332b68c530656f6cc6425dd85562c98acb4d90084c08cfaddf0d7f8d8f	964
file	future-protocol/supervisor-signal-driver-v8.py	9ba52bf98a4caa6ecf66d14bba12d4ab100d8046c2aebe4aa6d6036112c49f1a	955
file	future-protocol/synthetic-artifact-audit-v3.sh	1521d1ac6e6ebbea878b850291698aaefa0dab4d37fc4822874019cdc7d05939	376
file	future-protocol/synthetic-artifact-audit-v4.sh	99d462f9f3971d7a6fe2cec8c7014a5e482d658c447ae966f9f3e66c70b199e0	383
file	future-protocol/synthetic-artifact-audit-v5.sh	99d462f9f3971d7a6fe2cec8c7014a5e482d658c447ae966f9f3e66c70b199e0	383
file	future-protocol/synthetic-artifact-audit.sh	f8d039366dbee3db55521bb100f06327d23e52800440780330afba7ca28a652f	102
file	future-protocol/test-bounded-v2.sh	ecb2d3fa4154d587428b468d3587d6fcdf8d903ea72d360ff97b069d3ac7b8ec	3086
file	future-protocol/test-collector-v10.sh	cacf076cc1a399e6764731395cf443966bf60eb1d010605e731634611a1e6b6f	13223
file	future-protocol/test-collector-v2.sh	c2e80a92b445585c56343459bc4609fd417ba4f30d8be70ba858ed2a48473309	2265
file	future-protocol/test-collector-v3.sh	3f371a8f0d18ce8aa87f71feebf591f546b891cd9b592a02181bd79ddd0dcbee	4133
file	future-protocol/test-collector-v4.sh	a03da271a6ce8189679f0f09073707b761a6b4805d0a32cad1a83a37d2971b08	6619
file	future-protocol/test-collector-v5.sh	c66db5f5012886eb52fd2d9b223eab80d04070d9edd0cc4dad9dcf9fec2e7859	10567
file	future-protocol/test-collector-v6.sh	c1ced96fbd4f851bbc9496eb51877b8aa1d1c988e5754b3b5d53cee9d553a309	5584
file	future-protocol/test-collector-v7.sh	1d0c70ef363fe028ecf6996ab0fb079db647391963e73c77248a92bcdf3646e6	8798
file	future-protocol/test-collector-v8.sh	6f3a5a649d99149c907c51e3cbca59e7d54f9a48959a71157f0b6fcb6e379de8	8111
file	future-protocol/test-collector-v9.sh	3eae66e1470f7333ef665636a9ffbbf1ad66b6f5108b0ff45f42f205e61575e7	11123
file	future-protocol/test-supervise-v10.sh	b7b0737bd5ceb290b1d97cff061f6ffbb5b8fd92f3fdbae17e578f6a538dde0a	7556
file	future-protocol/test-supervise-v2.sh	5b4f7739a87a119a268e589605d5f8fbe127921864b6db18a73270ad14658ebc	3929
file	future-protocol/test-supervise-v3.sh	ce460c4c25d10481d7f036b6874156621b2de6703853d772427390b01a98ec3b	6240
file	future-protocol/test-supervise-v4.sh	afb613f586cf3426a185056d60d4fb780eaecf10a090bda4f6bcf15838ee49ae	5150
file	future-protocol/test-supervise-v5.sh	c4404c1101df55c815b8292f1e83824eeb89935501a40c9bcddfd65dbe30615f	9745
file	future-protocol/test-supervise-v6.sh	0b1a48c6206563e584d5809a78c7569b07f83d0792cf2a118033524ec96da6ee	5536
file	future-protocol/test-supervise-v7.sh	7378322c5985447ce1de214b18c1c2d4dc3b2140922ce342c1644cf21e54e31b	5992
file	future-protocol/test-supervise-v8.sh	c13577bc68c7259e01acbc263b855e0deb42101d727a468dc8ad503976115849	4513
file	future-protocol/test-supervise-v9.sh	257fe512852c2736dca392b0928e05efaa0913ec467281edd6ffb55053fcfcdb	6482
file	future-protocol/validate-paths-v4.py	61f63e224928c5df1c11344caea3cf6f4fff2d0a0d98b23f02a3d9fc961b7cdd	950
file	future-protocol/validate-paths-v5.py	0680c94dcba160f967c200dc486c4d8f37f28541c3e5575e72f5242333abcc4b	974
file	future-protocol/validate-supervisor-v10.py	2ea9cee0234909ebd823425506d8d293de3364a432ec8efeaee0bc6bbe1ee272	24525
file	future-protocol/validate-supervisor-v7.py	94bdfcaf378d1533fc96ffa0d2561abd533f9c38db0710c229e6b2834dd8eb80	16277
file	future-protocol/validate-supervisor-v8.py	ae8272d0c1ba3c90317a21f65d20f98e4b97b02a845d301850b13454d7360cd2	24949
file	future-protocol/validate-supervisor-v9.py	e6348f4446addad51e6429e1262e48963f1d272e6da5f0872e32fe7c517878e7	24079
file	future-protocol/verify-bounded-v2.py	70ebf8e75ed4f259fb59cd3d939ffa44d3f2fca728d63a4b17f09f7fb9a82d8d	4683
file	generate-synthetic.py	052df02b5a28cbf75dc36ddea845454235da5cff7142a980e6181c5759ba9621	1484
file	inventory.py	ca12ce5009fd9db7d2311d6df6b9ff05eda754a4bcc55472429011c36e3dbf5f	1525
file	materialize-results.py	5a684a34f2dc9d09fdc4079afb77c3b9b563c51e3fe5aec8ab562e82eade9df0	2084
file	mutate-fixture.py	bfd297433d35a38342e9e3769ce760bed6b0c97e0d893fa275f8435fb547ddbc	1529
directory	preflight-logs	-	0
directory	preflight-logs/logs	-	0
file	preflight-logs/logs/blast-build.log	6692701f6731d2948495d76dc02affbe773f9907e3e787e25fb68ca654940bf9	147
file	preflight-logs/logs/blast-clean.log	e3b0c44298fc1c149afbf4c8996fb92427ae41e4649b934ca495991b7852b855	0
file	preflight-logs/logs/blast-selftest.log	581421e0c40c54504a85e3135632a0bdb1c6edec06237aef943643379bc737cb	17856
file	preflight-logs/logs/classical-build.log	a66c9dc30b5b9dc0d85076280820608cac6322ed6bfb9ee0bc009d9303ef5180	101
file	preflight-logs/logs/classical-clean.log	e3b0c44298fc1c149afbf4c8996fb92427ae41e4649b934ca495991b7852b855	0
file	preflight-logs/logs/classical-selftest.log	a634b9c0361d46173b7b02cc4f51aae3497296307950114497ec00a334718c48	15039
file	preflight-logs/logs/final-index-clean.log	e3b0c44298fc1c149afbf4c8996fb92427ae41e4649b934ca495991b7852b855	0
file	preflight-logs/logs/final-tracked-clean.log	e3b0c44298fc1c149afbf4c8996fb92427ae41e4649b934ca495991b7852b855	0
file	preflight-logs/logs/harness-build.log	5e11612148cd6d985685c78e9916fef0d427cddbd21b61960c6485b12a2324de	189
file	preflight-logs/logs/harness-clean.log	e3b0c44298fc1c149afbf4c8996fb92427ae41e4649b934ca495991b7852b855	0
file	preflight-logs/logs/head.log	e21e159b4d05b011a54a240a2831b68bb741684f280a10ee57246931e8c60608	41
file	preflight-logs/logs/index-clean.log	e3b0c44298fc1c149afbf4c8996fb92427ae41e4649b934ca495991b7852b855	0
file	preflight-logs/logs/package-selfcheck.log	8b5cfd33d5bd667a72a793ace52f3645f9ad22579d791cd96447b71f6eb9e1fb	317
file	preflight-logs/logs/tracked-clean.log	e3b0c44298fc1c149afbf4c8996fb92427ae41e4649b934ca495991b7852b855	0
directory	preflight-logs/selfcheck	-	0
directory	preflight-logs/selfcheck/collector-v10-test	-	0
file	preflight-logs/selfcheck/collector-v10-test/adversary-bad_bootstrap.json	91367e0c054bfe103d98d5af184f35f8b27573554a4f2454db9f3b8f7c217d52	8580
file	preflight-logs/selfcheck/collector-v10-test/adversary-bad_close.json	f5491a085f5737c4f5a7d846b9d92320b5eb681d3e8bc1fab995930fcfce8ffb	8586
file	preflight-logs/selfcheck/collector-v10-test/adversary-bad_close_flag.json	0c1a7eadbfcefde1b5d97341e0ce40620f55dba35e577e0d3480985454ba2495	8578
file	preflight-logs/selfcheck/collector-v10-test/adversary-bad_close_result.json	853bff7aed0be988d762618a75106e802b811e54e67e04771d2afcc7a4795714	8579
file	preflight-logs/selfcheck/collector-v10-test/adversary-bad_command.json	ab883464b48d189c628059fedf058a5b18d19fecd0f57a73d18cc7d79cf47aa5	8589
file	preflight-logs/selfcheck/collector-v10-test/adversary-bad_enum.json	af9a59dd24e1ff33ffe33e0a99a245ef5c9894f103b0fc3462fa060f5d07d0f6	8569
file	preflight-logs/selfcheck/collector-v10-test/adversary-bad_exception.json	be50a2718f388980fddd9faa5af339b2065a029280281ba970dd946acb0c6b65	8630
file	preflight-logs/selfcheck/collector-v10-test/adversary-bad_go.json	5bddde0d348cc47cb61e3656b240b88f10e001dd143a52fac8f853687f9671f0	8433
file	preflight-logs/selfcheck/collector-v10-test/adversary-bad_hash.json	2f8ec7a26bb545efc64563efecb7ca2b49e1c73ab7ae889937641aedc72ba2e5	8579
file	preflight-logs/selfcheck/collector-v10-test/adversary-bad_init_identity.json	b7681c20f18fc4b3da3f55b84e734301636bac03c42c9806c4cbc34c36c01c68	8579
file	preflight-logs/selfcheck/collector-v10-test/adversary-bad_interpreter.json	732cb4469963407d814a8714e952d67d7b95b6c4e95f79f5c53a4ecbc7656253	8573
file	preflight-logs/selfcheck/collector-v10-test/adversary-bad_launch.json	399364b8cbdbe343e5f2f30996aa60d1abed0536073df7fb52ce7c0ab826b644	8580
file	preflight-logs/selfcheck/collector-v10-test/adversary-bad_options.json	2d2a231a251b51079f9815fad0ad00603f83cbc40c04d94731a267336b85cc51	8503
file	preflight-logs/selfcheck/collector-v10-test/adversary-bad_path.json	0de8cb927fb37191d70bd51f2784dd9591223d691c16d8706da069e63a5daf1d	8573
file	preflight-logs/selfcheck/collector-v10-test/adversary-bad_preflight.json	b6f79156b71e81a4681034d203bbf1e938c81df39f62b7bf8ebbef270fe3c471	8580
file	preflight-logs/selfcheck/collector-v10-test/adversary-bad_proof.json	7188274039a30d605be9a5166586096710400a07f91ecfd42d0d172eebac8375	8580
file	preflight-logs/selfcheck/collector-v10-test/adversary-bad_quiet_numeric.json	14f088deff45c42f2c4f479fd93ea0a5c041bfff4c9d3d960599319a28e5378c	8570
file	preflight-logs/selfcheck/collector-v10-test/adversary-bad_ready.json	ce4a44e82e5195eace7d8b1fb880711d21cda07b5ca9f1948a6d962da4889566	8439
file	preflight-logs/selfcheck/collector-v10-test/adversary-bad_reap.json	b7e0c057b516a803ecf2d3d72fa3bc70d1b294b0f24e070c48d8376e29663875	8579
file	preflight-logs/selfcheck/collector-v10-test/adversary-bad_suffix.json	161b94352862b00fb6535c563ba44e6252be198fa31eccec39379f4baf67a306	8589
file	preflight-logs/selfcheck/collector-v10-test/adversary-bad_terminal.json	7d2706a5ae1aae6216375bf554a3f24b923ca377dfcce7584d22216c3da74b90	8580
file	preflight-logs/selfcheck/collector-v10-test/adversary-bad_version.json	209e2fad01b928b7ffc64105b9fc5a103bd7279b240310d0d5c9d85c492d4393	8555
file	preflight-logs/selfcheck/collector-v10-test/adversary-cancellation_extra_suffix.json	57cd057b94db01f7413f2668ec6421bc7bf8308832a2241e35aa4ed2c6c24879	8729
file	preflight-logs/selfcheck/collector-v10-test/adversary-cancellation_wrong_signal.json	580aeeafc54adf2b9d69bb8a758163717c80ee6d22a290b2981164e5a477c653	8723
file	preflight-logs/selfcheck/collector-v10-test/adversary-duplicate.json	ad9fb37f5b676001da24976893cd1a77d6b8e87a3151486db35bc8d4d3cacd8d	8601
file	preflight-logs/selfcheck/collector-v10-test/adversary-exit_mismatch.json	61d69fc9756a541f20eea5a056c5e96fcde1b4f8c684710865599a76a59b9a47	8579
file	preflight-logs/selfcheck/collector-v10-test/adversary-extra.json	c0173afbb599d0597ee839df25958a7503ddda9774463ce258e887934eda7f29	8595
file	preflight-logs/selfcheck/collector-v10-test/adversary-forged_bootstrap_program.json	0c1dc03dd81b32d47b784b5a34d4cbe2fec34cd966ab9d467b6a6d11e46467fd	8468
file	preflight-logs/selfcheck/collector-v10-test/adversary-infinity.json	c7d22382aab4f0b75ee0a4bbb8199aa61e45010dc3b60a4f5012f62d659af951	8608
file	preflight-logs/selfcheck/collector-v10-test/adversary-malformed.json	5715ea11351f96c1faee52d83ceb8edf41612427a452f7acc780b6bc05072500	10
file	preflight-logs/selfcheck/collector-v10-test/adversary-missing_field.json	fad549e1462340db61383b06a08f7d38639f8d55b7ce99e5310a9208ac5b04ed	8384
file	preflight-logs/selfcheck/collector-v10-test/adversary-missing_preflight.json	2afd1eda65e4b84d93e9c086aaadfa8afcc85264de6c0e175dad261068d71593	5800
file	preflight-logs/selfcheck/collector-v10-test/adversary-nan.json	07154b7c99ac02ea459935653f528e1a5e9df8f1943d9cc46e71dea145636f82	8603
file	preflight-logs/selfcheck/collector-v10-test/adversary-neg_infinity.json	8b872ac7f5e4018f017f21d5fd0a292367801a0cbf70bbb63b75c7c4d9ef1ce6	8609
file	preflight-logs/selfcheck/collector-v10-test/adversary-negative_elapsed.json	60c78b143dc3bc32e53b8697d3307507b6bedbb7daa5fb73ecbbdbe0b97fa318	8570
file	preflight-logs/selfcheck/collector-v10-test/adversary-nested_extra.json	06586ac3ce4ae4fc3b93683f37b463dcafd5971853bf60420e40ad58befaf4cc	8595
file	preflight-logs/selfcheck/collector-v10-test/adversary-priority_containment_degradation.json	fe09c23b86fd90d039ad4f2a38c33c051f00d17664c232234c0ec610763ee6fe	8587
file	preflight-logs/selfcheck/collector-v10-test/adversary-priority_containment_exception.json	32ff8a1ec7241ce458c8e740785d4a813e98b9463cbb6abc44ea1fad36262037	8631
file	preflight-logs/selfcheck/collector-v10-test/adversary-priority_containment_nonzero.json	87ba0cb9c597bbb9e6f5c7021390726759c83c24ef1e2d77f016f5b38723998c	8580
file	preflight-logs/selfcheck/collector-v10-test/adversary-priority_containment_signal.json	7959be4cacb7247884e088e6f6344172a3145cbc7141eba76202f7e0bd50047a	8705
file	preflight-logs/selfcheck/collector-v10-test/adversary-priority_containment_success.json	74c13ebf5c902db5c863f14ffe05d70c0b5c2e7f0e3f0e510ee996763531f051	8580
file	preflight-logs/selfcheck/collector-v10-test/adversary-priority_containment_timeout.json	6fe0ca5e08d57c0073e0a8607781981199c1356bd74f3265ef4e3c12b6195269	8579
file	preflight-logs/selfcheck/collector-v10-test/adversary-priority_degradation_exception.json	b74287c62bb9966d5611cfd501f8b63396d082501369402954890f4a0509434e	8637
file	preflight-logs/selfcheck/collector-v10-test/adversary-priority_degradation_nonzero.json	bd6941d711eb9a571f85446759214785506f01ea4b17f2f6787eaddc56137809	8586
file	preflight-logs/selfcheck/collector-v10-test/adversary-priority_degradation_signal.json	10bc9a83a5f1ffa11b61487acee08d6f1724b436de8ddba9cca43138fa41cb96	8711
file	preflight-logs/selfcheck/collector-v10-test/adversary-priority_degradation_success.json	7a805733e17b02cca4153154dfd90504c8b6d6685e9a4b71cefb057a1538b7a3	8586
file	preflight-logs/selfcheck/collector-v10-test/adversary-priority_degradation_timeout.json	2357b219c1c82cb74028917695a3fdafaa969b2e697e9ddf399b872d1090fb6c	8585
file	preflight-logs/selfcheck/collector-v10-test/adversary-priority_exception_nonzero.json	63a05c2cc3d21dffa29bfc32a8f551528046a3c15f2c41a888c9ef4a73cd9c84	8630
file	preflight-logs/selfcheck/collector-v10-test/adversary-priority_exception_success.json	be50a2718f388980fddd9faa5af339b2065a029280281ba970dd946acb0c6b65	8630
file	preflight-logs/selfcheck/collector-v10-test/adversary-priority_exception_timeout.json	ce9bd05e1738e3d17698d87f62106de9dff64de8b0e6dbba04410b7e072868eb	8629
file	preflight-logs/selfcheck/collector-v10-test/adversary-priority_exception_timeout_nonzero.json	f21f12d05c8ef0c1ba29d730f075fd02ea328ab090712cdcbf019f446eb0c98d	8629
file	preflight-logs/selfcheck/collector-v10-test/adversary-priority_nonzero_success.json	e2e52999e4cfb22629223067f778aac8f99f438559ca645574e20ea198591ad4	8579
file	preflight-logs/selfcheck/collector-v10-test/adversary-priority_signal_exception.json	03988a940afdc91909b6d6aa3484e574892fcc387a75a71f2fb890354f66d3cd	8755
file	preflight-logs/selfcheck/collector-v10-test/adversary-priority_signal_exception_timeout_nonzero.json	c495cebe07811fb71a7e66b33dceb75d3cebb02b6668b62263f8e57edf2e1cc2	8754
file	preflight-logs/selfcheck/collector-v10-test/adversary-priority_signal_nonzero.json	c33031ff2d9c2289a573eb845f2179ecac89f5bd0eab2e847c546221dadbf693	8704
file	preflight-logs/selfcheck/collector-v10-test/adversary-priority_signal_success.json	21bf9c7ac37ee3603321d764cc0f5050e13cf46692fece3980b45c19ec5ea97a	8704
file	preflight-logs/selfcheck/collector-v10-test/adversary-priority_signal_timeout.json	206650d45be25ab9e4458f3f13497a0e5da9d1ea8db22f71be6c458df8bdeac3	8703
file	preflight-logs/selfcheck/collector-v10-test/adversary-priority_timeout_nonzero.json	b2455bfb78cf4e6f1a80ac9c11b3e8d740187f416234c8bd35553ce12987625b	8578
file	preflight-logs/selfcheck/collector-v10-test/adversary-priority_timeout_success.json	7948dc7fe1868aaf219e0eee37586ff3b4285ef62a39ee7d77c4852d74ed792a	8578
file	preflight-logs/selfcheck/collector-v10-test/adversary-signal_number_bool.json	1b3bfe313cdaa72e6d4508cce25a160f7cf9beca62347a41e05ef09e9f186b2e	8707
file	preflight-logs/selfcheck/collector-v10-test/adversary-signal_number_float.json	9078002755f66baddbe22bd2679876b648979fe16073530b957e5ad43e4a3464	8706
file	preflight-logs/selfcheck/collector-v10-test/adversary-signal_sequence_bool.json	4bc968723f98a3352bad2c30a38307680c2876a91aba4efa077c5cc0c76de50e	8707
file	preflight-logs/selfcheck/collector-v10-test/adversary-signal_sequence_float.json	c6ea45877a9b32a1635d3bda18743bca333bf0f5dbc8472d7f65b8521dfbd65d	8706
file	preflight-logs/selfcheck/collector-v10-test/adversary-signal_status_bool.json	ff46a07fca7aa6dcc9d538904710b146f7ce42612e46d0853446834042c176ec	8705
file	preflight-logs/selfcheck/collector-v10-test/adversary-signal_status_float.json	edd91fd69183dea6402cf446a053bdd55da1a75a0cf7f5e55f5222dae95074dc	8706
file	preflight-logs/selfcheck/collector-v10-test/adversary-strict_integer__namespace_identity_pid__bool.json	9bd180254c6e654a9eae9c313f553202071a586177fe5d775ea3725a523ac7d0	8580
file	preflight-logs/selfcheck/collector-v10-test/adversary-strict_integer__namespace_identity_pid__float.json	253771f97ad57df726ef3f6d0a9197fb4109b98c33e232b472bcb858e11b267c	8581
file	preflight-logs/selfcheck/collector-v10-test/adversary-strict_integer__namespace_identity_starttime__bool.json	b87f165cbd847e549db2a2c1b0533e341f2796522b8ee1eb3550f0e0506a5740	8574
file	preflight-logs/selfcheck/collector-v10-test/adversary-strict_integer__namespace_identity_starttime__float.json	d7b74110b98d15e8d3b81482b3b73845ccf70fb3e401ddba07586a77e03315ee	8581
file	preflight-logs/selfcheck/collector-v10-test/adversary-strict_integer__original_pgid__bool.json	31074ef6834b2b7a0dd92748b646b5dfcde72365b4df9c34dd6675d4cfcbfec7	8580
file	preflight-logs/selfcheck/collector-v10-test/adversary-strict_integer__original_pgid__float.json	4b1bf9fd205bde74e1d5eb30f578121d410fa0b7487a489cad592b5d9198544e	8581
file	preflight-logs/selfcheck/collector-v10-test/adversary-strict_integer__preflight_identity_pid__bool.json	c105c2ebee424a34c7e6634a42aaee2cc4f4f4f2382be74fdc8581bbdd374bff	8580
file	preflight-logs/selfcheck/collector-v10-test/adversary-strict_integer__preflight_identity_pid__float.json	d5791f21c88d60cab7913ca1d5e69fd4e2e4d03eb2b1d16b1cc1eb956f494a35	8581
file	preflight-logs/selfcheck/collector-v10-test/adversary-strict_integer__preflight_identity_starttime__bool.json	537fd5b070504c01d7e8078a179f2df03ee609cadc4f7647d2cb96da5e45803f	8574
file	preflight-logs/selfcheck/collector-v10-test/adversary-strict_integer__preflight_identity_starttime__float.json	52cf908fbbf441291fe9db17f8e1a0038d2d52af5756b51880071eb0fe23c87c	8581
file	preflight-logs/selfcheck/collector-v10-test/adversary-strict_integer__preflight_protocol_version__bool.json	2cea2f023385c78ba9e3b00c55fdc92107fbd4084eac6f62a9e6c0e93089d8ca	8582
file	preflight-logs/selfcheck/collector-v10-test/adversary-strict_integer__preflight_protocol_version__float.json	b55fd9baa106cafb1a717783889e5a8b65bae0857c234714ea4b04aab85ad0e0	8581
file	preflight-logs/selfcheck/collector-v10-test/adversary-strict_integer__protocol_version__bool.json	3fb814b6e82843d51a9d26b132991d896493e492acd62dda596b83b94df95e1e	8581
file	preflight-logs/selfcheck/collector-v10-test/adversary-strict_integer__protocol_version__float.json	bf92f865994ea7b5f594cfece93dd81e2a744f4e7f6fb2fd10836ce6fe1765ef	8581
file	preflight-logs/selfcheck/collector-v10-test/adversary-strict_integer__quiet_empty_proofs__bool.json	55bdb875614cc1a568ba2f350e3f0e2c536fc9751801dddc36ff07c1a8543ee3	8582
file	preflight-logs/selfcheck/collector-v10-test/adversary-strict_integer__quiet_empty_proofs__float.json	312156d164e572a80e6a21a29a8aad42331b6e9bc525b84536a50fe592d8c47c	8581
file	preflight-logs/selfcheck/collector-v10-test/adversary-strict_integer__readiness_namespace_pid__bool.json	cb87aed4e7483a8276be6f84b03bca7aaeca6aeece714e3a5993ff983278b1df	8582
file	preflight-logs/selfcheck/collector-v10-test/adversary-strict_integer__readiness_namespace_pid__float.json	e8114b41ec84ae44b0082866d178915cb6c038509a393a9249a16219da71b56a	8581
file	preflight-logs/selfcheck/collector-v10-test/adversary-strict_integer__readiness_pid_namespace_inode__bool.json	076584a7cd2d8f3cc2d93257913cba4da7f03f91c329e81c0844e3f8d6dee96a	8573
file	preflight-logs/selfcheck/collector-v10-test/adversary-strict_integer__readiness_pid_namespace_inode__float.json	40d26180e3e0a538fbefac4546af80174a260d41df8c124aab88ba3a39c4b421	8581
file	preflight-logs/selfcheck/collector-v10-test/adversary-strict_integer__readiness_protocol_version__bool.json	a2780da7825d53d1444ede6a3c0c6e1ea97f5585ef868d06c6eb9a378f152fd4	8582
file	preflight-logs/selfcheck/collector-v10-test/adversary-strict_integer__readiness_protocol_version__float.json	aa326a2d3079ff2efd4c288161768a6c92f14ef58ef9f59cc47e8c4120a6e32c	8581
file	preflight-logs/selfcheck/collector-v10-test/adversary-strict_integer__reap_identity_pid__bool.json	d58e731789c1d0dd4978a7f149d656fa47f5dcb0f9e4bc1baa77904b8de7eb51	8580
file	preflight-logs/selfcheck/collector-v10-test/adversary-strict_integer__reap_identity_pid__float.json	f2367603ef5f49de1b84e1c0a9aab1063c508f050e91fb2588b84c607e45c775	8581
file	preflight-logs/selfcheck/collector-v10-test/adversary-strict_integer__reap_identity_starttime__bool.json	33df2099392e52b65f71adb7ece7da2cd6e66a4500e462b70a475d5e6df9ea3b	8574
file	preflight-logs/selfcheck/collector-v10-test/adversary-strict_integer__reap_identity_starttime__float.json	78da8eecad49ee3527938abf80c9fa565050054567cf3edbfc5cd07a5b1ec743	8581
file	preflight-logs/selfcheck/collector-v10-test/adversary-strict_integer__reap_returncode__bool.json	96c7bf569b6477913ac7df1e19c99a7fd71912bb3e907d49cfe83f168e596cd8	8583
file	preflight-logs/selfcheck/collector-v10-test/adversary-strict_integer__reap_returncode__float.json	972432193a78ce0839f31ec91d0db3064ec2b0d76d5132cb69bd0e658e1ea029	8581
file	preflight-logs/selfcheck/collector-v10-test/adversary-strict_integer__requested_outer_status__bool.json	61a811698e008cc080b4ed2b1d5d26957e561455ffc037ed2d83c3552a0450ae	8705
file	preflight-logs/selfcheck/collector-v10-test/adversary-strict_integer__requested_outer_status__float.json	ff10f20f7278b26899ba10d978141148a1daa9828d0c3ab2a3541327a4437a5f	8706
file	preflight-logs/selfcheck/collector-v10-test/adversary-strict_integer__requested_signal_requested_status__bool.json	ff46a07fca7aa6dcc9d538904710b146f7ce42612e46d0853446834042c176ec	8705
file	preflight-logs/selfcheck/collector-v10-test/adversary-strict_integer__requested_signal_requested_status__float.json	edd91fd69183dea6402cf446a053bdd55da1a75a0cf7f5e55f5222dae95074dc	8706
file	preflight-logs/selfcheck/collector-v10-test/adversary-strict_integer__requested_signal_sequence__bool.json	4bc968723f98a3352bad2c30a38307680c2876a91aba4efa077c5cc0c76de50e	8707
file	preflight-logs/selfcheck/collector-v10-test/adversary-strict_integer__requested_signal_sequence__float.json	c6ea45877a9b32a1635d3bda18743bca333bf0f5dbc8472d7f65b8521dfbd65d	8706
file	preflight-logs/selfcheck/collector-v10-test/adversary-strict_integer__requested_signal_signal_number__bool.json	1b3bfe313cdaa72e6d4508cce25a160f7cf9beca62347a41e05ef09e9f186b2e	8707
file	preflight-logs/selfcheck/collector-v10-test/adversary-strict_integer__requested_signal_signal_number__float.json	9078002755f66baddbe22bd2679876b648979fe16073530b957e5ad43e4a3464	8706
file	preflight-logs/selfcheck/collector-v10-test/adversary-strict_integer__scan_identity_pid__bool.json	ba3738a4145b09ba8c6d4cb32bf565ba7c7ce2351fcc3eec34cb3ee429640985	8680
file	preflight-logs/selfcheck/collector-v10-test/adversary-strict_integer__scan_identity_pid__float.json	62fcc4766265a7f3c06fa1c6be47ba82704a5833704c185d409359d6acb7db02	8681
file	preflight-logs/selfcheck/collector-v10-test/adversary-strict_integer__scan_identity_starttime__bool.json	c05032796eb75f9f766b53683bd5750bbfe32165e3ca4cd4c65fbb3cdb41595f	8674
file	preflight-logs/selfcheck/collector-v10-test/adversary-strict_integer__scan_identity_starttime__float.json	d38b333fa150270830156c79eb5a73060e1672aea8bb3240ec35e2aaad4a9344	8681
file	preflight-logs/selfcheck/collector-v10-test/adversary-strict_integer__signal_identity_pid__bool.json	81d44082aef6186ade1f4bb3a30cb89a383467216c06781bb572e8a610afc678	8774
file	preflight-logs/selfcheck/collector-v10-test/adversary-strict_integer__signal_identity_pid__float.json	190c13bbfa06aa26c13eacc6cbf7595ef7f76a206fde529f2f32a81d2dbeb578	8775
file	preflight-logs/selfcheck/collector-v10-test/adversary-strict_integer__signal_identity_starttime__bool.json	42ba9d1a4df7b682925430f6fb61011c491f7d5c2b297bbee0c914c5c67cf328	8768
file	preflight-logs/selfcheck/collector-v10-test/adversary-strict_integer__signal_identity_starttime__float.json	e6aa1d3fe77b56439ddf40f22761122ce7a294a52db06db270b0df1c645fa2bf	8775
file	preflight-logs/selfcheck/collector-v10-test/adversary-strict_integer__signal_number__bool.json	61323cf9487ac7cf8f62552d5306958219202aa1bf683998e9116231506362aa	8771
file	preflight-logs/selfcheck/collector-v10-test/adversary-strict_integer__signal_number__float.json	7fc92225bd90a8aaa012678821e0df79395e3a3edef646e54a10908ae741f6f8	8771
file	preflight-logs/selfcheck/collector-v10-test/adversary-strict_integer__signal_target_pgid__bool.json	1018c10b5b5963ba1f4d6e27c63f1a464ff1f5aabfcb2bf71aff4bfdae866ac6	8770
file	preflight-logs/selfcheck/collector-v10-test/adversary-strict_integer__signal_target_pgid__float.json	74d30baa6300d547d7c2d69514486052dc0326f2704486485240bf46592ede0d	8771
file	preflight-logs/selfcheck/collector-v10-test/adversary-strict_integer__supervisor_return_status__bool.json	f24d449a48fc260d8ecde4199c6685ef7a0e08d6ed42f8bcee414be7592a4dda	8583
file	preflight-logs/selfcheck/collector-v10-test/adversary-strict_integer__supervisor_return_status__float.json	4f6c982e5dec27d9deb577148aa1d5dfacc4e09fb52d3ce24e5b88d8885c40a3	8581
file	preflight-logs/selfcheck/collector-v10-test/adversary-strict_integer__wrapper_identity_pid__bool.json	f696122612e27d87c081fc7dd7abbb27060f0d6d3448ce143692dac13c8529ad	8580
file	preflight-logs/selfcheck/collector-v10-test/adversary-strict_integer__wrapper_identity_pid__float.json	1e28b8eabfba12366f96de70da84875eafc5d1da79286bf70331b884bafdf5ec	8581
file	preflight-logs/selfcheck/collector-v10-test/adversary-strict_integer__wrapper_identity_starttime__bool.json	0df96fa2792fd3cac0999cdc13ed7eb3796f2cc9cc6e0995cc14c52295f62ed1	8574
file	preflight-logs/selfcheck/collector-v10-test/adversary-strict_integer__wrapper_identity_starttime__float.json	240349face9eaf84fc38840acbcca32e02cfb50e4f205842ea11e4f96965ee30	8581
file	preflight-logs/selfcheck/collector-v10-test/adversary-strict_integer__wrapper_returncode__bool.json	ba214db27a37458bdb6b0e33d92d565de135f19079345cb540b0285cd1e45ff1	8583
file	preflight-logs/selfcheck/collector-v10-test/adversary-strict_integer__wrapper_returncode__float.json	9aa72d69de964f157c42c1a55c649c9a9cddbc5085523fab447ad5997eb1aced	8581
file	preflight-logs/selfcheck/collector-v10-test/adversary-telemetry_fault.json	4f448942ca134895aa41bf7a67f4049cd02309ee0945fe9d6408a4c823a7fd7a	8587
file	preflight-logs/selfcheck/collector-v10-test/adversary-telemetry_scan.json	eb139fcdb38ed7ff3db7a98d047f0fe5b904f82f1c2dd10a98cad9097b169207	8576
file	preflight-logs/selfcheck/collector-v10-test/adversary-truncated.json	143cef6e47b57c4ee0a605e59ac5651f840924fa7c50a8351ce520227d4b7f00	19
file	preflight-logs/selfcheck/collector-v10-test/adversary-wrong_type.json	75867a4d23f3657b5e1a5d578cf84e8e2642a02650d178431c3bab529b43cdc4	8581
directory	preflight-logs/selfcheck/collector-v10-test/audit-int	-	0
file	preflight-logs/selfcheck/collector-v10-test/audit-int-result.json	5544a7e1b1f8341f7210501401b5ad9dcd8c13c21c0dd79a705049313860f0be	16
directory	preflight-logs/selfcheck/collector-v10-test/audit-int/audits	-	0
file	preflight-logs/selfcheck/collector-v10-test/audit-int/audits/final-artifacts.tsv	07da53e6ddfcfadb97242fe031bc48a6b9361ca703d69f4d1443fa879e5a6a3d	28
file	preflight-logs/selfcheck/collector-v10-test/audit-int/audits/final-endpoint.txt	4de3fd1d1eeb08dd7976b911c02a38dba961cf2c27f9341b2c79ae214af5af25	13
file	preflight-logs/selfcheck/collector-v10-test/audit-int/final-status.txt	67200936f89e9c54b83f94777ca75b11566c28db927b9bea3e887ecd03767a0d	748
file	preflight-logs/selfcheck/collector-v10-test/audit-int/finalization-order.txt	03ad30618a52f1f535ed2a1fe167b029cca0bad0728bb66c7865c3445e1d5473	185
directory	preflight-logs/selfcheck/collector-v10-test/audit-int/hooks	-	0
file	preflight-logs/selfcheck/collector-v10-test/audit-int/hooks/artifact_audit.ready	ed1a545bb85e55816bbf9566b028b2a0bc456b88f49f6f266c0401048824194b	6
file	preflight-logs/selfcheck/collector-v10-test/audit-int/hooks/artifact_audit.release	3933e3274b63dc01fd286d6d939a626867c83a4603fc4347e0f8b8856f1b98fd	8
file	preflight-logs/selfcheck/collector-v10-test/audit-int/outer-signals.json	0944b4e836ea1c20f9229d3ad8f52642900e17a8df9525dfba542c5ab9f51680	391
directory	preflight-logs/selfcheck/collector-v10-test/audit-int/raw	-	0
file	preflight-logs/selfcheck/collector-v10-test/audit-int/raw.seal.sha256	fef3b6f470010b2b4588d1ef03a6d19c6c4b6006a1d643c983f656874988da53	795
directory	preflight-logs/selfcheck/collector-v10-test/audit-int/raw/preflight	-	0
file	preflight-logs/selfcheck/collector-v10-test/audit-int/raw/preflight.session-ready	39feceb2eced7e3165a8f7f40852708b835f274d4ff94896baface7efca6a52d	109
file	preflight-logs/selfcheck/collector-v10-test/audit-int/raw/preflight.session-ready.go	c2fc355f2b52e01ea670dc8b27f1c8f3a268d68b4b399a0cf91544cb975792df	3
file	preflight-logs/selfcheck/collector-v10-test/audit-int/raw/preflight/fixture.endpoints	2eadd75476b6a4eeba05e3eacf1d3a539e6464e756c068236a5e477c1ef8769b	27
file	preflight-logs/selfcheck/collector-v10-test/audit-int/raw/preflight/init.go	c2fc355f2b52e01ea670dc8b27f1c8f3a268d68b4b399a0cf91544cb975792df	3
file	preflight-logs/selfcheck/collector-v10-test/audit-int/raw/preflight/init.ready	fcce5a7e838ce7dccfb11a0f7ea2b2de5a88214be1c7fe3a7c540e611f597c0a	109
file	preflight-logs/selfcheck/collector-v10-test/audit-int/raw/stderr	e3b0c44298fc1c149afbf4c8996fb92427ae41e4649b934ca495991b7852b855	0
file	preflight-logs/selfcheck/collector-v10-test/audit-int/raw/stdout	e3b0c44298fc1c149afbf4c8996fb92427ae41e4649b934ca495991b7852b855	0
file	preflight-logs/selfcheck/collector-v10-test/audit-int/raw/supervisor.json	20bb35d1fc655f10f07e68f3a2fec722b9a12eed2cbe2e30870cb0a74a842a23	8604
file	preflight-logs/selfcheck/collector-v10-test/audit-int/raw/supervisor.ready	ed1a545bb85e55816bbf9566b028b2a0bc456b88f49f6f266c0401048824194b	6
directory	preflight-logs/selfcheck/collector-v10-test/audit-int/tmp	-	0
directory	preflight-logs/selfcheck/collector-v10-test/copy-reference	-	0
directory	preflight-logs/selfcheck/collector-v10-test/copy-reference/audits	-	0
file	preflight-logs/selfcheck/collector-v10-test/copy-reference/audits/reference.tsv	1995f6340b7cf81bee0932ef5de1ff1f18f7b3472864a44873104fa73cbb67e0	73879
directory	preflight-logs/selfcheck/collector-v10-test/copy-reference/tmp	-	0
directory	preflight-logs/selfcheck/collector-v10-test/copy-work	-	0
directory	preflight-logs/selfcheck/collector-v10-test/copy-work/audits	-	0
file	preflight-logs/selfcheck/collector-v10-test/copy-work/audits/final-artifacts.tsv	1995f6340b7cf81bee0932ef5de1ff1f18f7b3472864a44873104fa73cbb67e0	73879
file	preflight-logs/selfcheck/collector-v10-test/copy-work/audits/final-endpoint.txt	4de3fd1d1eeb08dd7976b911c02a38dba961cf2c27f9341b2c79ae214af5af25	13
file	preflight-logs/selfcheck/collector-v10-test/copy-work/final-status.txt	9fbef3baef79a338104aa9e8adaaade4b09aa535baa3dd95ca47c4631ae3eb0c	745
file	preflight-logs/selfcheck/collector-v10-test/copy-work/finalization-order.txt	03ad30618a52f1f535ed2a1fe167b029cca0bad0728bb66c7865c3445e1d5473	185
directory	preflight-logs/selfcheck/collector-v10-test/copy-work/hooks	-	0
file	preflight-logs/selfcheck/collector-v10-test/copy-work/outer-signals.json	4fb60ad7e50f3d3e74be335a9587702917d201cd33bc8e170399e8741bb33273	199
directory	preflight-logs/selfcheck/collector-v10-test/copy-work/raw	-	0
file	preflight-logs/selfcheck/collector-v10-test/copy-work/raw.seal.sha256	82849be35d8dd930d7e9020096740cc0cba121c384b4296940f3ec55812be988	795
directory	preflight-logs/selfcheck/collector-v10-test/copy-work/raw/preflight	-	0
file	preflight-logs/selfcheck/collector-v10-test/copy-work/raw/preflight.session-ready	39feceb2eced7e3165a8f7f40852708b835f274d4ff94896baface7efca6a52d	109
file	preflight-logs/selfcheck/collector-v10-test/copy-work/raw/preflight.session-ready.go	c2fc355f2b52e01ea670dc8b27f1c8f3a268d68b4b399a0cf91544cb975792df	3
file	preflight-logs/selfcheck/collector-v10-test/copy-work/raw/preflight/fixture.endpoints	2eadd75476b6a4eeba05e3eacf1d3a539e6464e756c068236a5e477c1ef8769b	27
file	preflight-logs/selfcheck/collector-v10-test/copy-work/raw/preflight/init.go	c2fc355f2b52e01ea670dc8b27f1c8f3a268d68b4b399a0cf91544cb975792df	3
file	preflight-logs/selfcheck/collector-v10-test/copy-work/raw/preflight/init.ready	fcce5a7e838ce7dccfb11a0f7ea2b2de5a88214be1c7fe3a7c540e611f597c0a	109
file	preflight-logs/selfcheck/collector-v10-test/copy-work/raw/stderr	e3b0c44298fc1c149afbf4c8996fb92427ae41e4649b934ca495991b7852b855	0
file	preflight-logs/selfcheck/collector-v10-test/copy-work/raw/stdout	e3b0c44298fc1c149afbf4c8996fb92427ae41e4649b934ca495991b7852b855	0
file	preflight-logs/selfcheck/collector-v10-test/copy-work/raw/supervisor.json	2045925ccc384c0590c76f143aec991efdd82d9d4bf46ebaadf4e6bcaa010eec	8820
file	preflight-logs/selfcheck/collector-v10-test/copy-work/raw/supervisor.ready	ed1a545bb85e55816bbf9566b028b2a0bc456b88f49f6f266c0401048824194b	6
directory	preflight-logs/selfcheck/collector-v10-test/copy-work/tmp	-	0
directory	preflight-logs/selfcheck/collector-v10-test/endpoint-term	-	0
file	preflight-logs/selfcheck/collector-v10-test/endpoint-term-result.json	4aeec560b1c99c5f79c0e4a7e9121a60ee08534d4fc2e045909073ff5de71b47	16
directory	preflight-logs/selfcheck/collector-v10-test/endpoint-term/audits	-	0
file	preflight-logs/selfcheck/collector-v10-test/endpoint-term/audits/final-artifacts.tsv	07da53e6ddfcfadb97242fe031bc48a6b9361ca703d69f4d1443fa879e5a6a3d	28
file	preflight-logs/selfcheck/collector-v10-test/endpoint-term/audits/final-endpoint.txt	4de3fd1d1eeb08dd7976b911c02a38dba961cf2c27f9341b2c79ae214af5af25	13
file	preflight-logs/selfcheck/collector-v10-test/endpoint-term/final-status.txt	7a78dce7624e76cc657bf47206e3253a6552820a09cb336eff6fefea4886ccee	753
file	preflight-logs/selfcheck/collector-v10-test/endpoint-term/finalization-order.txt	03ad30618a52f1f535ed2a1fe167b029cca0bad0728bb66c7865c3445e1d5473	185
directory	preflight-logs/selfcheck/collector-v10-test/endpoint-term/hooks	-	0
file	preflight-logs/selfcheck/collector-v10-test/endpoint-term/hooks/process_audit.ready	ed1a545bb85e55816bbf9566b028b2a0bc456b88f49f6f266c0401048824194b	6
file	preflight-logs/selfcheck/collector-v10-test/endpoint-term/hooks/process_audit.release	3933e3274b63dc01fd286d6d939a626867c83a4603fc4347e0f8b8856f1b98fd	8
file	preflight-logs/selfcheck/collector-v10-test/endpoint-term/outer-signals.json	bc5fc1348099b0fd2a0a9f8200ba6aa1602fe21988adff9a82615e7d70979dfd	392
directory	preflight-logs/selfcheck/collector-v10-test/endpoint-term/raw	-	0
file	preflight-logs/selfcheck/collector-v10-test/endpoint-term/raw.seal.sha256	a14a5d65b351c64aee18aef2517f17be207f13056244bf29e3b275f3ee693e45	795
directory	preflight-logs/selfcheck/collector-v10-test/endpoint-term/raw/preflight	-	0
file	preflight-logs/selfcheck/collector-v10-test/endpoint-term/raw/preflight.session-ready	39feceb2eced7e3165a8f7f40852708b835f274d4ff94896baface7efca6a52d	109
file	preflight-logs/selfcheck/collector-v10-test/endpoint-term/raw/preflight.session-ready.go	c2fc355f2b52e01ea670dc8b27f1c8f3a268d68b4b399a0cf91544cb975792df	3
file	preflight-logs/selfcheck/collector-v10-test/endpoint-term/raw/preflight/fixture.endpoints	2eadd75476b6a4eeba05e3eacf1d3a539e6464e756c068236a5e477c1ef8769b	27
file	preflight-logs/selfcheck/collector-v10-test/endpoint-term/raw/preflight/init.go	c2fc355f2b52e01ea670dc8b27f1c8f3a268d68b4b399a0cf91544cb975792df	3
file	preflight-logs/selfcheck/collector-v10-test/endpoint-term/raw/preflight/init.ready	fcce5a7e838ce7dccfb11a0f7ea2b2de5a88214be1c7fe3a7c540e611f597c0a	109
file	preflight-logs/selfcheck/collector-v10-test/endpoint-term/raw/stderr	e3b0c44298fc1c149afbf4c8996fb92427ae41e4649b934ca495991b7852b855	0
file	preflight-logs/selfcheck/collector-v10-test/endpoint-term/raw/stdout	e3b0c44298fc1c149afbf4c8996fb92427ae41e4649b934ca495991b7852b855	0
file	preflight-logs/selfcheck/collector-v10-test/endpoint-term/raw/supervisor.json	bead5cdaddd40dbd8879bed10ab400d3fe3c8a579790cb8ecb6f935c1a732f32	8632
file	preflight-logs/selfcheck/collector-v10-test/endpoint-term/raw/supervisor.ready	ed1a545bb85e55816bbf9566b028b2a0bc456b88f49f6f266c0401048824194b	6
directory	preflight-logs/selfcheck/collector-v10-test/endpoint-term/tmp	-	0
directory	preflight-logs/selfcheck/collector-v10-test/fsync_dir_artifact_output	-	0
file	preflight-logs/selfcheck/collector-v10-test/fsync_dir_artifact_output.collector.stderr	bd3ee33520a1fae3a1b203551991f438a17fd341588e9a0ab8cf53baad19e822	81
file	preflight-logs/selfcheck/collector-v10-test/fsync_dir_artifact_output.collector.stdout	e3b0c44298fc1c149afbf4c8996fb92427ae41e4649b934ca495991b7852b855	0
directory	preflight-logs/selfcheck/collector-v10-test/fsync_dir_artifact_output/audits	-	0
file	preflight-logs/selfcheck/collector-v10-test/fsync_dir_artifact_output/audits/final-artifacts.tsv	07da53e6ddfcfadb97242fe031bc48a6b9361ca703d69f4d1443fa879e5a6a3d	28
file	preflight-logs/selfcheck/collector-v10-test/fsync_dir_artifact_output/audits/final-endpoint.txt	4de3fd1d1eeb08dd7976b911c02a38dba961cf2c27f9341b2c79ae214af5af25	13
file	preflight-logs/selfcheck/collector-v10-test/fsync_dir_artifact_output/final-status.txt	7c8f8c29d9122a29d20245b9978a2b90aba05227687b83654863beea0454accd	832
file	preflight-logs/selfcheck/collector-v10-test/fsync_dir_artifact_output/finalization-order.txt	03ad30618a52f1f535ed2a1fe167b029cca0bad0728bb66c7865c3445e1d5473	185
directory	preflight-logs/selfcheck/collector-v10-test/fsync_dir_artifact_output/hooks	-	0
file	preflight-logs/selfcheck/collector-v10-test/fsync_dir_artifact_output/outer-signals.json	4fb60ad7e50f3d3e74be335a9587702917d201cd33bc8e170399e8741bb33273	199
directory	preflight-logs/selfcheck/collector-v10-test/fsync_dir_artifact_output/raw	-	0
file	preflight-logs/selfcheck/collector-v10-test/fsync_dir_artifact_output/raw.seal.sha256	0e8c936235b9c94471236c70e68e78e6a3dece8b83258dc75ceeb283876e9600	795
directory	preflight-logs/selfcheck/collector-v10-test/fsync_dir_artifact_output/raw/preflight	-	0
file	preflight-logs/selfcheck/collector-v10-test/fsync_dir_artifact_output/raw/preflight.session-ready	39feceb2eced7e3165a8f7f40852708b835f274d4ff94896baface7efca6a52d	109
file	preflight-logs/selfcheck/collector-v10-test/fsync_dir_artifact_output/raw/preflight.session-ready.go	c2fc355f2b52e01ea670dc8b27f1c8f3a268d68b4b399a0cf91544cb975792df	3
file	preflight-logs/selfcheck/collector-v10-test/fsync_dir_artifact_output/raw/preflight/fixture.endpoints	2eadd75476b6a4eeba05e3eacf1d3a539e6464e756c068236a5e477c1ef8769b	27
file	preflight-logs/selfcheck/collector-v10-test/fsync_dir_artifact_output/raw/preflight/init.go	c2fc355f2b52e01ea670dc8b27f1c8f3a268d68b4b399a0cf91544cb975792df	3
file	preflight-logs/selfcheck/collector-v10-test/fsync_dir_artifact_output/raw/preflight/init.ready	fcce5a7e838ce7dccfb11a0f7ea2b2de5a88214be1c7fe3a7c540e611f597c0a	109
file	preflight-logs/selfcheck/collector-v10-test/fsync_dir_artifact_output/raw/stderr	e3b0c44298fc1c149afbf4c8996fb92427ae41e4649b934ca495991b7852b855	0
file	preflight-logs/selfcheck/collector-v10-test/fsync_dir_artifact_output/raw/stdout	e3b0c44298fc1c149afbf4c8996fb92427ae41e4649b934ca495991b7852b855	0
file	preflight-logs/selfcheck/collector-v10-test/fsync_dir_artifact_output/raw/supervisor.json	8cf2a1be4256edaa68106a852cdcf82187634879a62f65a8d8a15c397d863d63	8716
file	preflight-logs/selfcheck/collector-v10-test/fsync_dir_artifact_output/raw/supervisor.ready	ed1a545bb85e55816bbf9566b028b2a0bc456b88f49f6f266c0401048824194b	6
directory	preflight-logs/selfcheck/collector-v10-test/fsync_dir_artifact_output/tmp	-	0
directory	preflight-logs/selfcheck/collector-v10-test/fsync_dir_final_status	-	0
file	preflight-logs/selfcheck/collector-v10-test/fsync_dir_final_status.collector.stderr	418e031f52fc87144454b60f551b55c956af73dae7134bf63de1dfb6ca3862fd	76
file	preflight-logs/selfcheck/collector-v10-test/fsync_dir_final_status.collector.stdout	e3b0c44298fc1c149afbf4c8996fb92427ae41e4649b934ca495991b7852b855	0
directory	preflight-logs/selfcheck/collector-v10-test/fsync_dir_final_status/audits	-	0
file	preflight-logs/selfcheck/collector-v10-test/fsync_dir_final_status/audits/final-artifacts.tsv	07da53e6ddfcfadb97242fe031bc48a6b9361ca703d69f4d1443fa879e5a6a3d	28
file	preflight-logs/selfcheck/collector-v10-test/fsync_dir_final_status/audits/final-endpoint.txt	4de3fd1d1eeb08dd7976b911c02a38dba961cf2c27f9341b2c79ae214af5af25	13
file	preflight-logs/selfcheck/collector-v10-test/fsync_dir_final_status/final-status.txt	552cc726793ec0f786e8cd18604913f9e23b829340ee06494a13c6cc06c691a1	824
file	preflight-logs/selfcheck/collector-v10-test/fsync_dir_final_status/finalization-order.txt	03ad30618a52f1f535ed2a1fe167b029cca0bad0728bb66c7865c3445e1d5473	185
directory	preflight-logs/selfcheck/collector-v10-test/fsync_dir_final_status/hooks	-	0
file	preflight-logs/selfcheck/collector-v10-test/fsync_dir_final_status/outer-signals.json	4fb60ad7e50f3d3e74be335a9587702917d201cd33bc8e170399e8741bb33273	199
directory	preflight-logs/selfcheck/collector-v10-test/fsync_dir_final_status/raw	-	0
file	preflight-logs/selfcheck/collector-v10-test/fsync_dir_final_status/raw.seal.sha256	2b20d8ec7dca8c0feab7a1c428146644b2eb2f780770f3d00117bae93a2416eb	795
directory	preflight-logs/selfcheck/collector-v10-test/fsync_dir_final_status/raw/preflight	-	0
file	preflight-logs/selfcheck/collector-v10-test/fsync_dir_final_status/raw/preflight.session-ready	39feceb2eced7e3165a8f7f40852708b835f274d4ff94896baface7efca6a52d	109
file	preflight-logs/selfcheck/collector-v10-test/fsync_dir_final_status/raw/preflight.session-ready.go	c2fc355f2b52e01ea670dc8b27f1c8f3a268d68b4b399a0cf91544cb975792df	3
file	preflight-logs/selfcheck/collector-v10-test/fsync_dir_final_status/raw/preflight/fixture.endpoints	2eadd75476b6a4eeba05e3eacf1d3a539e6464e756c068236a5e477c1ef8769b	27
file	preflight-logs/selfcheck/collector-v10-test/fsync_dir_final_status/raw/preflight/init.go	c2fc355f2b52e01ea670dc8b27f1c8f3a268d68b4b399a0cf91544cb975792df	3
file	preflight-logs/selfcheck/collector-v10-test/fsync_dir_final_status/raw/preflight/init.ready	fcce5a7e838ce7dccfb11a0f7ea2b2de5a88214be1c7fe3a7c540e611f597c0a	109
file	preflight-logs/selfcheck/collector-v10-test/fsync_dir_final_status/raw/stderr	e3b0c44298fc1c149afbf4c8996fb92427ae41e4649b934ca495991b7852b855	0
file	preflight-logs/selfcheck/collector-v10-test/fsync_dir_final_status/raw/stdout	e3b0c44298fc1c149afbf4c8996fb92427ae41e4649b934ca495991b7852b855	0
file	preflight-logs/selfcheck/collector-v10-test/fsync_dir_final_status/raw/supervisor.json	8f9cc16f8744320ae376712b54b3ed317486a3d7ecc61c000eb465da01f32a4a	8695
file	preflight-logs/selfcheck/collector-v10-test/fsync_dir_final_status/raw/supervisor.ready	ed1a545bb85e55816bbf9566b028b2a0bc456b88f49f6f266c0401048824194b	6
directory	preflight-logs/selfcheck/collector-v10-test/fsync_dir_final_status/tmp	-	0
directory	preflight-logs/selfcheck/collector-v10-test/fsync_dir_outer_signals	-	0
file	preflight-logs/selfcheck/collector-v10-test/fsync_dir_outer_signals.collector.stderr	d739bb48f550efb69184323b902f141b89b3814f35cced36880d5b1558e2edf2	78
file	preflight-logs/selfcheck/collector-v10-test/fsync_dir_outer_signals.collector.stdout	e3b0c44298fc1c149afbf4c8996fb92427ae41e4649b934ca495991b7852b855	0
directory	preflight-logs/selfcheck/collector-v10-test/fsync_dir_outer_signals/audits	-	0
file	preflight-logs/selfcheck/collector-v10-test/fsync_dir_outer_signals/audits/final-artifacts.tsv	07da53e6ddfcfadb97242fe031bc48a6b9361ca703d69f4d1443fa879e5a6a3d	28
file	preflight-logs/selfcheck/collector-v10-test/fsync_dir_outer_signals/audits/final-endpoint.txt	4de3fd1d1eeb08dd7976b911c02a38dba961cf2c27f9341b2c79ae214af5af25	13
file	preflight-logs/selfcheck/collector-v10-test/fsync_dir_outer_signals/final-status.txt	7194a57f4948377b025edc9f165db6740e9e65385066cc52299fed554f45f73d	827
file	preflight-logs/selfcheck/collector-v10-test/fsync_dir_outer_signals/finalization-order.txt	03ad30618a52f1f535ed2a1fe167b029cca0bad0728bb66c7865c3445e1d5473	185
directory	preflight-logs/selfcheck/collector-v10-test/fsync_dir_outer_signals/hooks	-	0
file	preflight-logs/selfcheck/collector-v10-test/fsync_dir_outer_signals/outer-signals.json	4fb60ad7e50f3d3e74be335a9587702917d201cd33bc8e170399e8741bb33273	199
directory	preflight-logs/selfcheck/collector-v10-test/fsync_dir_outer_signals/raw	-	0
file	preflight-logs/selfcheck/collector-v10-test/fsync_dir_outer_signals/raw.seal.sha256	4d943b7b33b7b3cdad0f884a7aabcd648890bafa2b77ee2c3c243b4d667194af	795
directory	preflight-logs/selfcheck/collector-v10-test/fsync_dir_outer_signals/raw/preflight	-	0
file	preflight-logs/selfcheck/collector-v10-test/fsync_dir_outer_signals/raw/preflight.session-ready	39feceb2eced7e3165a8f7f40852708b835f274d4ff94896baface7efca6a52d	109
file	preflight-logs/selfcheck/collector-v10-test/fsync_dir_outer_signals/raw/preflight.session-ready.go	c2fc355f2b52e01ea670dc8b27f1c8f3a268d68b4b399a0cf91544cb975792df	3
file	preflight-logs/selfcheck/collector-v10-test/fsync_dir_outer_signals/raw/preflight/fixture.endpoints	2eadd75476b6a4eeba05e3eacf1d3a539e6464e756c068236a5e477c1ef8769b	27
file	preflight-logs/selfcheck/collector-v10-test/fsync_dir_outer_signals/raw/preflight/init.go	c2fc355f2b52e01ea670dc8b27f1c8f3a268d68b4b399a0cf91544cb975792df	3
file	preflight-logs/selfcheck/collector-v10-test/fsync_dir_outer_signals/raw/preflight/init.ready	fcce5a7e838ce7dccfb11a0f7ea2b2de5a88214be1c7fe3a7c540e611f597c0a	109
file	preflight-logs/selfcheck/collector-v10-test/fsync_dir_outer_signals/raw/stderr	e3b0c44298fc1c149afbf4c8996fb92427ae41e4649b934ca495991b7852b855	0
file	preflight-logs/selfcheck/collector-v10-test/fsync_dir_outer_signals/raw/stdout	e3b0c44298fc1c149afbf4c8996fb92427ae41e4649b934ca495991b7852b855	0
file	preflight-logs/selfcheck/collector-v10-test/fsync_dir_outer_signals/raw/supervisor.json	2ae15aaa7394b09ced64219715b074e68abf34b20bcdf1b7e3666dd31cc9ceaf	8702
file	preflight-logs/selfcheck/collector-v10-test/fsync_dir_outer_signals/raw/supervisor.ready	ed1a545bb85e55816bbf9566b028b2a0bc456b88f49f6f266c0401048824194b	6
directory	preflight-logs/selfcheck/collector-v10-test/fsync_dir_outer_signals/tmp	-	0
directory	preflight-logs/selfcheck/collector-v10-test/fsync_dir_raw_directory	-	0
file	preflight-logs/selfcheck/collector-v10-test/fsync_dir_raw_directory.collector.stderr	1fb0e209b8ac0484bfe30c3dbbac54529d164c2ac0ad73f8c057dd2023b7eadc	88
file	preflight-logs/selfcheck/collector-v10-test/fsync_dir_raw_directory.collector.stdout	e3b0c44298fc1c149afbf4c8996fb92427ae41e4649b934ca495991b7852b855	0
directory	preflight-logs/selfcheck/collector-v10-test/fsync_dir_raw_directory/audits	-	0
file	preflight-logs/selfcheck/collector-v10-test/fsync_dir_raw_directory/audits/final-artifacts.tsv	07da53e6ddfcfadb97242fe031bc48a6b9361ca703d69f4d1443fa879e5a6a3d	28
file	preflight-logs/selfcheck/collector-v10-test/fsync_dir_raw_directory/audits/final-endpoint.txt	4de3fd1d1eeb08dd7976b911c02a38dba961cf2c27f9341b2c79ae214af5af25	13
file	preflight-logs/selfcheck/collector-v10-test/fsync_dir_raw_directory/final-status.txt	e255228e2c8e2d238fc00b5899020473332807b45f6c851641b778002ea0df17	837
file	preflight-logs/selfcheck/collector-v10-test/fsync_dir_raw_directory/finalization-order.txt	03ad30618a52f1f535ed2a1fe167b029cca0bad0728bb66c7865c3445e1d5473	185
directory	preflight-logs/selfcheck/collector-v10-test/fsync_dir_raw_directory/hooks	-	0
file	preflight-logs/selfcheck/collector-v10-test/fsync_dir_raw_directory/outer-signals.json	4fb60ad7e50f3d3e74be335a9587702917d201cd33bc8e170399e8741bb33273	199
directory	preflight-logs/selfcheck/collector-v10-test/fsync_dir_raw_directory/raw	-	0
file	preflight-logs/selfcheck/collector-v10-test/fsync_dir_raw_directory/raw.seal.sha256	2c96635816ce2558c1ec4b45624f9b92b9beee824e0c066e1e5f70068c9f9cf5	795
directory	preflight-logs/selfcheck/collector-v10-test/fsync_dir_raw_directory/raw/preflight	-	0
file	preflight-logs/selfcheck/collector-v10-test/fsync_dir_raw_directory/raw/preflight.session-ready	39feceb2eced7e3165a8f7f40852708b835f274d4ff94896baface7efca6a52d	109
file	preflight-logs/selfcheck/collector-v10-test/fsync_dir_raw_directory/raw/preflight.session-ready.go	c2fc355f2b52e01ea670dc8b27f1c8f3a268d68b4b399a0cf91544cb975792df	3
file	preflight-logs/selfcheck/collector-v10-test/fsync_dir_raw_directory/raw/preflight/fixture.endpoints	2eadd75476b6a4eeba05e3eacf1d3a539e6464e756c068236a5e477c1ef8769b	27
file	preflight-logs/selfcheck/collector-v10-test/fsync_dir_raw_directory/raw/preflight/init.go	c2fc355f2b52e01ea670dc8b27f1c8f3a268d68b4b399a0cf91544cb975792df	3
file	preflight-logs/selfcheck/collector-v10-test/fsync_dir_raw_directory/raw/preflight/init.ready	fcce5a7e838ce7dccfb11a0f7ea2b2de5a88214be1c7fe3a7c540e611f597c0a	109
file	preflight-logs/selfcheck/collector-v10-test/fsync_dir_raw_directory/raw/stderr	e3b0c44298fc1c149afbf4c8996fb92427ae41e4649b934ca495991b7852b855	0
file	preflight-logs/selfcheck/collector-v10-test/fsync_dir_raw_directory/raw/stdout	e3b0c44298fc1c149afbf4c8996fb92427ae41e4649b934ca495991b7852b855	0
file	preflight-logs/selfcheck/collector-v10-test/fsync_dir_raw_directory/raw/supervisor.json	c6ebe7d5d233006befe08e8c357f9408e21efb2e810d02fe19f4854a32e11fe4	8702
file	preflight-logs/selfcheck/collector-v10-test/fsync_dir_raw_directory/raw/supervisor.ready	ed1a545bb85e55816bbf9566b028b2a0bc456b88f49f6f266c0401048824194b	6
directory	preflight-logs/selfcheck/collector-v10-test/fsync_dir_raw_directory/tmp	-	0
directory	preflight-logs/selfcheck/collector-v10-test/fsync_file_endpoint_audit	-	0
file	preflight-logs/selfcheck/collector-v10-test/fsync_file_endpoint_audit.collector.stderr	7261d68f44bad5b3f2c254577516980a89d4e951940e2604629737ad43ff3b64	81
file	preflight-logs/selfcheck/collector-v10-test/fsync_file_endpoint_audit.collector.stdout	e3b0c44298fc1c149afbf4c8996fb92427ae41e4649b934ca495991b7852b855	0
directory	preflight-logs/selfcheck/collector-v10-test/fsync_file_endpoint_audit/audits	-	0
file	preflight-logs/selfcheck/collector-v10-test/fsync_file_endpoint_audit/audits/final-artifacts.tsv	07da53e6ddfcfadb97242fe031bc48a6b9361ca703d69f4d1443fa879e5a6a3d	28
file	preflight-logs/selfcheck/collector-v10-test/fsync_file_endpoint_audit/final-status.txt	a58816b74f6960b3b883da002c816449e7c042bf4647caef80b09ff56b47e783	832
file	preflight-logs/selfcheck/collector-v10-test/fsync_file_endpoint_audit/finalization-order.txt	03ad30618a52f1f535ed2a1fe167b029cca0bad0728bb66c7865c3445e1d5473	185
directory	preflight-logs/selfcheck/collector-v10-test/fsync_file_endpoint_audit/hooks	-	0
file	preflight-logs/selfcheck/collector-v10-test/fsync_file_endpoint_audit/outer-signals.json	4fb60ad7e50f3d3e74be335a9587702917d201cd33bc8e170399e8741bb33273	199
directory	preflight-logs/selfcheck/collector-v10-test/fsync_file_endpoint_audit/raw	-	0
file	preflight-logs/selfcheck/collector-v10-test/fsync_file_endpoint_audit/raw.seal.sha256	234a93e8c6c6a02f8e9be756ec42b2879057261b8b551f4b8a8f1d60c0519880	795
directory	preflight-logs/selfcheck/collector-v10-test/fsync_file_endpoint_audit/raw/preflight	-	0
file	preflight-logs/selfcheck/collector-v10-test/fsync_file_endpoint_audit/raw/preflight.session-ready	39feceb2eced7e3165a8f7f40852708b835f274d4ff94896baface7efca6a52d	109
file	preflight-logs/selfcheck/collector-v10-test/fsync_file_endpoint_audit/raw/preflight.session-ready.go	c2fc355f2b52e01ea670dc8b27f1c8f3a268d68b4b399a0cf91544cb975792df	3
file	preflight-logs/selfcheck/collector-v10-test/fsync_file_endpoint_audit/raw/preflight/fixture.endpoints	2eadd75476b6a4eeba05e3eacf1d3a539e6464e756c068236a5e477c1ef8769b	27
file	preflight-logs/selfcheck/collector-v10-test/fsync_file_endpoint_audit/raw/preflight/init.go	c2fc355f2b52e01ea670dc8b27f1c8f3a268d68b4b399a0cf91544cb975792df	3
file	preflight-logs/selfcheck/collector-v10-test/fsync_file_endpoint_audit/raw/preflight/init.ready	fcce5a7e838ce7dccfb11a0f7ea2b2de5a88214be1c7fe3a7c540e611f597c0a	109
file	preflight-logs/selfcheck/collector-v10-test/fsync_file_endpoint_audit/raw/stderr	e3b0c44298fc1c149afbf4c8996fb92427ae41e4649b934ca495991b7852b855	0
file	preflight-logs/selfcheck/collector-v10-test/fsync_file_endpoint_audit/raw/stdout	e3b0c44298fc1c149afbf4c8996fb92427ae41e4649b934ca495991b7852b855	0
file	preflight-logs/selfcheck/collector-v10-test/fsync_file_endpoint_audit/raw/supervisor.json	b8dbd47d6f75f9657be8a22a731eacc9cb7e2979a5b0d35dfa584e5c4dbb4930	8716
file	preflight-logs/selfcheck/collector-v10-test/fsync_file_endpoint_audit/raw/supervisor.ready	ed1a545bb85e55816bbf9566b028b2a0bc456b88f49f6f266c0401048824194b	6
directory	preflight-logs/selfcheck/collector-v10-test/fsync_file_endpoint_audit/tmp	-	0
directory	preflight-logs/selfcheck/collector-v10-test/fsync_file_final_status	-	0
file	preflight-logs/selfcheck/collector-v10-test/fsync_file_final_status.collector.stderr	6bbb93f0f22e7c442de4a79a59bcbca34834abcada6ac56aac75c1a1b976a6eb	77
file	preflight-logs/selfcheck/collector-v10-test/fsync_file_final_status.collector.stdout	e3b0c44298fc1c149afbf4c8996fb92427ae41e4649b934ca495991b7852b855	0
directory	preflight-logs/selfcheck/collector-v10-test/fsync_file_final_status/audits	-	0
file	preflight-logs/selfcheck/collector-v10-test/fsync_file_final_status/audits/final-artifacts.tsv	07da53e6ddfcfadb97242fe031bc48a6b9361ca703d69f4d1443fa879e5a6a3d	28
file	preflight-logs/selfcheck/collector-v10-test/fsync_file_final_status/audits/final-endpoint.txt	4de3fd1d1eeb08dd7976b911c02a38dba961cf2c27f9341b2c79ae214af5af25	13
file	preflight-logs/selfcheck/collector-v10-test/fsync_file_final_status/final-status.txt	d340aab194d0c606774ee1de794899642f89d2d306b391ddb38b2965e0bbd1db	826
file	preflight-logs/selfcheck/collector-v10-test/fsync_file_final_status/finalization-order.txt	03ad30618a52f1f535ed2a1fe167b029cca0bad0728bb66c7865c3445e1d5473	185
directory	preflight-logs/selfcheck/collector-v10-test/fsync_file_final_status/hooks	-	0
file	preflight-logs/selfcheck/collector-v10-test/fsync_file_final_status/outer-signals.json	4fb60ad7e50f3d3e74be335a9587702917d201cd33bc8e170399e8741bb33273	199
directory	preflight-logs/selfcheck/collector-v10-test/fsync_file_final_status/raw	-	0
file	preflight-logs/selfcheck/collector-v10-test/fsync_file_final_status/raw.seal.sha256	ce5d86f6888481f8b68310f638b2a96cd96c10bebb55093ecc8e5af082df5317	795
directory	preflight-logs/selfcheck/collector-v10-test/fsync_file_final_status/raw/preflight	-	0
file	preflight-logs/selfcheck/collector-v10-test/fsync_file_final_status/raw/preflight.session-ready	39feceb2eced7e3165a8f7f40852708b835f274d4ff94896baface7efca6a52d	109
file	preflight-logs/selfcheck/collector-v10-test/fsync_file_final_status/raw/preflight.session-ready.go	c2fc355f2b52e01ea670dc8b27f1c8f3a268d68b4b399a0cf91544cb975792df	3
file	preflight-logs/selfcheck/collector-v10-test/fsync_file_final_status/raw/preflight/fixture.endpoints	2eadd75476b6a4eeba05e3eacf1d3a539e6464e756c068236a5e477c1ef8769b	27
file	preflight-logs/selfcheck/collector-v10-test/fsync_file_final_status/raw/preflight/init.go	c2fc355f2b52e01ea670dc8b27f1c8f3a268d68b4b399a0cf91544cb975792df	3
file	preflight-logs/selfcheck/collector-v10-test/fsync_file_final_status/raw/preflight/init.ready	fcce5a7e838ce7dccfb11a0f7ea2b2de5a88214be1c7fe3a7c540e611f597c0a	109
file	preflight-logs/selfcheck/collector-v10-test/fsync_file_final_status/raw/stderr	e3b0c44298fc1c149afbf4c8996fb92427ae41e4649b934ca495991b7852b855	0
file	preflight-logs/selfcheck/collector-v10-test/fsync_file_final_status/raw/stdout	e3b0c44298fc1c149afbf4c8996fb92427ae41e4649b934ca495991b7852b855	0
file	preflight-logs/selfcheck/collector-v10-test/fsync_file_final_status/raw/supervisor.json	5a1e4f87490c5b4ffc7062bef20da9b00239dc90d179516ef4f5bda1b16e60be	8702
file	preflight-logs/selfcheck/collector-v10-test/fsync_file_final_status/raw/supervisor.ready	ed1a545bb85e55816bbf9566b028b2a0bc456b88f49f6f266c0401048824194b	6
directory	preflight-logs/selfcheck/collector-v10-test/fsync_file_final_status/tmp	-	0
directory	preflight-logs/selfcheck/collector-v10-test/fsync_file_raw_seal	-	0
file	preflight-logs/selfcheck/collector-v10-test/fsync_file_raw_seal.collector.stderr	85529b16ab890c82b79396559eb6bd5050b54c6b90957d06cb1cba7d6edbf88c	69
file	preflight-logs/selfcheck/collector-v10-test/fsync_file_raw_seal.collector.stdout	e3b0c44298fc1c149afbf4c8996fb92427ae41e4649b934ca495991b7852b855	0
directory	preflight-logs/selfcheck/collector-v10-test/fsync_file_raw_seal/audits	-	0
file	preflight-logs/selfcheck/collector-v10-test/fsync_file_raw_seal/audits/final-artifacts.tsv	07da53e6ddfcfadb97242fe031bc48a6b9361ca703d69f4d1443fa879e5a6a3d	28
file	preflight-logs/selfcheck/collector-v10-test/fsync_file_raw_seal/audits/final-endpoint.txt	4de3fd1d1eeb08dd7976b911c02a38dba961cf2c27f9341b2c79ae214af5af25	13
file	preflight-logs/selfcheck/collector-v10-test/fsync_file_raw_seal/final-status.txt	4b28705d777b0726a011f02160e1a587633c3cfa8a6542b780d9bf6da226d3a8	814
file	preflight-logs/selfcheck/collector-v10-test/fsync_file_raw_seal/finalization-order.txt	03ad30618a52f1f535ed2a1fe167b029cca0bad0728bb66c7865c3445e1d5473	185
directory	preflight-logs/selfcheck/collector-v10-test/fsync_file_raw_seal/hooks	-	0
file	preflight-logs/selfcheck/collector-v10-test/fsync_file_raw_seal/outer-signals.json	4fb60ad7e50f3d3e74be335a9587702917d201cd33bc8e170399e8741bb33273	199
directory	preflight-logs/selfcheck/collector-v10-test/fsync_file_raw_seal/raw	-	0
directory	preflight-logs/selfcheck/collector-v10-test/fsync_file_raw_seal/raw/preflight	-	0
file	preflight-logs/selfcheck/collector-v10-test/fsync_file_raw_seal/raw/preflight.session-ready	39feceb2eced7e3165a8f7f40852708b835f274d4ff94896baface7efca6a52d	109
file	preflight-logs/selfcheck/collector-v10-test/fsync_file_raw_seal/raw/preflight.session-ready.go	c2fc355f2b52e01ea670dc8b27f1c8f3a268d68b4b399a0cf91544cb975792df	3
file	preflight-logs/selfcheck/collector-v10-test/fsync_file_raw_seal/raw/preflight/fixture.endpoints	2eadd75476b6a4eeba05e3eacf1d3a539e6464e756c068236a5e477c1ef8769b	27
file	preflight-logs/selfcheck/collector-v10-test/fsync_file_raw_seal/raw/preflight/init.go	c2fc355f2b52e01ea670dc8b27f1c8f3a268d68b4b399a0cf91544cb975792df	3
file	preflight-logs/selfcheck/collector-v10-test/fsync_file_raw_seal/raw/preflight/init.ready	fcce5a7e838ce7dccfb11a0f7ea2b2de5a88214be1c7fe3a7c540e611f597c0a	109
file	preflight-logs/selfcheck/collector-v10-test/fsync_file_raw_seal/raw/stderr	e3b0c44298fc1c149afbf4c8996fb92427ae41e4649b934ca495991b7852b855	0
file	preflight-logs/selfcheck/collector-v10-test/fsync_file_raw_seal/raw/stdout	e3b0c44298fc1c149afbf4c8996fb92427ae41e4649b934ca495991b7852b855	0
file	preflight-logs/selfcheck/collector-v10-test/fsync_file_raw_seal/raw/supervisor.json	50a5a7b627d515c8daa0348d0bb84204566b05890cd7a16a6a4da205f9ac4fd8	8674
file	preflight-logs/selfcheck/collector-v10-test/fsync_file_raw_seal/raw/supervisor.ready	ed1a545bb85e55816bbf9566b028b2a0bc456b88f49f6f266c0401048824194b	6
directory	preflight-logs/selfcheck/collector-v10-test/fsync_file_raw_seal/tmp	-	0
directory	preflight-logs/selfcheck/collector-v10-test/fsync_file_raw_stdout	-	0
file	preflight-logs/selfcheck/collector-v10-test/fsync_file_raw_stdout.collector.stderr	4f6ab3b97a3a1615609316bba9643bd7b970b4e911601934452f5532365b41e2	86
file	preflight-logs/selfcheck/collector-v10-test/fsync_file_raw_stdout.collector.stdout	e3b0c44298fc1c149afbf4c8996fb92427ae41e4649b934ca495991b7852b855	0
directory	preflight-logs/selfcheck/collector-v10-test/fsync_file_raw_stdout/audits	-	0
file	preflight-logs/selfcheck/collector-v10-test/fsync_file_raw_stdout/audits/final-artifacts.tsv	07da53e6ddfcfadb97242fe031bc48a6b9361ca703d69f4d1443fa879e5a6a3d	28
file	preflight-logs/selfcheck/collector-v10-test/fsync_file_raw_stdout/audits/final-endpoint.txt	4de3fd1d1eeb08dd7976b911c02a38dba961cf2c27f9341b2c79ae214af5af25	13
file	preflight-logs/selfcheck/collector-v10-test/fsync_file_raw_stdout/final-status.txt	0f22c09b642ca24a0b6dd313e5634e185442f90c19a0aa4f50aa8bf3cda7b3a5	833
file	preflight-logs/selfcheck/collector-v10-test/fsync_file_raw_stdout/finalization-order.txt	03ad30618a52f1f535ed2a1fe167b029cca0bad0728bb66c7865c3445e1d5473	185
directory	preflight-logs/selfcheck/collector-v10-test/fsync_file_raw_stdout/hooks	-	0
file	preflight-logs/selfcheck/collector-v10-test/fsync_file_raw_stdout/outer-signals.json	4fb60ad7e50f3d3e74be335a9587702917d201cd33bc8e170399e8741bb33273	199
directory	preflight-logs/selfcheck/collector-v10-test/fsync_file_raw_stdout/raw	-	0
file	preflight-logs/selfcheck/collector-v10-test/fsync_file_raw_stdout/raw.seal.sha256	07c882eb6168855e6c933da089bc60e69d724d2196feabdf1b0121abcb610c85	795
directory	preflight-logs/selfcheck/collector-v10-test/fsync_file_raw_stdout/raw/preflight	-	0
file	preflight-logs/selfcheck/collector-v10-test/fsync_file_raw_stdout/raw/preflight.session-ready	39feceb2eced7e3165a8f7f40852708b835f274d4ff94896baface7efca6a52d	109
file	preflight-logs/selfcheck/collector-v10-test/fsync_file_raw_stdout/raw/preflight.session-ready.go	c2fc355f2b52e01ea670dc8b27f1c8f3a268d68b4b399a0cf91544cb975792df	3
file	preflight-logs/selfcheck/collector-v10-test/fsync_file_raw_stdout/raw/preflight/fixture.endpoints	2eadd75476b6a4eeba05e3eacf1d3a539e6464e756c068236a5e477c1ef8769b	27
file	preflight-logs/selfcheck/collector-v10-test/fsync_file_raw_stdout/raw/preflight/init.go	c2fc355f2b52e01ea670dc8b27f1c8f3a268d68b4b399a0cf91544cb975792df	3
file	preflight-logs/selfcheck/collector-v10-test/fsync_file_raw_stdout/raw/preflight/init.ready	fcce5a7e838ce7dccfb11a0f7ea2b2de5a88214be1c7fe3a7c540e611f597c0a	109
file	preflight-logs/selfcheck/collector-v10-test/fsync_file_raw_stdout/raw/stderr	e3b0c44298fc1c149afbf4c8996fb92427ae41e4649b934ca495991b7852b855	0
file	preflight-logs/selfcheck/collector-v10-test/fsync_file_raw_stdout/raw/stdout	e3b0c44298fc1c149afbf4c8996fb92427ae41e4649b934ca495991b7852b855	0
file	preflight-logs/selfcheck/collector-v10-test/fsync_file_raw_stdout/raw/supervisor.json	c2a2c144e4c1f0a35aedc3d0fb43ea72e3a0846a34d830e5f8dd54f588c03c32	8687
file	preflight-logs/selfcheck/collector-v10-test/fsync_file_raw_stdout/raw/supervisor.ready	ed1a545bb85e55816bbf9566b028b2a0bc456b88f49f6f266c0401048824194b	6
directory	preflight-logs/selfcheck/collector-v10-test/fsync_file_raw_stdout/tmp	-	0
file	preflight-logs/selfcheck/collector-v10-test/order	03ad30618a52f1f535ed2a1fe167b029cca0bad0728bb66c7865c3445e1d5473	185
directory	preflight-logs/selfcheck/collector-v10-test/ordinary	-	0
file	preflight-logs/selfcheck/collector-v10-test/ordinary.collector.stderr	e3b0c44298fc1c149afbf4c8996fb92427ae41e4649b934ca495991b7852b855	0
file	preflight-logs/selfcheck/collector-v10-test/ordinary.collector.stdout	e3b0c44298fc1c149afbf4c8996fb92427ae41e4649b934ca495991b7852b855	0
directory	preflight-logs/selfcheck/collector-v10-test/ordinary/audits	-	0
file	preflight-logs/selfcheck/collector-v10-test/ordinary/audits/final-artifacts.tsv	07da53e6ddfcfadb97242fe031bc48a6b9361ca703d69f4d1443fa879e5a6a3d	28
file	preflight-logs/selfcheck/collector-v10-test/ordinary/audits/final-endpoint.txt	4de3fd1d1eeb08dd7976b911c02a38dba961cf2c27f9341b2c79ae214af5af25	13
file	preflight-logs/selfcheck/collector-v10-test/ordinary/final-status.txt	2778b1f1dd27444098a81136bd57d063bd090b867f919df370ea29cf9c7c4f34	744
file	preflight-logs/selfcheck/collector-v10-test/ordinary/finalization-order.txt	03ad30618a52f1f535ed2a1fe167b029cca0bad0728bb66c7865c3445e1d5473	185
directory	preflight-logs/selfcheck/collector-v10-test/ordinary/hooks	-	0
file	preflight-logs/selfcheck/collector-v10-test/ordinary/outer-signals.json	4fb60ad7e50f3d3e74be335a9587702917d201cd33bc8e170399e8741bb33273	199
directory	preflight-logs/selfcheck/collector-v10-test/ordinary/raw	-	0
file	preflight-logs/selfcheck/collector-v10-test/ordinary/raw.seal.sha256	da28b4318eca30df14da1766a5e39bdfc3a999ca510cda0c402d75193cfa2b9b	795
directory	preflight-logs/selfcheck/collector-v10-test/ordinary/raw/preflight	-	0
file	preflight-logs/selfcheck/collector-v10-test/ordinary/raw/preflight.session-ready	39feceb2eced7e3165a8f7f40852708b835f274d4ff94896baface7efca6a52d	109
file	preflight-logs/selfcheck/collector-v10-test/ordinary/raw/preflight.session-ready.go	c2fc355f2b52e01ea670dc8b27f1c8f3a268d68b4b399a0cf91544cb975792df	3
file	preflight-logs/selfcheck/collector-v10-test/ordinary/raw/preflight/fixture.endpoints	2eadd75476b6a4eeba05e3eacf1d3a539e6464e756c068236a5e477c1ef8769b	27
file	preflight-logs/selfcheck/collector-v10-test/ordinary/raw/preflight/init.go	c2fc355f2b52e01ea670dc8b27f1c8f3a268d68b4b399a0cf91544cb975792df	3
file	preflight-logs/selfcheck/collector-v10-test/ordinary/raw/preflight/init.ready	fcce5a7e838ce7dccfb11a0f7ea2b2de5a88214be1c7fe3a7c540e611f597c0a	109
file	preflight-logs/selfcheck/collector-v10-test/ordinary/raw/stderr	e3b0c44298fc1c149afbf4c8996fb92427ae41e4649b934ca495991b7852b855	0
file	preflight-logs/selfcheck/collector-v10-test/ordinary/raw/stdout	e3b0c44298fc1c149afbf4c8996fb92427ae41e4649b934ca495991b7852b855	0
file	preflight-logs/selfcheck/collector-v10-test/ordinary/raw/supervisor.json	b46d984ff81eb6c288d2e4b73fe2a89dd4773cc71f656ce741d9c095c3940227	8579
file	preflight-logs/selfcheck/collector-v10-test/ordinary/raw/supervisor.ready	ed1a545bb85e55816bbf9566b028b2a0bc456b88f49f6f266c0401048824194b	6
directory	preflight-logs/selfcheck/collector-v10-test/ordinary/tmp	-	0
directory	preflight-logs/selfcheck/collector-v10-test/original-reference	-	0
directory	preflight-logs/selfcheck/collector-v10-test/original-reference/audits	-	0
file	preflight-logs/selfcheck/collector-v10-test/original-reference/audits/reference.tsv	1995f6340b7cf81bee0932ef5de1ff1f18f7b3472864a44873104fa73cbb67e0	73879
directory	preflight-logs/selfcheck/collector-v10-test/original-reference/tmp	-	0
directory	preflight-logs/selfcheck/collector-v10-test/original-work	-	0
directory	preflight-logs/selfcheck/collector-v10-test/original-work/audits	-	0
file	preflight-logs/selfcheck/collector-v10-test/original-work/audits/final-artifacts.tsv	1995f6340b7cf81bee0932ef5de1ff1f18f7b3472864a44873104fa73cbb67e0	73879
file	preflight-logs/selfcheck/collector-v10-test/original-work/audits/final-endpoint.txt	4de3fd1d1eeb08dd7976b911c02a38dba961cf2c27f9341b2c79ae214af5af25	13
file	preflight-logs/selfcheck/collector-v10-test/original-work/final-status.txt	a480a5a7e8873cf183b0ca5ca101b9e8c6faf903d6475930e8a2ea58f54874b9	749
file	preflight-logs/selfcheck/collector-v10-test/original-work/finalization-order.txt	03ad30618a52f1f535ed2a1fe167b029cca0bad0728bb66c7865c3445e1d5473	185
directory	preflight-logs/selfcheck/collector-v10-test/original-work/hooks	-	0
file	preflight-logs/selfcheck/collector-v10-test/original-work/outer-signals.json	4fb60ad7e50f3d3e74be335a9587702917d201cd33bc8e170399e8741bb33273	199
directory	preflight-logs/selfcheck/collector-v10-test/original-work/raw	-	0
file	preflight-logs/selfcheck/collector-v10-test/original-work/raw.seal.sha256	7d8a358f0923589a54cc6a7def97aa3d3ad9d22a18bb729dd8a5550d3252f503	795
directory	preflight-logs/selfcheck/collector-v10-test/original-work/raw/preflight	-	0
file	preflight-logs/selfcheck/collector-v10-test/original-work/raw/preflight.session-ready	39feceb2eced7e3165a8f7f40852708b835f274d4ff94896baface7efca6a52d	109
file	preflight-logs/selfcheck/collector-v10-test/original-work/raw/preflight.session-ready.go	c2fc355f2b52e01ea670dc8b27f1c8f3a268d68b4b399a0cf91544cb975792df	3
file	preflight-logs/selfcheck/collector-v10-test/original-work/raw/preflight/fixture.endpoints	2eadd75476b6a4eeba05e3eacf1d3a539e6464e756c068236a5e477c1ef8769b	27
file	preflight-logs/selfcheck/collector-v10-test/original-work/raw/preflight/init.go	c2fc355f2b52e01ea670dc8b27f1c8f3a268d68b4b399a0cf91544cb975792df	3
file	preflight-logs/selfcheck/collector-v10-test/original-work/raw/preflight/init.ready	fcce5a7e838ce7dccfb11a0f7ea2b2de5a88214be1c7fe3a7c540e611f597c0a	109
file	preflight-logs/selfcheck/collector-v10-test/original-work/raw/stderr	e3b0c44298fc1c149afbf4c8996fb92427ae41e4649b934ca495991b7852b855	0
file	preflight-logs/selfcheck/collector-v10-test/original-work/raw/stdout	e3b0c44298fc1c149afbf4c8996fb92427ae41e4649b934ca495991b7852b855	0
file	preflight-logs/selfcheck/collector-v10-test/original-work/raw/supervisor.json	14d4500a522d459a1bdbe75ceba7104c061cb450cb3fd231cccadb12099e3ab0	8632
file	preflight-logs/selfcheck/collector-v10-test/original-work/raw/supervisor.ready	ed1a545bb85e55816bbf9566b028b2a0bc456b88f49f6f266c0401048824194b	6
directory	preflight-logs/selfcheck/collector-v10-test/original-work/tmp	-	0
directory	preflight-logs/selfcheck/collector-v10-test/package-copy	-	0
directory	preflight-logs/selfcheck/collector-v10-test/package-copy/.hol	-	0
directory	preflight-logs/selfcheck/collector-v10-test/package-copy/.hol/locks	-	0
file	preflight-logs/selfcheck/collector-v10-test/package-copy/.hol/locks/task7kcalibration.exe.lock	e7ba0001d26cf3c3f59cf1a1793a7738b1ffef9953a330231f9430db958a9f5d	4
file	preflight-logs/selfcheck/collector-v10-test/package-copy/.hol/locks/task7kcalibration.uo.lock	e7ba0001d26cf3c3f59cf1a1793a7738b1ffef9953a330231f9430db958a9f5d	4
directory	preflight-logs/selfcheck/collector-v10-test/package-copy/.hol/make-deps	-	0
file	preflight-logs/selfcheck/collector-v10-test/package-copy/.hol/make-deps/task7kcalibration.sml.d	efdd8053e64d783c05c0ff595540c4b90e1faf951fa783cb4868b3b99fbd2a11	544
directory	preflight-logs/selfcheck/collector-v10-test/package-copy/.hol/objs	-	0
file	preflight-logs/selfcheck/collector-v10-test/package-copy/.hol/objs/task7kcalibration.ui	e3b0c44298fc1c149afbf4c8996fb92427ae41e4649b934ca495991b7852b855	0
file	preflight-logs/selfcheck/collector-v10-test/package-copy/.hol/objs/task7kcalibration.uo	43650289409ba91b3b05047247a55609e7437f4c017f698df4046fbfb50f4d23	535
file	preflight-logs/selfcheck/collector-v10-test/package-copy/Holmakefile	b0ba00e21bf0aea89eccef68b5edbcd13f44c28cccfe910ed67b7484ed9eb334	467
file	preflight-logs/selfcheck/collector-v10-test/package-copy/PREDECLARATION.md	26364ed3bc0a95e2d9405ee0bb05daf8752596a6c57586a731265e1e97e95836	4683
file	preflight-logs/selfcheck/collector-v10-test/package-copy/collect.sh	138fc911e53e0b2d817935c78e6dae5c7ba0ba4e4f8f5ce817fa41bae65e1003	2253
directory	preflight-logs/selfcheck/collector-v10-test/package-copy/future-protocol	-	0
file	preflight-logs/selfcheck/collector-v10-test/package-copy/future-protocol/BOUNDED_V2.full.patch	fca63fce3e5c572fbafac103523c7fa22af8fc8de15b1ae37e894a07d8bdcf42	6148
file	preflight-logs/selfcheck/collector-v10-test/package-copy/future-protocol/COLLECTOR_V2.full.patch	0d80b99b8a588782a6106ed92ee34a131dfb346e3f863df802218031b38a2b43	9077
file	preflight-logs/selfcheck/collector-v10-test/package-copy/future-protocol/COLLECTOR_V2.patch	9cc8108978b1405484ed40cd91b4df258dd00765c2663fb59a4d717e1c9ac644	722
file	preflight-logs/selfcheck/collector-v10-test/package-copy/future-protocol/README.md	a8aa3eca33a609f6fcb04fea4960045b613a2a337c8b44147b93ed4203acc0bd	9899
file	preflight-logs/selfcheck/collector-v10-test/package-copy/future-protocol/SUPERVISOR_V2.full.patch	d6f971501122857cdf83a58e16706e7982bfd41d3ee83a4a7efd15deff1583ca	8840
file	preflight-logs/selfcheck/collector-v10-test/package-copy/future-protocol/SUPERVISOR_V2.patch	bad11b276162f084e8c33e25417290a7df119a4d9db23a50a3d14e2adc765b20	792
file	preflight-logs/selfcheck/collector-v10-test/package-copy/future-protocol/UNSHARE_V6.json	98bdcb268c69471246c28172b01a2e42addc02286fca239cbf305e3d434a2f9a	340
file	preflight-logs/selfcheck/collector-v10-test/package-copy/future-protocol/UNSHARE_V7.json	eccbf9ca3ef31daaf1d0a4d557462d72fa072b658e2cce65a46937644f1fff14	315
file	preflight-logs/selfcheck/collector-v10-test/package-copy/future-protocol/UNSHARE_V8.json	09fe8824fc8c739f76d4c655a797a4ea8430c82d0ab96eb0db802ca4a7695ce8	340
file	preflight-logs/selfcheck/collector-v10-test/package-copy/future-protocol/V10_PATCH_MAPPING.md	8559efdf03c0ce12b3435d6a6d2c9abd708d5ee686c87f74168af0eeafa20d17	1318
file	preflight-logs/selfcheck/collector-v10-test/package-copy/future-protocol/V4_PATCH_MAPPING.md	919bece402ef6fe946724befc8b44ecbd89223e8100b6ceb59c99e0810bef986	1300
file	preflight-logs/selfcheck/collector-v10-test/package-copy/future-protocol/V5_PATCH_MAPPING.md	554c140d251d850e31d83a0284546e76f055d8656cf1118ff4ab2f26cb40b8d5	1462
file	preflight-logs/selfcheck/collector-v10-test/package-copy/future-protocol/V6_PATCH_MAPPING.md	8ab6d936f501fb0a5446e993ce37468142fa910f9cfa260f8ecfc44f227213bf	1240
file	preflight-logs/selfcheck/collector-v10-test/package-copy/future-protocol/V7_PATCH_MAPPING.md	c4fcbf9fe730743b17d913667dcfabea6ca7a90e11a257f8a61577f41b7a1ca4	1443
file	preflight-logs/selfcheck/collector-v10-test/package-copy/future-protocol/V8_PATCH_MAPPING.md	470f63ae79455cf418feaaed6891e7c1af1f6aea404e6edc2c00363ec83465fa	1556
file	preflight-logs/selfcheck/collector-v10-test/package-copy/future-protocol/V9_PATCH_MAPPING.md	6fe791c033c605c43511b83d554c60a59ea4d2e087e897ac410b9a7cf2eafa39	1351
file	preflight-logs/selfcheck/collector-v10-test/package-copy/future-protocol/audit-artifacts-v3.py	621a13320c1ffea46dac7b22bb85bcf696441f8cfb4f2bc5ad9431d69fe55ff3	4401
file	preflight-logs/selfcheck/collector-v10-test/package-copy/future-protocol/audit-artifacts-v3.sh	b8820640c6a565e2e51081b1cde3276d347f087d20f07beba3b2f1c01d6fe0e5	111
file	preflight-logs/selfcheck/collector-v10-test/package-copy/future-protocol/audit-artifacts-v4.py	7941c0d4f98a6090539e58b8c0403454ffa50eacba2e2cbf55c481966ecd78fd	3806
file	preflight-logs/selfcheck/collector-v10-test/package-copy/future-protocol/audit-artifacts-v4.sh	07d5e16d2d832e34c212eb6a6c8144e1d04ed64a84cf59a1aa84099aaffddc4e	114
file	preflight-logs/selfcheck/collector-v10-test/package-copy/future-protocol/audit-artifacts-v5.py	385f18064a9344f30b06274543dd84fd14531559146ac12baf2f39fe3797f65e	3803
file	preflight-logs/selfcheck/collector-v10-test/package-copy/future-protocol/audit-artifacts-v5.sh	0d64a402738836d83d2d016a63d224e5a694e6e21730c596361260ad25f29cf4	114
file	preflight-logs/selfcheck/collector-v10-test/package-copy/future-protocol/classification_status_v9.py	da845a60c9f1e2c926cb30bbefd6394e57f01ba14a705724cb15e7f221055a19	1441
file	preflight-logs/selfcheck/collector-v10-test/package-copy/future-protocol/collect-v10.py	0534b9b6eb53e43f0ae8d9de5282b07972b9952c1b8ac11b6435ab50253de368	34482
file	preflight-logs/selfcheck/collector-v10-test/package-copy/future-protocol/collect-v2.sh	743625ec8d1ae075f230e18797d617d1743c180d2b0dbfed3b195ee8b4e3017f	3636
file	preflight-logs/selfcheck/collector-v10-test/package-copy/future-protocol/collect-v3.sh	f20f8189b309cbd96b33938e2f324da638759f4adc88c78c3c5821e7f7cb2fd5	3932
file	preflight-logs/selfcheck/collector-v10-test/package-copy/future-protocol/collect-v4.sh	d3e396bb7dc6f4dce00e81ae8fad640681f954e63a6dfdd8d0cb1874cd4343a1	6152
file	preflight-logs/selfcheck/collector-v10-test/package-copy/future-protocol/collect-v5.py	159f7cafe4ba9d57deda5a2c3c19eab1ed0177f820c190b84acadc5a96fd6f09	13570
file	preflight-logs/selfcheck/collector-v10-test/package-copy/future-protocol/collect-v6.py	6f73eeac160cb2c64a6ebae2814f56ba3318ee1b99c42679deab050af26c301b	11370
file	preflight-logs/selfcheck/collector-v10-test/package-copy/future-protocol/collect-v7.py	3468735e54f6b1d11a90cf0ed53d08f3e236caeb1f1e28b547e2d2342566b908	19203
file	preflight-logs/selfcheck/collector-v10-test/package-copy/future-protocol/collect-v8.py	e63884f18f40fa6f358bc6d100715a3e1f589886818be796fe41dcfc0e815b74	26060
file	preflight-logs/selfcheck/collector-v10-test/package-copy/future-protocol/collect-v9.py	d04f752dedcaed55eab1d368455e6185fbe0cbbe72ee81c12d49a90e680d55c1	30416
file	preflight-logs/selfcheck/collector-v10-test/package-copy/future-protocol/collector-signal-driver-v10.py	a3a60855cffbcfbfe39325aac7e5e289c403df7ba7a01e457dc3b30469eb1c14	1080
file	preflight-logs/selfcheck/collector-v10-test/package-copy/future-protocol/collector-signal-driver-v4.py	053d18b7808a432b99355af60fdf94128cc11eacbf0514dd7d72b97fd9eeacab	1343
file	preflight-logs/selfcheck/collector-v10-test/package-copy/future-protocol/collector-signal-driver-v5.py	7bceeffb868b92f5056b54692b83cfd3c8bf9287b3b3cfc2b0cb38a1a466ede3	1784
file	preflight-logs/selfcheck/collector-v10-test/package-copy/future-protocol/collector-signal-driver-v6.py	fd102bab86f3feea3e9997509a59d07045077cebc00a0e6965f269eaf6b91596	1447
file	preflight-logs/selfcheck/collector-v10-test/package-copy/future-protocol/collector-signal-driver-v7.py	ac8714006badbff09a9336698816ab588dc211212c128336cefe67340c1b53b6	1450
file	preflight-logs/selfcheck/collector-v10-test/package-copy/future-protocol/collector-signal-driver-v8.py	40580e0013c059ffbe22676e138b43539cbbffcfd246f26c2afd782d4d918e2e	1078
file	preflight-logs/selfcheck/collector-v10-test/package-copy/future-protocol/collector-signal-driver-v9.py	9cd2388d91aeae5493b9e4d25df5849f7467ebed8877599e0d07a6c4c7b3fa7c	1078
file	preflight-logs/selfcheck/collector-v10-test/package-copy/future-protocol/containment-preflight-v6.py	d8145b85be68e3cc3f1d0d7b75a12b4bce85d52375c64cc8b90c5a176025be91	8003
file	preflight-logs/selfcheck/collector-v10-test/package-copy/future-protocol/containment-preflight-v7.py	9adf4d534a2cb96b8107eb9db3c7a9436a0b0bb4ff3e047a6e279585e2df315b	12618
file	preflight-logs/selfcheck/collector-v10-test/package-copy/future-protocol/containment-preflight-v8.py	16172bc720b70c249a82f3287de2b68712bd6859ac38539131bae86d193c2a82	13411
file	preflight-logs/selfcheck/collector-v10-test/package-copy/future-protocol/launch-gate-v8.py	6834b4acf8c4bc982a6d08a0c453ef787ff8ffcc674c0a96b119893beaebb564	1229
file	preflight-logs/selfcheck/collector-v10-test/package-copy/future-protocol/launch_bootstrap_v8.py	14ed61ec1563c1d47698cf85594cda5c0901eadab29277800302b84364aae3e9	3746
file	preflight-logs/selfcheck/collector-v10-test/package-copy/future-protocol/namespace-init-v6.py	55e0295a4d0b7c3bb64c43d0521b52a0ea3c525830e5361b484379c5c32ed6c8	2359
file	preflight-logs/selfcheck/collector-v10-test/package-copy/future-protocol/namespace-init-v7.py	285f0d31c499b67a1233e4f0dfaee2befc7e7a63672403b56f4ab97ff9458aa7	2310
file	preflight-logs/selfcheck/collector-v10-test/package-copy/future-protocol/namespace-init-v8.py	8a708470db3906b822921754a0ab4dc19397650c43a0a56909fafd91102ce221	2459
file	preflight-logs/selfcheck/collector-v10-test/package-copy/future-protocol/path_validation_v4.py	8b22e8173f0483ca2a07d95b1c229da00fc29963c0e807382b0d40be6bd2f949	3414
file	preflight-logs/selfcheck/collector-v10-test/package-copy/future-protocol/path_validation_v5.py	044d7419c9b1409d42163aa75a7239d465a4ee032ff48ba9bf1aae67f23a521c	3755
file	preflight-logs/selfcheck/collector-v10-test/package-copy/future-protocol/process-tree-fixture-v3.py	567af0e4ca55fc46aa6073dad059235c86609519bb05a938c3856008cb1c5e20	1446
file	preflight-logs/selfcheck/collector-v10-test/package-copy/future-protocol/process-tree-fixture-v4.py	4ed9aadaaed0749fa864f6680cccdb14bc2ae2aa5c7ed6667b6dc93af9e16302	1227
file	preflight-logs/selfcheck/collector-v10-test/package-copy/future-protocol/process-tree-fixture-v5.py	c3de55043e36a02fd24d0433e5a8e84688c499d13606168ff18079457daa9437	2139
file	preflight-logs/selfcheck/collector-v10-test/package-copy/future-protocol/process-tree-fixture-v6.py	ee7ddc3d9cbfe41c7a8d9872a87cff57378ddf9f6c224f0c972b0172a5db8d30	1116
file	preflight-logs/selfcheck/collector-v10-test/package-copy/future-protocol/process-tree-fixture-v7.py	d977c02f04c5724514c050419107284779e5dc0fe3d525d247e1887f5af5bf9e	1107
file	preflight-logs/selfcheck/collector-v10-test/package-copy/future-protocol/strict_integer_v10.py	c83f0d553f0c110df4ae1092b79c02e040a9a2ee2e3395dd174e6ee5343208ac	567
file	preflight-logs/selfcheck/collector-v10-test/package-copy/future-protocol/supervise-v10.py	8ee352cbc937619442bb3745a65239ae7e7df487dbe4802df8bf31f82c46ed90	21837
file	preflight-logs/selfcheck/collector-v10-test/package-copy/future-protocol/supervise-v2.py	83064aca0cc21ff5d0286229eda4d3a237ddad30e8e55c614855b9b8dad93384	7066
file	preflight-logs/selfcheck/collector-v10-test/package-copy/future-protocol/supervise-v3.py	50a86e015a61a2e2375997e743faea7f924ebf7e91fe6a8fe37958cc6930e71e	19588
file	preflight-logs/selfcheck/collector-v10-test/package-copy/future-protocol/supervise-v4.py	7ed037ddfd872d6eb0cd753ad3f539fb43c892cdb010b653ea63e09b14602c58	27064
file	preflight-logs/selfcheck/collector-v10-test/package-copy/future-protocol/supervise-v5.py	d06d228d7e5dae23dbf9e9c8ecd646afc7e8ed914d7c968f541bae9e2bce4637	33063
file	preflight-logs/selfcheck/collector-v10-test/package-copy/future-protocol/supervise-v6.py	bf17c60bd79bbb5126e7e8a073cbb2cc2d56439848d10def91b3548e311e5499	22528
file	preflight-logs/selfcheck/collector-v10-test/package-copy/future-protocol/supervise-v7.py	4bcd27f543ff82f121c464b0f66e859aa8449eeb08967d7c26036866fd96ab7b	26777
file	preflight-logs/selfcheck/collector-v10-test/package-copy/future-protocol/supervise-v8.py	694338faed139c01893ca50e83f9075da383e85f42ddc0d1abc6f40209560ea8	21130
file	preflight-logs/selfcheck/collector-v10-test/package-copy/future-protocol/supervise-v9.py	856ee4a0fbb029ad840330ddd8ca6127c5ad7fa47f520029cdfb195b5b4e9936	20518
file	preflight-logs/selfcheck/collector-v10-test/package-copy/future-protocol/supervisor-signal-driver-v7.py	525f31332b68c530656f6cc6425dd85562c98acb4d90084c08cfaddf0d7f8d8f	964
file	preflight-logs/selfcheck/collector-v10-test/package-copy/future-protocol/supervisor-signal-driver-v8.py	9ba52bf98a4caa6ecf66d14bba12d4ab100d8046c2aebe4aa6d6036112c49f1a	955
file	preflight-logs/selfcheck/collector-v10-test/package-copy/future-protocol/synthetic-artifact-audit-v3.sh	1521d1ac6e6ebbea878b850291698aaefa0dab4d37fc4822874019cdc7d05939	376
file	preflight-logs/selfcheck/collector-v10-test/package-copy/future-protocol/synthetic-artifact-audit-v4.sh	99d462f9f3971d7a6fe2cec8c7014a5e482d658c447ae966f9f3e66c70b199e0	383
file	preflight-logs/selfcheck/collector-v10-test/package-copy/future-protocol/synthetic-artifact-audit-v5.sh	99d462f9f3971d7a6fe2cec8c7014a5e482d658c447ae966f9f3e66c70b199e0	383
file	preflight-logs/selfcheck/collector-v10-test/package-copy/future-protocol/synthetic-artifact-audit.sh	f8d039366dbee3db55521bb100f06327d23e52800440780330afba7ca28a652f	102
file	preflight-logs/selfcheck/collector-v10-test/package-copy/future-protocol/test-bounded-v2.sh	ecb2d3fa4154d587428b468d3587d6fcdf8d903ea72d360ff97b069d3ac7b8ec	3086
file	preflight-logs/selfcheck/collector-v10-test/package-copy/future-protocol/test-collector-v10.sh	cacf076cc1a399e6764731395cf443966bf60eb1d010605e731634611a1e6b6f	13223
file	preflight-logs/selfcheck/collector-v10-test/package-copy/future-protocol/test-collector-v2.sh	c2e80a92b445585c56343459bc4609fd417ba4f30d8be70ba858ed2a48473309	2265
file	preflight-logs/selfcheck/collector-v10-test/package-copy/future-protocol/test-collector-v3.sh	3f371a8f0d18ce8aa87f71feebf591f546b891cd9b592a02181bd79ddd0dcbee	4133
file	preflight-logs/selfcheck/collector-v10-test/package-copy/future-protocol/test-collector-v4.sh	a03da271a6ce8189679f0f09073707b761a6b4805d0a32cad1a83a37d2971b08	6619
file	preflight-logs/selfcheck/collector-v10-test/package-copy/future-protocol/test-collector-v5.sh	c66db5f5012886eb52fd2d9b223eab80d04070d9edd0cc4dad9dcf9fec2e7859	10567
file	preflight-logs/selfcheck/collector-v10-test/package-copy/future-protocol/test-collector-v6.sh	c1ced96fbd4f851bbc9496eb51877b8aa1d1c988e5754b3b5d53cee9d553a309	5584
file	preflight-logs/selfcheck/collector-v10-test/package-copy/future-protocol/test-collector-v7.sh	1d0c70ef363fe028ecf6996ab0fb079db647391963e73c77248a92bcdf3646e6	8798
file	preflight-logs/selfcheck/collector-v10-test/package-copy/future-protocol/test-collector-v8.sh	6f3a5a649d99149c907c51e3cbca59e7d54f9a48959a71157f0b6fcb6e379de8	8111
file	preflight-logs/selfcheck/collector-v10-test/package-copy/future-protocol/test-collector-v9.sh	3eae66e1470f7333ef665636a9ffbbf1ad66b6f5108b0ff45f42f205e61575e7	11123
file	preflight-logs/selfcheck/collector-v10-test/package-copy/future-protocol/test-supervise-v10.sh	b7b0737bd5ceb290b1d97cff061f6ffbb5b8fd92f3fdbae17e578f6a538dde0a	7556
file	preflight-logs/selfcheck/collector-v10-test/package-copy/future-protocol/test-supervise-v2.sh	5b4f7739a87a119a268e589605d5f8fbe127921864b6db18a73270ad14658ebc	3929
file	preflight-logs/selfcheck/collector-v10-test/package-copy/future-protocol/test-supervise-v3.sh	ce460c4c25d10481d7f036b6874156621b2de6703853d772427390b01a98ec3b	6240
file	preflight-logs/selfcheck/collector-v10-test/package-copy/future-protocol/test-supervise-v4.sh	afb613f586cf3426a185056d60d4fb780eaecf10a090bda4f6bcf15838ee49ae	5150
file	preflight-logs/selfcheck/collector-v10-test/package-copy/future-protocol/test-supervise-v5.sh	c4404c1101df55c815b8292f1e83824eeb89935501a40c9bcddfd65dbe30615f	9745
file	preflight-logs/selfcheck/collector-v10-test/package-copy/future-protocol/test-supervise-v6.sh	0b1a48c6206563e584d5809a78c7569b07f83d0792cf2a118033524ec96da6ee	5536
file	preflight-logs/selfcheck/collector-v10-test/package-copy/future-protocol/test-supervise-v7.sh	7378322c5985447ce1de214b18c1c2d4dc3b2140922ce342c1644cf21e54e31b	5992
file	preflight-logs/selfcheck/collector-v10-test/package-copy/future-protocol/test-supervise-v8.sh	c13577bc68c7259e01acbc263b855e0deb42101d727a468dc8ad503976115849	4513
file	preflight-logs/selfcheck/collector-v10-test/package-copy/future-protocol/test-supervise-v9.sh	257fe512852c2736dca392b0928e05efaa0913ec467281edd6ffb55053fcfcdb	6482
file	preflight-logs/selfcheck/collector-v10-test/package-copy/future-protocol/validate-paths-v4.py	61f63e224928c5df1c11344caea3cf6f4fff2d0a0d98b23f02a3d9fc961b7cdd	950
file	preflight-logs/selfcheck/collector-v10-test/package-copy/future-protocol/validate-paths-v5.py	0680c94dcba160f967c200dc486c4d8f37f28541c3e5575e72f5242333abcc4b	974
file	preflight-logs/selfcheck/collector-v10-test/package-copy/future-protocol/validate-supervisor-v10.py	2ea9cee0234909ebd823425506d8d293de3364a432ec8efeaee0bc6bbe1ee272	24525
file	preflight-logs/selfcheck/collector-v10-test/package-copy/future-protocol/validate-supervisor-v7.py	94bdfcaf378d1533fc96ffa0d2561abd533f9c38db0710c229e6b2834dd8eb80	16277
file	preflight-logs/selfcheck/collector-v10-test/package-copy/future-protocol/validate-supervisor-v8.py	ae8272d0c1ba3c90317a21f65d20f98e4b97b02a845d301850b13454d7360cd2	24949
file	preflight-logs/selfcheck/collector-v10-test/package-copy/future-protocol/validate-supervisor-v9.py	e6348f4446addad51e6429e1262e48963f1d272e6da5f0872e32fe7c517878e7	24079
file	preflight-logs/selfcheck/collector-v10-test/package-copy/future-protocol/verify-bounded-v2.py	70ebf8e75ed4f259fb59cd3d939ffa44d3f2fca728d63a4b17f09f7fb9a82d8d	4683
file	preflight-logs/selfcheck/collector-v10-test/package-copy/generate-synthetic.py	052df02b5a28cbf75dc36ddea845454235da5cff7142a980e6181c5759ba9621	1484
file	preflight-logs/selfcheck/collector-v10-test/package-copy/inventory.py	ca12ce5009fd9db7d2311d6df6b9ff05eda754a4bcc55472429011c36e3dbf5f	1525
file	preflight-logs/selfcheck/collector-v10-test/package-copy/materialize-results.py	5a684a34f2dc9d09fdc4079afb77c3b9b563c51e3fe5aec8ab562e82eade9df0	2084
file	preflight-logs/selfcheck/collector-v10-test/package-copy/mutate-fixture.py	bfd297433d35a38342e9e3769ce760bed6b0c97e0d893fa275f8435fb547ddbc	1529
file	preflight-logs/selfcheck/collector-v10-test/package-copy/preflight.sh	4a367c6a2a311ac1ae96511fbff7565bc0c9836b08b76b1e0e095d9ec947743d	2083
file	preflight-logs/selfcheck/collector-v10-test/package-copy/schedule.tsv	b7b14db8228785dbaf296d1293b119961298e69f5769ebf6194de3ca1abfbd2a	270
file	preflight-logs/selfcheck/collector-v10-test/package-copy/selfcheck.sh	24459b5937772c1e12075c52e1d2d4bb92190d978940523e5a98c3887e654ec3	853
file	preflight-logs/selfcheck/collector-v10-test/package-copy/summarize-results.py	3210fa8b6abf042670b332b86479efd4f2c22e4642f7df461721abe69f21bb5b	3443
file	preflight-logs/selfcheck/collector-v10-test/package-copy/task7kcalibration.exe	d362063ada8cd0689f69e0288700b7aef59d4e544583583e03b9587afb72288f	191
file	preflight-logs/selfcheck/collector-v10-test/package-copy/task7kcalibration.sml	faadb79dea635c12db27e58882824156d6219559d84d788e8b85b56b34600736	6246
file	preflight-logs/selfcheck/collector-v10-test/package-copy/test-validators.sh	900ac26bc0c584c34b369ae2e5e694df60df0520ede41795ad6501a7082d7186	1528
file	preflight-logs/selfcheck/collector-v10-test/package-copy/validate-results.py	270445875602f88c840905fb5f63c3240ff6021d688d5abae7a938a8c7e5a78c	9039
directory	preflight-logs/selfcheck/collector-v10-test/precedence	-	0
file	preflight-logs/selfcheck/collector-v10-test/precedence-result.json	c6e1d1ac5bb893c10151700e3f8fbcaa828ec7a0d9fa204170cda9d915b6cbe2	16
directory	preflight-logs/selfcheck/collector-v10-test/precedence/audits	-	0
file	preflight-logs/selfcheck/collector-v10-test/precedence/audits/final-artifacts.tsv	07da53e6ddfcfadb97242fe031bc48a6b9361ca703d69f4d1443fa879e5a6a3d	28
file	preflight-logs/selfcheck/collector-v10-test/precedence/audits/final-endpoint.txt	4de3fd1d1eeb08dd7976b911c02a38dba961cf2c27f9341b2c79ae214af5af25	13
file	preflight-logs/selfcheck/collector-v10-test/precedence/final-status.txt	525e88961d50d56a41ee62651ac0fcc15c93f5ef75b0302e0e1b3c2733a9d92b	820
file	preflight-logs/selfcheck/collector-v10-test/precedence/finalization-order.txt	03ad30618a52f1f535ed2a1fe167b029cca0bad0728bb66c7865c3445e1d5473	185
directory	preflight-logs/selfcheck/collector-v10-test/precedence/hooks	-	0
file	preflight-logs/selfcheck/collector-v10-test/precedence/hooks/artifact_audit.ready	ed1a545bb85e55816bbf9566b028b2a0bc456b88f49f6f266c0401048824194b	6
file	preflight-logs/selfcheck/collector-v10-test/precedence/hooks/artifact_audit.release	3933e3274b63dc01fd286d6d939a626867c83a4603fc4347e0f8b8856f1b98fd	8
file	preflight-logs/selfcheck/collector-v10-test/precedence/outer-signals.json	77be55619a8daeb2cd7b4c46e70667bd674f911fb6bdb73fb82b893fa3d14b51	393
directory	preflight-logs/selfcheck/collector-v10-test/precedence/raw	-	0
file	preflight-logs/selfcheck/collector-v10-test/precedence/raw.seal.sha256	d5bde106309fae820c27adf16745a5a90634ce79248d4a88aa549cfca3103384	795
directory	preflight-logs/selfcheck/collector-v10-test/precedence/raw/preflight	-	0
file	preflight-logs/selfcheck/collector-v10-test/precedence/raw/preflight.session-ready	39feceb2eced7e3165a8f7f40852708b835f274d4ff94896baface7efca6a52d	109
file	preflight-logs/selfcheck/collector-v10-test/precedence/raw/preflight.session-ready.go	c2fc355f2b52e01ea670dc8b27f1c8f3a268d68b4b399a0cf91544cb975792df	3
file	preflight-logs/selfcheck/collector-v10-test/precedence/raw/preflight/fixture.endpoints	2eadd75476b6a4eeba05e3eacf1d3a539e6464e756c068236a5e477c1ef8769b	27
file	preflight-logs/selfcheck/collector-v10-test/precedence/raw/preflight/init.go	c2fc355f2b52e01ea670dc8b27f1c8f3a268d68b4b399a0cf91544cb975792df	3
file	preflight-logs/selfcheck/collector-v10-test/precedence/raw/preflight/init.ready	fcce5a7e838ce7dccfb11a0f7ea2b2de5a88214be1c7fe3a7c540e611f597c0a	109
file	preflight-logs/selfcheck/collector-v10-test/precedence/raw/stderr	e3b0c44298fc1c149afbf4c8996fb92427ae41e4649b934ca495991b7852b855	0
file	preflight-logs/selfcheck/collector-v10-test/precedence/raw/stdout	e3b0c44298fc1c149afbf4c8996fb92427ae41e4649b934ca495991b7852b855	0
file	preflight-logs/selfcheck/collector-v10-test/precedence/raw/supervisor.json	24463415cabb83a911aa8dbca3f16c7a8d61c293582ba92bd7d5d92270c4310f	8611
file	preflight-logs/selfcheck/collector-v10-test/precedence/raw/supervisor.ready	ed1a545bb85e55816bbf9566b028b2a0bc456b88f49f6f266c0401048824194b	6
directory	preflight-logs/selfcheck/collector-v10-test/precedence/tmp	-	0
directory	preflight-logs/selfcheck/collector-v10-test/raw-hup	-	0
file	preflight-logs/selfcheck/collector-v10-test/raw-hup-result.json	ce0dc104d0f2a06585327df103fada1650d6fc71eff4dc52edd05cd0e4871d4f	16
directory	preflight-logs/selfcheck/collector-v10-test/raw-hup/audits	-	0
file	preflight-logs/selfcheck/collector-v10-test/raw-hup/audits/final-artifacts.tsv	07da53e6ddfcfadb97242fe031bc48a6b9361ca703d69f4d1443fa879e5a6a3d	28
file	preflight-logs/selfcheck/collector-v10-test/raw-hup/audits/final-endpoint.txt	4de3fd1d1eeb08dd7976b911c02a38dba961cf2c27f9341b2c79ae214af5af25	13
file	preflight-logs/selfcheck/collector-v10-test/raw-hup/final-status.txt	f58525782683a5e8946989505078e416fe8cfcfb71eb71ef1793894c6274da4c	746
file	preflight-logs/selfcheck/collector-v10-test/raw-hup/finalization-order.txt	03ad30618a52f1f535ed2a1fe167b029cca0bad0728bb66c7865c3445e1d5473	185
directory	preflight-logs/selfcheck/collector-v10-test/raw-hup/hooks	-	0
file	preflight-logs/selfcheck/collector-v10-test/raw-hup/hooks/raw_seal.ready	ed1a545bb85e55816bbf9566b028b2a0bc456b88f49f6f266c0401048824194b	6
file	preflight-logs/selfcheck/collector-v10-test/raw-hup/hooks/raw_seal.release	3933e3274b63dc01fd286d6d939a626867c83a4603fc4347e0f8b8856f1b98fd	8
file	preflight-logs/selfcheck/collector-v10-test/raw-hup/outer-signals.json	8df0301c9c1c4e7001b8469991521dd1b56689ac2d69f7e6de7e01d5b62ebdcc	385
directory	preflight-logs/selfcheck/collector-v10-test/raw-hup/raw	-	0
file	preflight-logs/selfcheck/collector-v10-test/raw-hup/raw.seal.sha256	f2a256ce5c37ace2ad48cf0f324f8eb455cf4fa942b7a55ca13c09c255976281	795
directory	preflight-logs/selfcheck/collector-v10-test/raw-hup/raw/preflight	-	0
file	preflight-logs/selfcheck/collector-v10-test/raw-hup/raw/preflight.session-ready	39feceb2eced7e3165a8f7f40852708b835f274d4ff94896baface7efca6a52d	109
file	preflight-logs/selfcheck/collector-v10-test/raw-hup/raw/preflight.session-ready.go	c2fc355f2b52e01ea670dc8b27f1c8f3a268d68b4b399a0cf91544cb975792df	3
file	preflight-logs/selfcheck/collector-v10-test/raw-hup/raw/preflight/fixture.endpoints	2eadd75476b6a4eeba05e3eacf1d3a539e6464e756c068236a5e477c1ef8769b	27
file	preflight-logs/selfcheck/collector-v10-test/raw-hup/raw/preflight/init.go	c2fc355f2b52e01ea670dc8b27f1c8f3a268d68b4b399a0cf91544cb975792df	3
file	preflight-logs/selfcheck/collector-v10-test/raw-hup/raw/preflight/init.ready	fcce5a7e838ce7dccfb11a0f7ea2b2de5a88214be1c7fe3a7c540e611f597c0a	109
file	preflight-logs/selfcheck/collector-v10-test/raw-hup/raw/stderr	e3b0c44298fc1c149afbf4c8996fb92427ae41e4649b934ca495991b7852b855	0
file	preflight-logs/selfcheck/collector-v10-test/raw-hup/raw/stdout	e3b0c44298fc1c149afbf4c8996fb92427ae41e4649b934ca495991b7852b855	0
file	preflight-logs/selfcheck/collector-v10-test/raw-hup/raw/supervisor.json	f1f04b297972254310050154fb8948e2595f3ae125cc761fe9901406243c1a65	8589
file	preflight-logs/selfcheck/collector-v10-test/raw-hup/raw/supervisor.ready	ed1a545bb85e55816bbf9566b028b2a0bc456b88f49f6f266c0401048824194b	6
directory	preflight-logs/selfcheck/collector-v10-test/raw-hup/tmp	-	0
file	preflight-logs/selfcheck/collector-v10-test/reference.tsv	07da53e6ddfcfadb97242fe031bc48a6b9361ca703d69f4d1443fa879e5a6a3d	28
directory	preflight-logs/selfcheck/collector-v10-test/schema-cancellation_extra_suffix	-	0
file	preflight-logs/selfcheck/collector-v10-test/schema-cancellation_extra_suffix.collector.stderr	1a7b022122327c7f0c2d39264f5044b54cfe93aa18a0f4719ee3b7731a452dd6	83
file	preflight-logs/selfcheck/collector-v10-test/schema-cancellation_extra_suffix.collector.stdout	e3b0c44298fc1c149afbf4c8996fb92427ae41e4649b934ca495991b7852b855	0
directory	preflight-logs/selfcheck/collector-v10-test/schema-cancellation_extra_suffix/audits	-	0
file	preflight-logs/selfcheck/collector-v10-test/schema-cancellation_extra_suffix/audits/final-artifacts.tsv	07da53e6ddfcfadb97242fe031bc48a6b9361ca703d69f4d1443fa879e5a6a3d	28
file	preflight-logs/selfcheck/collector-v10-test/schema-cancellation_extra_suffix/audits/final-endpoint.txt	4de3fd1d1eeb08dd7976b911c02a38dba961cf2c27f9341b2c79ae214af5af25	13
file	preflight-logs/selfcheck/collector-v10-test/schema-cancellation_extra_suffix/final-status.txt	5098f08cca5162dae6cf741c0f1983ee5855815b9a11eb6862824e92310c9e4d	806
file	preflight-logs/selfcheck/collector-v10-test/schema-cancellation_extra_suffix/finalization-order.txt	03ad30618a52f1f535ed2a1fe167b029cca0bad0728bb66c7865c3445e1d5473	185
directory	preflight-logs/selfcheck/collector-v10-test/schema-cancellation_extra_suffix/hooks	-	0
file	preflight-logs/selfcheck/collector-v10-test/schema-cancellation_extra_suffix/outer-signals.json	4fb60ad7e50f3d3e74be335a9587702917d201cd33bc8e170399e8741bb33273	199
directory	preflight-logs/selfcheck/collector-v10-test/schema-cancellation_extra_suffix/raw	-	0
file	preflight-logs/selfcheck/collector-v10-test/schema-cancellation_extra_suffix/raw.seal.sha256	6a4570883024d72c9b3621a2a573da4b29b7b5296b479b1f27c6d5dd6a96aef4	795
directory	preflight-logs/selfcheck/collector-v10-test/schema-cancellation_extra_suffix/raw/preflight	-	0
file	preflight-logs/selfcheck/collector-v10-test/schema-cancellation_extra_suffix/raw/preflight.session-ready	39feceb2eced7e3165a8f7f40852708b835f274d4ff94896baface7efca6a52d	109
file	preflight-logs/selfcheck/collector-v10-test/schema-cancellation_extra_suffix/raw/preflight.session-ready.go	c2fc355f2b52e01ea670dc8b27f1c8f3a268d68b4b399a0cf91544cb975792df	3
file	preflight-logs/selfcheck/collector-v10-test/schema-cancellation_extra_suffix/raw/preflight/fixture.endpoints	2eadd75476b6a4eeba05e3eacf1d3a539e6464e756c068236a5e477c1ef8769b	27
file	preflight-logs/selfcheck/collector-v10-test/schema-cancellation_extra_suffix/raw/preflight/init.go	c2fc355f2b52e01ea670dc8b27f1c8f3a268d68b4b399a0cf91544cb975792df	3
file	preflight-logs/selfcheck/collector-v10-test/schema-cancellation_extra_suffix/raw/preflight/init.ready	fcce5a7e838ce7dccfb11a0f7ea2b2de5a88214be1c7fe3a7c540e611f597c0a	109
file	preflight-logs/selfcheck/collector-v10-test/schema-cancellation_extra_suffix/raw/stderr	e3b0c44298fc1c149afbf4c8996fb92427ae41e4649b934ca495991b7852b855	0
file	preflight-logs/selfcheck/collector-v10-test/schema-cancellation_extra_suffix/raw/stdout	e3b0c44298fc1c149afbf4c8996fb92427ae41e4649b934ca495991b7852b855	0
file	preflight-logs/selfcheck/collector-v10-test/schema-cancellation_extra_suffix/raw/supervisor.json	7a0c2c471f8963f01c7112bea0ac9af140b2f7fb6521d8d0c8d0d7f33e8e3a35	8914
file	preflight-logs/selfcheck/collector-v10-test/schema-cancellation_extra_suffix/raw/supervisor.ready	ed1a545bb85e55816bbf9566b028b2a0bc456b88f49f6f266c0401048824194b	6
directory	preflight-logs/selfcheck/collector-v10-test/schema-cancellation_extra_suffix/tmp	-	0
directory	preflight-logs/selfcheck/collector-v10-test/schema-cancellation_wrong_signal	-	0
file	preflight-logs/selfcheck/collector-v10-test/schema-cancellation_wrong_signal.collector.stderr	1a7b022122327c7f0c2d39264f5044b54cfe93aa18a0f4719ee3b7731a452dd6	83
file	preflight-logs/selfcheck/collector-v10-test/schema-cancellation_wrong_signal.collector.stdout	e3b0c44298fc1c149afbf4c8996fb92427ae41e4649b934ca495991b7852b855	0
directory	preflight-logs/selfcheck/collector-v10-test/schema-cancellation_wrong_signal/audits	-	0
file	preflight-logs/selfcheck/collector-v10-test/schema-cancellation_wrong_signal/audits/final-artifacts.tsv	07da53e6ddfcfadb97242fe031bc48a6b9361ca703d69f4d1443fa879e5a6a3d	28
file	preflight-logs/selfcheck/collector-v10-test/schema-cancellation_wrong_signal/audits/final-endpoint.txt	4de3fd1d1eeb08dd7976b911c02a38dba961cf2c27f9341b2c79ae214af5af25	13
file	preflight-logs/selfcheck/collector-v10-test/schema-cancellation_wrong_signal/final-status.txt	13a9a375aea7b10675455c4eb729378a6f150526f2caf9470c9d558e2e24ff24	806
file	preflight-logs/selfcheck/collector-v10-test/schema-cancellation_wrong_signal/finalization-order.txt	03ad30618a52f1f535ed2a1fe167b029cca0bad0728bb66c7865c3445e1d5473	185
directory	preflight-logs/selfcheck/collector-v10-test/schema-cancellation_wrong_signal/hooks	-	0
file	preflight-logs/selfcheck/collector-v10-test/schema-cancellation_wrong_signal/outer-signals.json	4fb60ad7e50f3d3e74be335a9587702917d201cd33bc8e170399e8741bb33273	199
directory	preflight-logs/selfcheck/collector-v10-test/schema-cancellation_wrong_signal/raw	-	0
file	preflight-logs/selfcheck/collector-v10-test/schema-cancellation_wrong_signal/raw.seal.sha256	8c693c6d5d7ac07f456fabac8b5c4c33f495cbc5fd866e81a1390501f733e3a2	795
directory	preflight-logs/selfcheck/collector-v10-test/schema-cancellation_wrong_signal/raw/preflight	-	0
file	preflight-logs/selfcheck/collector-v10-test/schema-cancellation_wrong_signal/raw/preflight.session-ready	39feceb2eced7e3165a8f7f40852708b835f274d4ff94896baface7efca6a52d	109
file	preflight-logs/selfcheck/collector-v10-test/schema-cancellation_wrong_signal/raw/preflight.session-ready.go	c2fc355f2b52e01ea670dc8b27f1c8f3a268d68b4b399a0cf91544cb975792df	3
file	preflight-logs/selfcheck/collector-v10-test/schema-cancellation_wrong_signal/raw/preflight/fixture.endpoints	2eadd75476b6a4eeba05e3eacf1d3a539e6464e756c068236a5e477c1ef8769b	27
file	preflight-logs/selfcheck/collector-v10-test/schema-cancellation_wrong_signal/raw/preflight/init.go	c2fc355f2b52e01ea670dc8b27f1c8f3a268d68b4b399a0cf91544cb975792df	3
file	preflight-logs/selfcheck/collector-v10-test/schema-cancellation_wrong_signal/raw/preflight/init.ready	fcce5a7e838ce7dccfb11a0f7ea2b2de5a88214be1c7fe3a7c540e611f597c0a	109
file	preflight-logs/selfcheck/collector-v10-test/schema-cancellation_wrong_signal/raw/stderr	e3b0c44298fc1c149afbf4c8996fb92427ae41e4649b934ca495991b7852b855	0
file	preflight-logs/selfcheck/collector-v10-test/schema-cancellation_wrong_signal/raw/stdout	e3b0c44298fc1c149afbf4c8996fb92427ae41e4649b934ca495991b7852b855	0
file	preflight-logs/selfcheck/collector-v10-test/schema-cancellation_wrong_signal/raw/supervisor.json	765ead44809836d89383b35a09a4987ce56397996911929c20b9ddb218a0e036	8891
file	preflight-logs/selfcheck/collector-v10-test/schema-cancellation_wrong_signal/raw/supervisor.ready	ed1a545bb85e55816bbf9566b028b2a0bc456b88f49f6f266c0401048824194b	6
directory	preflight-logs/selfcheck/collector-v10-test/schema-cancellation_wrong_signal/tmp	-	0
directory	preflight-logs/selfcheck/collector-v10-test/schema-forged_bootstrap_program	-	0
file	preflight-logs/selfcheck/collector-v10-test/schema-forged_bootstrap_program.collector.stderr	fe62b9dc600d7043db8353fbb0bdb96b8c403eb12c010b2531aa379536f96cce	95
file	preflight-logs/selfcheck/collector-v10-test/schema-forged_bootstrap_program.collector.stdout	e3b0c44298fc1c149afbf4c8996fb92427ae41e4649b934ca495991b7852b855	0
directory	preflight-logs/selfcheck/collector-v10-test/schema-forged_bootstrap_program/audits	-	0
file	preflight-logs/selfcheck/collector-v10-test/schema-forged_bootstrap_program/audits/final-artifacts.tsv	07da53e6ddfcfadb97242fe031bc48a6b9361ca703d69f4d1443fa879e5a6a3d	28
file	preflight-logs/selfcheck/collector-v10-test/schema-forged_bootstrap_program/audits/final-endpoint.txt	4de3fd1d1eeb08dd7976b911c02a38dba961cf2c27f9341b2c79ae214af5af25	13
file	preflight-logs/selfcheck/collector-v10-test/schema-forged_bootstrap_program/final-status.txt	39878ae0e4478c3a0f8e754f0f4fe1ae1ca6088b90054ee02880ca9eb892dcbf	817
file	preflight-logs/selfcheck/collector-v10-test/schema-forged_bootstrap_program/finalization-order.txt	03ad30618a52f1f535ed2a1fe167b029cca0bad0728bb66c7865c3445e1d5473	185
directory	preflight-logs/selfcheck/collector-v10-test/schema-forged_bootstrap_program/hooks	-	0
file	preflight-logs/selfcheck/collector-v10-test/schema-forged_bootstrap_program/outer-signals.json	4fb60ad7e50f3d3e74be335a9587702917d201cd33bc8e170399e8741bb33273	199
directory	preflight-logs/selfcheck/collector-v10-test/schema-forged_bootstrap_program/raw	-	0
file	preflight-logs/selfcheck/collector-v10-test/schema-forged_bootstrap_program/raw.seal.sha256	952c87f2dbba7e8a849e98f58e8cea3bef548a77bc30c0904b1ad4842a79a2c0	795
directory	preflight-logs/selfcheck/collector-v10-test/schema-forged_bootstrap_program/raw/preflight	-	0
file	preflight-logs/selfcheck/collector-v10-test/schema-forged_bootstrap_program/raw/preflight.session-ready	39feceb2eced7e3165a8f7f40852708b835f274d4ff94896baface7efca6a52d	109
file	preflight-logs/selfcheck/collector-v10-test/schema-forged_bootstrap_program/raw/preflight.session-ready.go	c2fc355f2b52e01ea670dc8b27f1c8f3a268d68b4b399a0cf91544cb975792df	3
file	preflight-logs/selfcheck/collector-v10-test/schema-forged_bootstrap_program/raw/preflight/fixture.endpoints	2eadd75476b6a4eeba05e3eacf1d3a539e6464e756c068236a5e477c1ef8769b	27
file	preflight-logs/selfcheck/collector-v10-test/schema-forged_bootstrap_program/raw/preflight/init.go	c2fc355f2b52e01ea670dc8b27f1c8f3a268d68b4b399a0cf91544cb975792df	3
file	preflight-logs/selfcheck/collector-v10-test/schema-forged_bootstrap_program/raw/preflight/init.ready	fcce5a7e838ce7dccfb11a0f7ea2b2de5a88214be1c7fe3a7c540e611f597c0a	109
file	preflight-logs/selfcheck/collector-v10-test/schema-forged_bootstrap_program/raw/stderr	e3b0c44298fc1c149afbf4c8996fb92427ae41e4649b934ca495991b7852b855	0
file	preflight-logs/selfcheck/collector-v10-test/schema-forged_bootstrap_program/raw/stdout	e3b0c44298fc1c149afbf4c8996fb92427ae41e4649b934ca495991b7852b855	0
file	preflight-logs/selfcheck/collector-v10-test/schema-forged_bootstrap_program/raw/supervisor.json	4355d1e08362357f860b0a4df90deb78ef47d88b47f88e95ae6dc9e733c2d7f9	8629
file	preflight-logs/selfcheck/collector-v10-test/schema-forged_bootstrap_program/raw/supervisor.ready	ed1a545bb85e55816bbf9566b028b2a0bc456b88f49f6f266c0401048824194b	6
directory	preflight-logs/selfcheck/collector-v10-test/schema-forged_bootstrap_program/tmp	-	0
directory	preflight-logs/selfcheck/collector-v10-test/schema-priority_containment_degradation	-	0
file	preflight-logs/selfcheck/collector-v10-test/schema-priority_containment_degradation.collector.stderr	1a7b022122327c7f0c2d39264f5044b54cfe93aa18a0f4719ee3b7731a452dd6	83
file	preflight-logs/selfcheck/collector-v10-test/schema-priority_containment_degradation.collector.stdout	e3b0c44298fc1c149afbf4c8996fb92427ae41e4649b934ca495991b7852b855	0
directory	preflight-logs/selfcheck/collector-v10-test/schema-priority_containment_degradation/audits	-	0
file	preflight-logs/selfcheck/collector-v10-test/schema-priority_containment_degradation/audits/final-artifacts.tsv	07da53e6ddfcfadb97242fe031bc48a6b9361ca703d69f4d1443fa879e5a6a3d	28
file	preflight-logs/selfcheck/collector-v10-test/schema-priority_containment_degradation/audits/final-endpoint.txt	4de3fd1d1eeb08dd7976b911c02a38dba961cf2c27f9341b2c79ae214af5af25	13
file	preflight-logs/selfcheck/collector-v10-test/schema-priority_containment_degradation/final-status.txt	3aeb5c2d4bfeb795b19fa37c84262eb55a2da756b12879210a5dd21cfe492b7f	813
file	preflight-logs/selfcheck/collector-v10-test/schema-priority_containment_degradation/finalization-order.txt	03ad30618a52f1f535ed2a1fe167b029cca0bad0728bb66c7865c3445e1d5473	185
directory	preflight-logs/selfcheck/collector-v10-test/schema-priority_containment_degradation/hooks	-	0
file	preflight-logs/selfcheck/collector-v10-test/schema-priority_containment_degradation/outer-signals.json	4fb60ad7e50f3d3e74be335a9587702917d201cd33bc8e170399e8741bb33273	199
directory	preflight-logs/selfcheck/collector-v10-test/schema-priority_containment_degradation/raw	-	0
file	preflight-logs/selfcheck/collector-v10-test/schema-priority_containment_degradation/raw.seal.sha256	78b88aa297f035b121ec92e046461f1bb44306caedb3a7dcac73fe20e0b7411c	795
directory	preflight-logs/selfcheck/collector-v10-test/schema-priority_containment_degradation/raw/preflight	-	0
file	preflight-logs/selfcheck/collector-v10-test/schema-priority_containment_degradation/raw/preflight.session-ready	39feceb2eced7e3165a8f7f40852708b835f274d4ff94896baface7efca6a52d	109
file	preflight-logs/selfcheck/collector-v10-test/schema-priority_containment_degradation/raw/preflight.session-ready.go	c2fc355f2b52e01ea670dc8b27f1c8f3a268d68b4b399a0cf91544cb975792df	3
file	preflight-logs/selfcheck/collector-v10-test/schema-priority_containment_degradation/raw/preflight/fixture.endpoints	2eadd75476b6a4eeba05e3eacf1d3a539e6464e756c068236a5e477c1ef8769b	27
file	preflight-logs/selfcheck/collector-v10-test/schema-priority_containment_degradation/raw/preflight/init.go	c2fc355f2b52e01ea670dc8b27f1c8f3a268d68b4b399a0cf91544cb975792df	3
file	preflight-logs/selfcheck/collector-v10-test/schema-priority_containment_degradation/raw/preflight/init.ready	fcce5a7e838ce7dccfb11a0f7ea2b2de5a88214be1c7fe3a7c540e611f597c0a	109
file	preflight-logs/selfcheck/collector-v10-test/schema-priority_containment_degradation/raw/stderr	e3b0c44298fc1c149afbf4c8996fb92427ae41e4649b934ca495991b7852b855	0
file	preflight-logs/selfcheck/collector-v10-test/schema-priority_containment_degradation/raw/stdout	e3b0c44298fc1c149afbf4c8996fb92427ae41e4649b934ca495991b7852b855	0
file	preflight-logs/selfcheck/collector-v10-test/schema-priority_containment_degradation/raw/supervisor.json	9bac102f4b4a8d2a65bf3dd2ce1bfb6d3fb7b9606b214fa719fdb6fd6ed72d8e	8822
file	preflight-logs/selfcheck/collector-v10-test/schema-priority_containment_degradation/raw/supervisor.ready	ed1a545bb85e55816bbf9566b028b2a0bc456b88f49f6f266c0401048824194b	6
directory	preflight-logs/selfcheck/collector-v10-test/schema-priority_containment_degradation/tmp	-	0
directory	preflight-logs/selfcheck/collector-v10-test/schema-priority_containment_exception	-	0
file	preflight-logs/selfcheck/collector-v10-test/schema-priority_containment_exception.collector.stderr	1a7b022122327c7f0c2d39264f5044b54cfe93aa18a0f4719ee3b7731a452dd6	83
file	preflight-logs/selfcheck/collector-v10-test/schema-priority_containment_exception.collector.stdout	e3b0c44298fc1c149afbf4c8996fb92427ae41e4649b934ca495991b7852b855	0
directory	preflight-logs/selfcheck/collector-v10-test/schema-priority_containment_exception/audits	-	0
file	preflight-logs/selfcheck/collector-v10-test/schema-priority_containment_exception/audits/final-artifacts.tsv	07da53e6ddfcfadb97242fe031bc48a6b9361ca703d69f4d1443fa879e5a6a3d	28
file	preflight-logs/selfcheck/collector-v10-test/schema-priority_containment_exception/audits/final-endpoint.txt	4de3fd1d1eeb08dd7976b911c02a38dba961cf2c27f9341b2c79ae214af5af25	13
file	preflight-logs/selfcheck/collector-v10-test/schema-priority_containment_exception/final-status.txt	22331bd4526b3b2c0bd6468617e0bb424b461037d951406111f54114c9446f1c	811
file	preflight-logs/selfcheck/collector-v10-test/schema-priority_containment_exception/finalization-order.txt	03ad30618a52f1f535ed2a1fe167b029cca0bad0728bb66c7865c3445e1d5473	185
directory	preflight-logs/selfcheck/collector-v10-test/schema-priority_containment_exception/hooks	-	0
file	preflight-logs/selfcheck/collector-v10-test/schema-priority_containment_exception/outer-signals.json	4fb60ad7e50f3d3e74be335a9587702917d201cd33bc8e170399e8741bb33273	199
directory	preflight-logs/selfcheck/collector-v10-test/schema-priority_containment_exception/raw	-	0
file	preflight-logs/selfcheck/collector-v10-test/schema-priority_containment_exception/raw.seal.sha256	4db3b0cdf3388bded45d605dfa97f20ba84e83e655cd73d97f694cae0ee202f2	795
directory	preflight-logs/selfcheck/collector-v10-test/schema-priority_containment_exception/raw/preflight	-	0
file	preflight-logs/selfcheck/collector-v10-test/schema-priority_containment_exception/raw/preflight.session-ready	39feceb2eced7e3165a8f7f40852708b835f274d4ff94896baface7efca6a52d	109
file	preflight-logs/selfcheck/collector-v10-test/schema-priority_containment_exception/raw/preflight.session-ready.go	c2fc355f2b52e01ea670dc8b27f1c8f3a268d68b4b399a0cf91544cb975792df	3
file	preflight-logs/selfcheck/collector-v10-test/schema-priority_containment_exception/raw/preflight/fixture.endpoints	2eadd75476b6a4eeba05e3eacf1d3a539e6464e756c068236a5e477c1ef8769b	27
file	preflight-logs/selfcheck/collector-v10-test/schema-priority_containment_exception/raw/preflight/init.go	c2fc355f2b52e01ea670dc8b27f1c8f3a268d68b4b399a0cf91544cb975792df	3
file	preflight-logs/selfcheck/collector-v10-test/schema-priority_containment_exception/raw/preflight/init.ready	fcce5a7e838ce7dccfb11a0f7ea2b2de5a88214be1c7fe3a7c540e611f597c0a	109
file	preflight-logs/selfcheck/collector-v10-test/schema-priority_containment_exception/raw/stderr	e3b0c44298fc1c149afbf4c8996fb92427ae41e4649b934ca495991b7852b855	0
file	preflight-logs/selfcheck/collector-v10-test/schema-priority_containment_exception/raw/stdout	e3b0c44298fc1c149afbf4c8996fb92427ae41e4649b934ca495991b7852b855	0
file	preflight-logs/selfcheck/collector-v10-test/schema-priority_containment_exception/raw/supervisor.json	112e63652ebcac7dfd4383f2ae9af8f87adfb2a40eec8d03932f984dd6d8c4a1	8852
file	preflight-logs/selfcheck/collector-v10-test/schema-priority_containment_exception/raw/supervisor.ready	ed1a545bb85e55816bbf9566b028b2a0bc456b88f49f6f266c0401048824194b	6
directory	preflight-logs/selfcheck/collector-v10-test/schema-priority_containment_exception/tmp	-	0
directory	preflight-logs/selfcheck/collector-v10-test/schema-priority_containment_nonzero	-	0
file	preflight-logs/selfcheck/collector-v10-test/schema-priority_containment_nonzero.collector.stderr	1a7b022122327c7f0c2d39264f5044b54cfe93aa18a0f4719ee3b7731a452dd6	83
file	preflight-logs/selfcheck/collector-v10-test/schema-priority_containment_nonzero.collector.stdout	e3b0c44298fc1c149afbf4c8996fb92427ae41e4649b934ca495991b7852b855	0
directory	preflight-logs/selfcheck/collector-v10-test/schema-priority_containment_nonzero/audits	-	0
file	preflight-logs/selfcheck/collector-v10-test/schema-priority_containment_nonzero/audits/final-artifacts.tsv	07da53e6ddfcfadb97242fe031bc48a6b9361ca703d69f4d1443fa879e5a6a3d	28
file	preflight-logs/selfcheck/collector-v10-test/schema-priority_containment_nonzero/audits/final-endpoint.txt	4de3fd1d1eeb08dd7976b911c02a38dba961cf2c27f9341b2c79ae214af5af25	13
file	preflight-logs/selfcheck/collector-v10-test/schema-priority_containment_nonzero/final-status.txt	b62bb42c9ed84cbfbbaae517265b0a9cc19f27dfc8b0cc1a5e6b3469146d4fe6	809
file	preflight-logs/selfcheck/collector-v10-test/schema-priority_containment_nonzero/finalization-order.txt	03ad30618a52f1f535ed2a1fe167b029cca0bad0728bb66c7865c3445e1d5473	185
directory	preflight-logs/selfcheck/collector-v10-test/schema-priority_containment_nonzero/hooks	-	0
file	preflight-logs/selfcheck/collector-v10-test/schema-priority_containment_nonzero/outer-signals.json	4fb60ad7e50f3d3e74be335a9587702917d201cd33bc8e170399e8741bb33273	199
directory	preflight-logs/selfcheck/collector-v10-test/schema-priority_containment_nonzero/raw	-	0
file	preflight-logs/selfcheck/collector-v10-test/schema-priority_containment_nonzero/raw.seal.sha256	e1bdd979a5f368ccc0cd06f2f821f4c07a7aff472de0245e78752bab3f55990a	795
directory	preflight-logs/selfcheck/collector-v10-test/schema-priority_containment_nonzero/raw/preflight	-	0
file	preflight-logs/selfcheck/collector-v10-test/schema-priority_containment_nonzero/raw/preflight.session-ready	39feceb2eced7e3165a8f7f40852708b835f274d4ff94896baface7efca6a52d	109
file	preflight-logs/selfcheck/collector-v10-test/schema-priority_containment_nonzero/raw/preflight.session-ready.go	c2fc355f2b52e01ea670dc8b27f1c8f3a268d68b4b399a0cf91544cb975792df	3
file	preflight-logs/selfcheck/collector-v10-test/schema-priority_containment_nonzero/raw/preflight/fixture.endpoints	2eadd75476b6a4eeba05e3eacf1d3a539e6464e756c068236a5e477c1ef8769b	27
file	preflight-logs/selfcheck/collector-v10-test/schema-priority_containment_nonzero/raw/preflight/init.go	c2fc355f2b52e01ea670dc8b27f1c8f3a268d68b4b399a0cf91544cb975792df	3
file	preflight-logs/selfcheck/collector-v10-test/schema-priority_containment_nonzero/raw/preflight/init.ready	fcce5a7e838ce7dccfb11a0f7ea2b2de5a88214be1c7fe3a7c540e611f597c0a	109
file	preflight-logs/selfcheck/collector-v10-test/schema-priority_containment_nonzero/raw/stderr	e3b0c44298fc1c149afbf4c8996fb92427ae41e4649b934ca495991b7852b855	0
file	preflight-logs/selfcheck/collector-v10-test/schema-priority_containment_nonzero/raw/stdout	e3b0c44298fc1c149afbf4c8996fb92427ae41e4649b934ca495991b7852b855	0
file	preflight-logs/selfcheck/collector-v10-test/schema-priority_containment_nonzero/raw/supervisor.json	c947b5c4009db3ad0f4c648efb72c0c76e302badca81b2d4f4c62ffe2c7cb4a0	8787
file	preflight-logs/selfcheck/collector-v10-test/schema-priority_containment_nonzero/raw/supervisor.ready	ed1a545bb85e55816bbf9566b028b2a0bc456b88f49f6f266c0401048824194b	6
directory	preflight-logs/selfcheck/collector-v10-test/schema-priority_containment_nonzero/tmp	-	0
directory	preflight-logs/selfcheck/collector-v10-test/schema-priority_containment_signal	-	0
file	preflight-logs/selfcheck/collector-v10-test/schema-priority_containment_signal.collector.stderr	1a7b022122327c7f0c2d39264f5044b54cfe93aa18a0f4719ee3b7731a452dd6	83
file	preflight-logs/selfcheck/collector-v10-test/schema-priority_containment_signal.collector.stdout	e3b0c44298fc1c149afbf4c8996fb92427ae41e4649b934ca495991b7852b855	0
directory	preflight-logs/selfcheck/collector-v10-test/schema-priority_containment_signal/audits	-	0
file	preflight-logs/selfcheck/collector-v10-test/schema-priority_containment_signal/audits/final-artifacts.tsv	07da53e6ddfcfadb97242fe031bc48a6b9361ca703d69f4d1443fa879e5a6a3d	28
file	preflight-logs/selfcheck/collector-v10-test/schema-priority_containment_signal/audits/final-endpoint.txt	4de3fd1d1eeb08dd7976b911c02a38dba961cf2c27f9341b2c79ae214af5af25	13
file	preflight-logs/selfcheck/collector-v10-test/schema-priority_containment_signal/final-status.txt	8904c93f74457679cdf1345a14f16fcee7686c62b1b66f6801e5487b5fa92f40	808
file	preflight-logs/selfcheck/collector-v10-test/schema-priority_containment_signal/finalization-order.txt	03ad30618a52f1f535ed2a1fe167b029cca0bad0728bb66c7865c3445e1d5473	185
directory	preflight-logs/selfcheck/collector-v10-test/schema-priority_containment_signal/hooks	-	0
file	preflight-logs/selfcheck/collector-v10-test/schema-priority_containment_signal/outer-signals.json	4fb60ad7e50f3d3e74be335a9587702917d201cd33bc8e170399e8741bb33273	199
directory	preflight-logs/selfcheck/collector-v10-test/schema-priority_containment_signal/raw	-	0
file	preflight-logs/selfcheck/collector-v10-test/schema-priority_containment_signal/raw.seal.sha256	9d90dfae01dec83ea8a3e72819f35de9b9ee67dbcbd5a4681e027fa6fed24354	795
directory	preflight-logs/selfcheck/collector-v10-test/schema-priority_containment_signal/raw/preflight	-	0
file	preflight-logs/selfcheck/collector-v10-test/schema-priority_containment_signal/raw/preflight.session-ready	39feceb2eced7e3165a8f7f40852708b835f274d4ff94896baface7efca6a52d	109
file	preflight-logs/selfcheck/collector-v10-test/schema-priority_containment_signal/raw/preflight.session-ready.go	c2fc355f2b52e01ea670dc8b27f1c8f3a268d68b4b399a0cf91544cb975792df	3
file	preflight-logs/selfcheck/collector-v10-test/schema-priority_containment_signal/raw/preflight/fixture.endpoints	2eadd75476b6a4eeba05e3eacf1d3a539e6464e756c068236a5e477c1ef8769b	27
file	preflight-logs/selfcheck/collector-v10-test/schema-priority_containment_signal/raw/preflight/init.go	c2fc355f2b52e01ea670dc8b27f1c8f3a268d68b4b399a0cf91544cb975792df	3
file	preflight-logs/selfcheck/collector-v10-test/schema-priority_containment_signal/raw/preflight/init.ready	fcce5a7e838ce7dccfb11a0f7ea2b2de5a88214be1c7fe3a7c540e611f597c0a	109
file	preflight-logs/selfcheck/collector-v10-test/schema-priority_containment_signal/raw/stderr	e3b0c44298fc1c149afbf4c8996fb92427ae41e4649b934ca495991b7852b855	0
file	preflight-logs/selfcheck/collector-v10-test/schema-priority_containment_signal/raw/stdout	e3b0c44298fc1c149afbf4c8996fb92427ae41e4649b934ca495991b7852b855	0
file	preflight-logs/selfcheck/collector-v10-test/schema-priority_containment_signal/raw/supervisor.json	e54a164fc667f54bb4a22f82e5db488a370b891a7dc97a66f30f14c952cd94fe	8905
file	preflight-logs/selfcheck/collector-v10-test/schema-priority_containment_signal/raw/supervisor.ready	ed1a545bb85e55816bbf9566b028b2a0bc456b88f49f6f266c0401048824194b	6
directory	preflight-logs/selfcheck/collector-v10-test/schema-priority_containment_signal/tmp	-	0
directory	preflight-logs/selfcheck/collector-v10-test/schema-priority_containment_success	-	0
file	preflight-logs/selfcheck/collector-v10-test/schema-priority_containment_success.collector.stderr	1a7b022122327c7f0c2d39264f5044b54cfe93aa18a0f4719ee3b7731a452dd6	83
file	preflight-logs/selfcheck/collector-v10-test/schema-priority_containment_success.collector.stdout	e3b0c44298fc1c149afbf4c8996fb92427ae41e4649b934ca495991b7852b855	0
directory	preflight-logs/selfcheck/collector-v10-test/schema-priority_containment_success/audits	-	0
file	preflight-logs/selfcheck/collector-v10-test/schema-priority_containment_success/audits/final-artifacts.tsv	07da53e6ddfcfadb97242fe031bc48a6b9361ca703d69f4d1443fa879e5a6a3d	28
file	preflight-logs/selfcheck/collector-v10-test/schema-priority_containment_success/audits/final-endpoint.txt	4de3fd1d1eeb08dd7976b911c02a38dba961cf2c27f9341b2c79ae214af5af25	13
file	preflight-logs/selfcheck/collector-v10-test/schema-priority_containment_success/final-status.txt	bd702b22ddcaa78d2bebdce87715ac53d458b21bca2925d0adf7c66502badf74	809
file	preflight-logs/selfcheck/collector-v10-test/schema-priority_containment_success/finalization-order.txt	03ad30618a52f1f535ed2a1fe167b029cca0bad0728bb66c7865c3445e1d5473	185
directory	preflight-logs/selfcheck/collector-v10-test/schema-priority_containment_success/hooks	-	0
file	preflight-logs/selfcheck/collector-v10-test/schema-priority_containment_success/outer-signals.json	4fb60ad7e50f3d3e74be335a9587702917d201cd33bc8e170399e8741bb33273	199
directory	preflight-logs/selfcheck/collector-v10-test/schema-priority_containment_success/raw	-	0
file	preflight-logs/selfcheck/collector-v10-test/schema-priority_containment_success/raw.seal.sha256	6fd783e0b54daa72e6da60206b4a3732ef6eb2c2924c1aa29b6bb274e6648ad5	795
directory	preflight-logs/selfcheck/collector-v10-test/schema-priority_containment_success/raw/preflight	-	0
file	preflight-logs/selfcheck/collector-v10-test/schema-priority_containment_success/raw/preflight.session-ready	e26f96668f6ac3c0b7fb7e1619259e9b1dd464bd6fbe2ebf3140430c3871a25b	109
file	preflight-logs/selfcheck/collector-v10-test/schema-priority_containment_success/raw/preflight.session-ready.go	c2fc355f2b52e01ea670dc8b27f1c8f3a268d68b4b399a0cf91544cb975792df	3
file	preflight-logs/selfcheck/collector-v10-test/schema-priority_containment_success/raw/preflight/fixture.endpoints	2eadd75476b6a4eeba05e3eacf1d3a539e6464e756c068236a5e477c1ef8769b	27
file	preflight-logs/selfcheck/collector-v10-test/schema-priority_containment_success/raw/preflight/init.go	c2fc355f2b52e01ea670dc8b27f1c8f3a268d68b4b399a0cf91544cb975792df	3
file	preflight-logs/selfcheck/collector-v10-test/schema-priority_containment_success/raw/preflight/init.ready	39feceb2eced7e3165a8f7f40852708b835f274d4ff94896baface7efca6a52d	109
file	preflight-logs/selfcheck/collector-v10-test/schema-priority_containment_success/raw/stderr	e3b0c44298fc1c149afbf4c8996fb92427ae41e4649b934ca495991b7852b855	0
file	preflight-logs/selfcheck/collector-v10-test/schema-priority_containment_success/raw/stdout	e3b0c44298fc1c149afbf4c8996fb92427ae41e4649b934ca495991b7852b855	0
file	preflight-logs/selfcheck/collector-v10-test/schema-priority_containment_success/raw/supervisor.json	a7f0d0569d1e32d8c8aeb4d3ce88e0d0f27f0abc7ae68fd9a004ed3f6c91b3ea	8786
file	preflight-logs/selfcheck/collector-v10-test/schema-priority_containment_success/raw/supervisor.ready	ed1a545bb85e55816bbf9566b028b2a0bc456b88f49f6f266c0401048824194b	6
directory	preflight-logs/selfcheck/collector-v10-test/schema-priority_containment_success/tmp	-	0
directory	preflight-logs/selfcheck/collector-v10-test/schema-priority_containment_timeout	-	0
file	preflight-logs/selfcheck/collector-v10-test/schema-priority_containment_timeout.collector.stderr	1a7b022122327c7f0c2d39264f5044b54cfe93aa18a0f4719ee3b7731a452dd6	83
file	preflight-logs/selfcheck/collector-v10-test/schema-priority_containment_timeout.collector.stdout	e3b0c44298fc1c149afbf4c8996fb92427ae41e4649b934ca495991b7852b855	0
directory	preflight-logs/selfcheck/collector-v10-test/schema-priority_containment_timeout/audits	-	0
file	preflight-logs/selfcheck/collector-v10-test/schema-priority_containment_timeout/audits/final-artifacts.tsv	07da53e6ddfcfadb97242fe031bc48a6b9361ca703d69f4d1443fa879e5a6a3d	28
file	preflight-logs/selfcheck/collector-v10-test/schema-priority_containment_timeout/audits/final-endpoint.txt	4de3fd1d1eeb08dd7976b911c02a38dba961cf2c27f9341b2c79ae214af5af25	13
file	preflight-logs/selfcheck/collector-v10-test/schema-priority_containment_timeout/final-status.txt	9a479b250e41152a46c4c8b7475338ffdd31d472441f6458d989751beecf151c	809
file	preflight-logs/selfcheck/collector-v10-test/schema-priority_containment_timeout/finalization-order.txt	03ad30618a52f1f535ed2a1fe167b029cca0bad0728bb66c7865c3445e1d5473	185
directory	preflight-logs/selfcheck/collector-v10-test/schema-priority_containment_timeout/hooks	-	0
file	preflight-logs/selfcheck/collector-v10-test/schema-priority_containment_timeout/outer-signals.json	4fb60ad7e50f3d3e74be335a9587702917d201cd33bc8e170399e8741bb33273	199
directory	preflight-logs/selfcheck/collector-v10-test/schema-priority_containment_timeout/raw	-	0
file	preflight-logs/selfcheck/collector-v10-test/schema-priority_containment_timeout/raw.seal.sha256	6263990beaf58f53796762b172838e5914ffdbd77a9054579d8140b9ddb53699	795
directory	preflight-logs/selfcheck/collector-v10-test/schema-priority_containment_timeout/raw/preflight	-	0
file	preflight-logs/selfcheck/collector-v10-test/schema-priority_containment_timeout/raw/preflight.session-ready	39feceb2eced7e3165a8f7f40852708b835f274d4ff94896baface7efca6a52d	109
file	preflight-logs/selfcheck/collector-v10-test/schema-priority_containment_timeout/raw/preflight.session-ready.go	c2fc355f2b52e01ea670dc8b27f1c8f3a268d68b4b399a0cf91544cb975792df	3
file	preflight-logs/selfcheck/collector-v10-test/schema-priority_containment_timeout/raw/preflight/fixture.endpoints	2eadd75476b6a4eeba05e3eacf1d3a539e6464e756c068236a5e477c1ef8769b	27
file	preflight-logs/selfcheck/collector-v10-test/schema-priority_containment_timeout/raw/preflight/init.go	c2fc355f2b52e01ea670dc8b27f1c8f3a268d68b4b399a0cf91544cb975792df	3
file	preflight-logs/selfcheck/collector-v10-test/schema-priority_containment_timeout/raw/preflight/init.ready	fcce5a7e838ce7dccfb11a0f7ea2b2de5a88214be1c7fe3a7c540e611f597c0a	109
file	preflight-logs/selfcheck/collector-v10-test/schema-priority_containment_timeout/raw/stderr	e3b0c44298fc1c149afbf4c8996fb92427ae41e4649b934ca495991b7852b855	0
file	preflight-logs/selfcheck/collector-v10-test/schema-priority_containment_timeout/raw/stdout	e3b0c44298fc1c149afbf4c8996fb92427ae41e4649b934ca495991b7852b855	0
file	preflight-logs/selfcheck/collector-v10-test/schema-priority_containment_timeout/raw/supervisor.json	508904e58ccc479bb3c3b683825fa82b5616bf86841ca41cfea8a1eeab800b8b	8785
file	preflight-logs/selfcheck/collector-v10-test/schema-priority_containment_timeout/raw/supervisor.ready	ed1a545bb85e55816bbf9566b028b2a0bc456b88f49f6f266c0401048824194b	6
directory	preflight-logs/selfcheck/collector-v10-test/schema-priority_containment_timeout/tmp	-	0
directory	preflight-logs/selfcheck/collector-v10-test/schema-priority_degradation_exception	-	0
file	preflight-logs/selfcheck/collector-v10-test/schema-priority_degradation_exception.collector.stderr	1a7b022122327c7f0c2d39264f5044b54cfe93aa18a0f4719ee3b7731a452dd6	83
file	preflight-logs/selfcheck/collector-v10-test/schema-priority_degradation_exception.collector.stdout	e3b0c44298fc1c149afbf4c8996fb92427ae41e4649b934ca495991b7852b855	0
directory	preflight-logs/selfcheck/collector-v10-test/schema-priority_degradation_exception/audits	-	0
file	preflight-logs/selfcheck/collector-v10-test/schema-priority_degradation_exception/audits/final-artifacts.tsv	07da53e6ddfcfadb97242fe031bc48a6b9361ca703d69f4d1443fa879e5a6a3d	28
file	preflight-logs/selfcheck/collector-v10-test/schema-priority_degradation_exception/audits/final-endpoint.txt	4de3fd1d1eeb08dd7976b911c02a38dba961cf2c27f9341b2c79ae214af5af25	13
file	preflight-logs/selfcheck/collector-v10-test/schema-priority_degradation_exception/final-status.txt	66a588ed8aad7bd332c24d7963ef3ba62198ee74037d4354052bf8c9900f7853	811
file	preflight-logs/selfcheck/collector-v10-test/schema-priority_degradation_exception/finalization-order.txt	03ad30618a52f1f535ed2a1fe167b029cca0bad0728bb66c7865c3445e1d5473	185
directory	preflight-logs/selfcheck/collector-v10-test/schema-priority_degradation_exception/hooks	-	0
file	preflight-logs/selfcheck/collector-v10-test/schema-priority_degradation_exception/outer-signals.json	4fb60ad7e50f3d3e74be335a9587702917d201cd33bc8e170399e8741bb33273	199
directory	preflight-logs/selfcheck/collector-v10-test/schema-priority_degradation_exception/raw	-	0
file	preflight-logs/selfcheck/collector-v10-test/schema-priority_degradation_exception/raw.seal.sha256	229f2139768311d13394ed931ab464e5e429cbb2153f007afc83de585b4a0c51	795
directory	preflight-logs/selfcheck/collector-v10-test/schema-priority_degradation_exception/raw/preflight	-	0
file	preflight-logs/selfcheck/collector-v10-test/schema-priority_degradation_exception/raw/preflight.session-ready	39feceb2eced7e3165a8f7f40852708b835f274d4ff94896baface7efca6a52d	109
file	preflight-logs/selfcheck/collector-v10-test/schema-priority_degradation_exception/raw/preflight.session-ready.go	c2fc355f2b52e01ea670dc8b27f1c8f3a268d68b4b399a0cf91544cb975792df	3
file	preflight-logs/selfcheck/collector-v10-test/schema-priority_degradation_exception/raw/preflight/fixture.endpoints	2eadd75476b6a4eeba05e3eacf1d3a539e6464e756c068236a5e477c1ef8769b	27
file	preflight-logs/selfcheck/collector-v10-test/schema-priority_degradation_exception/raw/preflight/init.go	c2fc355f2b52e01ea670dc8b27f1c8f3a268d68b4b399a0cf91544cb975792df	3
file	preflight-logs/selfcheck/collector-v10-test/schema-priority_degradation_exception/raw/preflight/init.ready	fcce5a7e838ce7dccfb11a0f7ea2b2de5a88214be1c7fe3a7c540e611f597c0a	109
file	preflight-logs/selfcheck/collector-v10-test/schema-priority_degradation_exception/raw/stderr	e3b0c44298fc1c149afbf4c8996fb92427ae41e4649b934ca495991b7852b855	0
file	preflight-logs/selfcheck/collector-v10-test/schema-priority_degradation_exception/raw/stdout	e3b0c44298fc1c149afbf4c8996fb92427ae41e4649b934ca495991b7852b855	0
file	preflight-logs/selfcheck/collector-v10-test/schema-priority_degradation_exception/raw/supervisor.json	dc92e69f15d6fc940a5e3c02e43708084181aed6ed152d80bb2c04e72f7e3eee	8858
file	preflight-logs/selfcheck/collector-v10-test/schema-priority_degradation_exception/raw/supervisor.ready	ed1a545bb85e55816bbf9566b028b2a0bc456b88f49f6f266c0401048824194b	6
directory	preflight-logs/selfcheck/collector-v10-test/schema-priority_degradation_exception/tmp	-	0
directory	preflight-logs/selfcheck/collector-v10-test/schema-priority_degradation_nonzero	-	0
file	preflight-logs/selfcheck/collector-v10-test/schema-priority_degradation_nonzero.collector.stderr	1a7b022122327c7f0c2d39264f5044b54cfe93aa18a0f4719ee3b7731a452dd6	83
file	preflight-logs/selfcheck/collector-v10-test/schema-priority_degradation_nonzero.collector.stdout	e3b0c44298fc1c149afbf4c8996fb92427ae41e4649b934ca495991b7852b855	0
directory	preflight-logs/selfcheck/collector-v10-test/schema-priority_degradation_nonzero/audits	-	0
file	preflight-logs/selfcheck/collector-v10-test/schema-priority_degradation_nonzero/audits/final-artifacts.tsv	07da53e6ddfcfadb97242fe031bc48a6b9361ca703d69f4d1443fa879e5a6a3d	28
file	preflight-logs/selfcheck/collector-v10-test/schema-priority_degradation_nonzero/audits/final-endpoint.txt	4de3fd1d1eeb08dd7976b911c02a38dba961cf2c27f9341b2c79ae214af5af25	13
file	preflight-logs/selfcheck/collector-v10-test/schema-priority_degradation_nonzero/final-status.txt	6ec5da21b317b2fd601c7d18b4b211122d5aa7b7c62e122c35adcf7aef96830c	809
file	preflight-logs/selfcheck/collector-v10-test/schema-priority_degradation_nonzero/finalization-order.txt	03ad30618a52f1f535ed2a1fe167b029cca0bad0728bb66c7865c3445e1d5473	185
directory	preflight-logs/selfcheck/collector-v10-test/schema-priority_degradation_nonzero/hooks	-	0
file	preflight-logs/selfcheck/collector-v10-test/schema-priority_degradation_nonzero/outer-signals.json	4fb60ad7e50f3d3e74be335a9587702917d201cd33bc8e170399e8741bb33273	199
directory	preflight-logs/selfcheck/collector-v10-test/schema-priority_degradation_nonzero/raw	-	0
file	preflight-logs/selfcheck/collector-v10-test/schema-priority_degradation_nonzero/raw.seal.sha256	89d6c3de5ec6e320ca13391ca9c17a459455b0897b1288c1e16a225f4969b60b	795
directory	preflight-logs/selfcheck/collector-v10-test/schema-priority_degradation_nonzero/raw/preflight	-	0
file	preflight-logs/selfcheck/collector-v10-test/schema-priority_degradation_nonzero/raw/preflight.session-ready	39feceb2eced7e3165a8f7f40852708b835f274d4ff94896baface7efca6a52d	109
file	preflight-logs/selfcheck/collector-v10-test/schema-priority_degradation_nonzero/raw/preflight.session-ready.go	c2fc355f2b52e01ea670dc8b27f1c8f3a268d68b4b399a0cf91544cb975792df	3
file	preflight-logs/selfcheck/collector-v10-test/schema-priority_degradation_nonzero/raw/preflight/fixture.endpoints	2eadd75476b6a4eeba05e3eacf1d3a539e6464e756c068236a5e477c1ef8769b	27
file	preflight-logs/selfcheck/collector-v10-test/schema-priority_degradation_nonzero/raw/preflight/init.go	c2fc355f2b52e01ea670dc8b27f1c8f3a268d68b4b399a0cf91544cb975792df	3
file	preflight-logs/selfcheck/collector-v10-test/schema-priority_degradation_nonzero/raw/preflight/init.ready	fcce5a7e838ce7dccfb11a0f7ea2b2de5a88214be1c7fe3a7c540e611f597c0a	109
file	preflight-logs/selfcheck/collector-v10-test/schema-priority_degradation_nonzero/raw/stderr	e3b0c44298fc1c149afbf4c8996fb92427ae41e4649b934ca495991b7852b855	0
file	preflight-logs/selfcheck/collector-v10-test/schema-priority_degradation_nonzero/raw/stdout	e3b0c44298fc1c149afbf4c8996fb92427ae41e4649b934ca495991b7852b855	0
file	preflight-logs/selfcheck/collector-v10-test/schema-priority_degradation_nonzero/raw/supervisor.json	205306efedff517c1976b6332d5067448dcc31c2f2aa4780156bf3917e51f29b	8793
file	preflight-logs/selfcheck/collector-v10-test/schema-priority_degradation_nonzero/raw/supervisor.ready	ed1a545bb85e55816bbf9566b028b2a0bc456b88f49f6f266c0401048824194b	6
directory	preflight-logs/selfcheck/collector-v10-test/schema-priority_degradation_nonzero/tmp	-	0
directory	preflight-logs/selfcheck/collector-v10-test/schema-priority_degradation_signal	-	0
file	preflight-logs/selfcheck/collector-v10-test/schema-priority_degradation_signal.collector.stderr	1a7b022122327c7f0c2d39264f5044b54cfe93aa18a0f4719ee3b7731a452dd6	83
file	preflight-logs/selfcheck/collector-v10-test/schema-priority_degradation_signal.collector.stdout	e3b0c44298fc1c149afbf4c8996fb92427ae41e4649b934ca495991b7852b855	0
directory	preflight-logs/selfcheck/collector-v10-test/schema-priority_degradation_signal/audits	-	0
file	preflight-logs/selfcheck/collector-v10-test/schema-priority_degradation_signal/audits/final-artifacts.tsv	07da53e6ddfcfadb97242fe031bc48a6b9361ca703d69f4d1443fa879e5a6a3d	28
file	preflight-logs/selfcheck/collector-v10-test/schema-priority_degradation_signal/audits/final-endpoint.txt	4de3fd1d1eeb08dd7976b911c02a38dba961cf2c27f9341b2c79ae214af5af25	13
file	preflight-logs/selfcheck/collector-v10-test/schema-priority_degradation_signal/final-status.txt	8b2c19d3234b56a5dac32f5551fe24ff15f6f1f4474aaea3ad67e0200a39d506	808
file	preflight-logs/selfcheck/collector-v10-test/schema-priority_degradation_signal/finalization-order.txt	03ad30618a52f1f535ed2a1fe167b029cca0bad0728bb66c7865c3445e1d5473	185
directory	preflight-logs/selfcheck/collector-v10-test/schema-priority_degradation_signal/hooks	-	0
file	preflight-logs/selfcheck/collector-v10-test/schema-priority_degradation_signal/outer-signals.json	4fb60ad7e50f3d3e74be335a9587702917d201cd33bc8e170399e8741bb33273	199
directory	preflight-logs/selfcheck/collector-v10-test/schema-priority_degradation_signal/raw	-	0
file	preflight-logs/selfcheck/collector-v10-test/schema-priority_degradation_signal/raw.seal.sha256	bebe90fe0133c52fdf66e4d018c66f17ce50daa9d97069e06560441a116e04b2	795
directory	preflight-logs/selfcheck/collector-v10-test/schema-priority_degradation_signal/raw/preflight	-	0
file	preflight-logs/selfcheck/collector-v10-test/schema-priority_degradation_signal/raw/preflight.session-ready	39feceb2eced7e3165a8f7f40852708b835f274d4ff94896baface7efca6a52d	109
file	preflight-logs/selfcheck/collector-v10-test/schema-priority_degradation_signal/raw/preflight.session-ready.go	c2fc355f2b52e01ea670dc8b27f1c8f3a268d68b4b399a0cf91544cb975792df	3
file	preflight-logs/selfcheck/collector-v10-test/schema-priority_degradation_signal/raw/preflight/fixture.endpoints	2eadd75476b6a4eeba05e3eacf1d3a539e6464e756c068236a5e477c1ef8769b	27
file	preflight-logs/selfcheck/collector-v10-test/schema-priority_degradation_signal/raw/preflight/init.go	c2fc355f2b52e01ea670dc8b27f1c8f3a268d68b4b399a0cf91544cb975792df	3
file	preflight-logs/selfcheck/collector-v10-test/schema-priority_degradation_signal/raw/preflight/init.ready	fcce5a7e838ce7dccfb11a0f7ea2b2de5a88214be1c7fe3a7c540e611f597c0a	109
file	preflight-logs/selfcheck/collector-v10-test/schema-priority_degradation_signal/raw/stderr	e3b0c44298fc1c149afbf4c8996fb92427ae41e4649b934ca495991b7852b855	0
file	preflight-logs/selfcheck/collector-v10-test/schema-priority_degradation_signal/raw/stdout	e3b0c44298fc1c149afbf4c8996fb92427ae41e4649b934ca495991b7852b855	0
file	preflight-logs/selfcheck/collector-v10-test/schema-priority_degradation_signal/raw/supervisor.json	0638b73701730cc83905befa7831874344507481ef01fe7bf157b510b110c623	8910
file	preflight-logs/selfcheck/collector-v10-test/schema-priority_degradation_signal/raw/supervisor.ready	ed1a545bb85e55816bbf9566b028b2a0bc456b88f49f6f266c0401048824194b	6
directory	preflight-logs/selfcheck/collector-v10-test/schema-priority_degradation_signal/tmp	-	0
directory	preflight-logs/selfcheck/collector-v10-test/schema-priority_degradation_success	-	0
file	preflight-logs/selfcheck/collector-v10-test/schema-priority_degradation_success.collector.stderr	1a7b022122327c7f0c2d39264f5044b54cfe93aa18a0f4719ee3b7731a452dd6	83
file	preflight-logs/selfcheck/collector-v10-test/schema-priority_degradation_success.collector.stdout	e3b0c44298fc1c149afbf4c8996fb92427ae41e4649b934ca495991b7852b855	0
directory	preflight-logs/selfcheck/collector-v10-test/schema-priority_degradation_success/audits	-	0
file	preflight-logs/selfcheck/collector-v10-test/schema-priority_degradation_success/audits/final-artifacts.tsv	07da53e6ddfcfadb97242fe031bc48a6b9361ca703d69f4d1443fa879e5a6a3d	28
file	preflight-logs/selfcheck/collector-v10-test/schema-priority_degradation_success/audits/final-endpoint.txt	4de3fd1d1eeb08dd7976b911c02a38dba961cf2c27f9341b2c79ae214af5af25	13
file	preflight-logs/selfcheck/collector-v10-test/schema-priority_degradation_success/final-status.txt	7fec80cdb75545b1affac8ad824e84f5fb867169cea1db101238b861bfce5cd6	809
file	preflight-logs/selfcheck/collector-v10-test/schema-priority_degradation_success/finalization-order.txt	03ad30618a52f1f535ed2a1fe167b029cca0bad0728bb66c7865c3445e1d5473	185
directory	preflight-logs/selfcheck/collector-v10-test/schema-priority_degradation_success/hooks	-	0
file	preflight-logs/selfcheck/collector-v10-test/schema-priority_degradation_success/outer-signals.json	4fb60ad7e50f3d3e74be335a9587702917d201cd33bc8e170399e8741bb33273	199
directory	preflight-logs/selfcheck/collector-v10-test/schema-priority_degradation_success/raw	-	0
file	preflight-logs/selfcheck/collector-v10-test/schema-priority_degradation_success/raw.seal.sha256	80b1bcd9aec475d9dbef501de2ec373a6201af1295cf174b250b143764e882f6	795
directory	preflight-logs/selfcheck/collector-v10-test/schema-priority_degradation_success/raw/preflight	-	0
file	preflight-logs/selfcheck/collector-v10-test/schema-priority_degradation_success/raw/preflight.session-ready	39feceb2eced7e3165a8f7f40852708b835f274d4ff94896baface7efca6a52d	109
file	preflight-logs/selfcheck/collector-v10-test/schema-priority_degradation_success/raw/preflight.session-ready.go	c2fc355f2b52e01ea670dc8b27f1c8f3a268d68b4b399a0cf91544cb975792df	3
file	preflight-logs/selfcheck/collector-v10-test/schema-priority_degradation_success/raw/preflight/fixture.endpoints	2eadd75476b6a4eeba05e3eacf1d3a539e6464e756c068236a5e477c1ef8769b	27
file	preflight-logs/selfcheck/collector-v10-test/schema-priority_degradation_success/raw/preflight/init.go	c2fc355f2b52e01ea670dc8b27f1c8f3a268d68b4b399a0cf91544cb975792df	3
file	preflight-logs/selfcheck/collector-v10-test/schema-priority_degradation_success/raw/preflight/init.ready	fcce5a7e838ce7dccfb11a0f7ea2b2de5a88214be1c7fe3a7c540e611f597c0a	109
file	preflight-logs/selfcheck/collector-v10-test/schema-priority_degradation_success/raw/stderr	e3b0c44298fc1c149afbf4c8996fb92427ae41e4649b934ca495991b7852b855	0
file	preflight-logs/selfcheck/collector-v10-test/schema-priority_degradation_success/raw/stdout	e3b0c44298fc1c149afbf4c8996fb92427ae41e4649b934ca495991b7852b855	0
file	preflight-logs/selfcheck/collector-v10-test/schema-priority_degradation_success/raw/supervisor.json	1dbcdd2e3030175ad9dce15cfa5e7adb74c58a2802d3fb42b3eea4be8f26af5c	8791
file	preflight-logs/selfcheck/collector-v10-test/schema-priority_degradation_success/raw/supervisor.ready	ed1a545bb85e55816bbf9566b028b2a0bc456b88f49f6f266c0401048824194b	6
directory	preflight-logs/selfcheck/collector-v10-test/schema-priority_degradation_success/tmp	-	0
directory	preflight-logs/selfcheck/collector-v10-test/schema-priority_degradation_timeout	-	0
file	preflight-logs/selfcheck/collector-v10-test/schema-priority_degradation_timeout.collector.stderr	1a7b022122327c7f0c2d39264f5044b54cfe93aa18a0f4719ee3b7731a452dd6	83
file	preflight-logs/selfcheck/collector-v10-test/schema-priority_degradation_timeout.collector.stdout	e3b0c44298fc1c149afbf4c8996fb92427ae41e4649b934ca495991b7852b855	0
directory	preflight-logs/selfcheck/collector-v10-test/schema-priority_degradation_timeout/audits	-	0
file	preflight-logs/selfcheck/collector-v10-test/schema-priority_degradation_timeout/audits/final-artifacts.tsv	07da53e6ddfcfadb97242fe031bc48a6b9361ca703d69f4d1443fa879e5a6a3d	28
file	preflight-logs/selfcheck/collector-v10-test/schema-priority_degradation_timeout/audits/final-endpoint.txt	4de3fd1d1eeb08dd7976b911c02a38dba961cf2c27f9341b2c79ae214af5af25	13
file	preflight-logs/selfcheck/collector-v10-test/schema-priority_degradation_timeout/final-status.txt	97628be64333e19df3e445f5ea3c6ed140e5748dcb7f229eb87a64937ad6f774	809
file	preflight-logs/selfcheck/collector-v10-test/schema-priority_degradation_timeout/finalization-order.txt	03ad30618a52f1f535ed2a1fe167b029cca0bad0728bb66c7865c3445e1d5473	185
directory	preflight-logs/selfcheck/collector-v10-test/schema-priority_degradation_timeout/hooks	-	0
file	preflight-logs/selfcheck/collector-v10-test/schema-priority_degradation_timeout/outer-signals.json	4fb60ad7e50f3d3e74be335a9587702917d201cd33bc8e170399e8741bb33273	199
directory	preflight-logs/selfcheck/collector-v10-test/schema-priority_degradation_timeout/raw	-	0
file	preflight-logs/selfcheck/collector-v10-test/schema-priority_degradation_timeout/raw.seal.sha256	38464df6d585822b3b9cc77f002aff1f6d13e839764d95ca88d18203f3531a83	795
directory	preflight-logs/selfcheck/collector-v10-test/schema-priority_degradation_timeout/raw/preflight	-	0
file	preflight-logs/selfcheck/collector-v10-test/schema-priority_degradation_timeout/raw/preflight.session-ready	39feceb2eced7e3165a8f7f40852708b835f274d4ff94896baface7efca6a52d	109
file	preflight-logs/selfcheck/collector-v10-test/schema-priority_degradation_timeout/raw/preflight.session-ready.go	c2fc355f2b52e01ea670dc8b27f1c8f3a268d68b4b399a0cf91544cb975792df	3
file	preflight-logs/selfcheck/collector-v10-test/schema-priority_degradation_timeout/raw/preflight/fixture.endpoints	2eadd75476b6a4eeba05e3eacf1d3a539e6464e756c068236a5e477c1ef8769b	27
file	preflight-logs/selfcheck/collector-v10-test/schema-priority_degradation_timeout/raw/preflight/init.go	c2fc355f2b52e01ea670dc8b27f1c8f3a268d68b4b399a0cf91544cb975792df	3
file	preflight-logs/selfcheck/collector-v10-test/schema-priority_degradation_timeout/raw/preflight/init.ready	fcce5a7e838ce7dccfb11a0f7ea2b2de5a88214be1c7fe3a7c540e611f597c0a	109
file	preflight-logs/selfcheck/collector-v10-test/schema-priority_degradation_timeout/raw/stderr	e3b0c44298fc1c149afbf4c8996fb92427ae41e4649b934ca495991b7852b855	0
file	preflight-logs/selfcheck/collector-v10-test/schema-priority_degradation_timeout/raw/stdout	e3b0c44298fc1c149afbf4c8996fb92427ae41e4649b934ca495991b7852b855	0
file	preflight-logs/selfcheck/collector-v10-test/schema-priority_degradation_timeout/raw/supervisor.json	a796c547dcd9b4fb931beb6f8fe9f5df875856f2537acab623c2df2b277cf3ae	8792
file	preflight-logs/selfcheck/collector-v10-test/schema-priority_degradation_timeout/raw/supervisor.ready	ed1a545bb85e55816bbf9566b028b2a0bc456b88f49f6f266c0401048824194b	6
directory	preflight-logs/selfcheck/collector-v10-test/schema-priority_degradation_timeout/tmp	-	0
directory	preflight-logs/selfcheck/collector-v10-test/schema-priority_exception_nonzero	-	0
file	preflight-logs/selfcheck/collector-v10-test/schema-priority_exception_nonzero.collector.stderr	1a7b022122327c7f0c2d39264f5044b54cfe93aa18a0f4719ee3b7731a452dd6	83
file	preflight-logs/selfcheck/collector-v10-test/schema-priority_exception_nonzero.collector.stdout	e3b0c44298fc1c149afbf4c8996fb92427ae41e4649b934ca495991b7852b855	0
directory	preflight-logs/selfcheck/collector-v10-test/schema-priority_exception_nonzero/audits	-	0
file	preflight-logs/selfcheck/collector-v10-test/schema-priority_exception_nonzero/audits/final-artifacts.tsv	07da53e6ddfcfadb97242fe031bc48a6b9361ca703d69f4d1443fa879e5a6a3d	28
file	preflight-logs/selfcheck/collector-v10-test/schema-priority_exception_nonzero/audits/final-endpoint.txt	4de3fd1d1eeb08dd7976b911c02a38dba961cf2c27f9341b2c79ae214af5af25	13
file	preflight-logs/selfcheck/collector-v10-test/schema-priority_exception_nonzero/final-status.txt	0b71cc2cbc3382803d2343451c5b8dfecb3bf76b4812612e49b571d50ac54883	807
file	preflight-logs/selfcheck/collector-v10-test/schema-priority_exception_nonzero/finalization-order.txt	03ad30618a52f1f535ed2a1fe167b029cca0bad0728bb66c7865c3445e1d5473	185
directory	preflight-logs/selfcheck/collector-v10-test/schema-priority_exception_nonzero/hooks	-	0
file	preflight-logs/selfcheck/collector-v10-test/schema-priority_exception_nonzero/outer-signals.json	4fb60ad7e50f3d3e74be335a9587702917d201cd33bc8e170399e8741bb33273	199
directory	preflight-logs/selfcheck/collector-v10-test/schema-priority_exception_nonzero/raw	-	0
file	preflight-logs/selfcheck/collector-v10-test/schema-priority_exception_nonzero/raw.seal.sha256	e91ec3a2524a81b84eda1d272cd71a3e1b509418a11d69a2b59e9d3179bd5cb1	795
directory	preflight-logs/selfcheck/collector-v10-test/schema-priority_exception_nonzero/raw/preflight	-	0
file	preflight-logs/selfcheck/collector-v10-test/schema-priority_exception_nonzero/raw/preflight.session-ready	39feceb2eced7e3165a8f7f40852708b835f274d4ff94896baface7efca6a52d	109
file	preflight-logs/selfcheck/collector-v10-test/schema-priority_exception_nonzero/raw/preflight.session-ready.go	c2fc355f2b52e01ea670dc8b27f1c8f3a268d68b4b399a0cf91544cb975792df	3
file	preflight-logs/selfcheck/collector-v10-test/schema-priority_exception_nonzero/raw/preflight/fixture.endpoints	2eadd75476b6a4eeba05e3eacf1d3a539e6464e756c068236a5e477c1ef8769b	27
file	preflight-logs/selfcheck/collector-v10-test/schema-priority_exception_nonzero/raw/preflight/init.go	c2fc355f2b52e01ea670dc8b27f1c8f3a268d68b4b399a0cf91544cb975792df	3
file	preflight-logs/selfcheck/collector-v10-test/schema-priority_exception_nonzero/raw/preflight/init.ready	fcce5a7e838ce7dccfb11a0f7ea2b2de5a88214be1c7fe3a7c540e611f597c0a	109
file	preflight-logs/selfcheck/collector-v10-test/schema-priority_exception_nonzero/raw/stderr	e3b0c44298fc1c149afbf4c8996fb92427ae41e4649b934ca495991b7852b855	0
file	preflight-logs/selfcheck/collector-v10-test/schema-priority_exception_nonzero/raw/stdout	e3b0c44298fc1c149afbf4c8996fb92427ae41e4649b934ca495991b7852b855	0
file	preflight-logs/selfcheck/collector-v10-test/schema-priority_exception_nonzero/raw/supervisor.json	07a8bb4bf8ac8f4b5c78496c6a383bbaa2ecf9dda04a646ae99a538a47c1ffc6	8822
file	preflight-logs/selfcheck/collector-v10-test/schema-priority_exception_nonzero/raw/supervisor.ready	ed1a545bb85e55816bbf9566b028b2a0bc456b88f49f6f266c0401048824194b	6
directory	preflight-logs/selfcheck/collector-v10-test/schema-priority_exception_nonzero/tmp	-	0
directory	preflight-logs/selfcheck/collector-v10-test/schema-priority_exception_success	-	0
file	preflight-logs/selfcheck/collector-v10-test/schema-priority_exception_success.collector.stderr	1a7b022122327c7f0c2d39264f5044b54cfe93aa18a0f4719ee3b7731a452dd6	83
file	preflight-logs/selfcheck/collector-v10-test/schema-priority_exception_success.collector.stdout	e3b0c44298fc1c149afbf4c8996fb92427ae41e4649b934ca495991b7852b855	0
directory	preflight-logs/selfcheck/collector-v10-test/schema-priority_exception_success/audits	-	0
file	preflight-logs/selfcheck/collector-v10-test/schema-priority_exception_success/audits/final-artifacts.tsv	07da53e6ddfcfadb97242fe031bc48a6b9361ca703d69f4d1443fa879e5a6a3d	28
file	preflight-logs/selfcheck/collector-v10-test/schema-priority_exception_success/audits/final-endpoint.txt	4de3fd1d1eeb08dd7976b911c02a38dba961cf2c27f9341b2c79ae214af5af25	13
file	preflight-logs/selfcheck/collector-v10-test/schema-priority_exception_success/final-status.txt	5b3f88e17e896242e8d6a61eb02336f5804807bcb823bc101d98f20870e3e2dd	807
file	preflight-logs/selfcheck/collector-v10-test/schema-priority_exception_success/finalization-order.txt	03ad30618a52f1f535ed2a1fe167b029cca0bad0728bb66c7865c3445e1d5473	185
directory	preflight-logs/selfcheck/collector-v10-test/schema-priority_exception_success/hooks	-	0
file	preflight-logs/selfcheck/collector-v10-test/schema-priority_exception_success/outer-signals.json	4fb60ad7e50f3d3e74be335a9587702917d201cd33bc8e170399e8741bb33273	199
directory	preflight-logs/selfcheck/collector-v10-test/schema-priority_exception_success/raw	-	0
file	preflight-logs/selfcheck/collector-v10-test/schema-priority_exception_success/raw.seal.sha256	bc10361d8aa8901c0f1ba6205f27034a3c9aacd3fde0e1ae8038c6d5db28094e	795
directory	preflight-logs/selfcheck/collector-v10-test/schema-priority_exception_success/raw/preflight	-	0
file	preflight-logs/selfcheck/collector-v10-test/schema-priority_exception_success/raw/preflight.session-ready	39feceb2eced7e3165a8f7f40852708b835f274d4ff94896baface7efca6a52d	109
file	preflight-logs/selfcheck/collector-v10-test/schema-priority_exception_success/raw/preflight.session-ready.go	c2fc355f2b52e01ea670dc8b27f1c8f3a268d68b4b399a0cf91544cb975792df	3
file	preflight-logs/selfcheck/collector-v10-test/schema-priority_exception_success/raw/preflight/fixture.endpoints	2eadd75476b6a4eeba05e3eacf1d3a539e6464e756c068236a5e477c1ef8769b	27
file	preflight-logs/selfcheck/collector-v10-test/schema-priority_exception_success/raw/preflight/init.go	c2fc355f2b52e01ea670dc8b27f1c8f3a268d68b4b399a0cf91544cb975792df	3
file	preflight-logs/selfcheck/collector-v10-test/schema-priority_exception_success/raw/preflight/init.ready	fcce5a7e838ce7dccfb11a0f7ea2b2de5a88214be1c7fe3a7c540e611f597c0a	109
file	preflight-logs/selfcheck/collector-v10-test/schema-priority_exception_success/raw/stderr	e3b0c44298fc1c149afbf4c8996fb92427ae41e4649b934ca495991b7852b855	0
file	preflight-logs/selfcheck/collector-v10-test/schema-priority_exception_success/raw/stdout	e3b0c44298fc1c149afbf4c8996fb92427ae41e4649b934ca495991b7852b855	0
file	preflight-logs/selfcheck/collector-v10-test/schema-priority_exception_success/raw/supervisor.json	7b63ffa6e25225b25b25e1a5196b3e105ed5f9f4ca65431e53de07d23e0df4af	8823
file	preflight-logs/selfcheck/collector-v10-test/schema-priority_exception_success/raw/supervisor.ready	ed1a545bb85e55816bbf9566b028b2a0bc456b88f49f6f266c0401048824194b	6
directory	preflight-logs/selfcheck/collector-v10-test/schema-priority_exception_success/tmp	-	0
directory	preflight-logs/selfcheck/collector-v10-test/schema-priority_exception_timeout	-	0
file	preflight-logs/selfcheck/collector-v10-test/schema-priority_exception_timeout.collector.stderr	1a7b022122327c7f0c2d39264f5044b54cfe93aa18a0f4719ee3b7731a452dd6	83
file	preflight-logs/selfcheck/collector-v10-test/schema-priority_exception_timeout.collector.stdout	e3b0c44298fc1c149afbf4c8996fb92427ae41e4649b934ca495991b7852b855	0
directory	preflight-logs/selfcheck/collector-v10-test/schema-priority_exception_timeout/audits	-	0
file	preflight-logs/selfcheck/collector-v10-test/schema-priority_exception_timeout/audits/final-artifacts.tsv	07da53e6ddfcfadb97242fe031bc48a6b9361ca703d69f4d1443fa879e5a6a3d	28
file	preflight-logs/selfcheck/collector-v10-test/schema-priority_exception_timeout/audits/final-endpoint.txt	4de3fd1d1eeb08dd7976b911c02a38dba961cf2c27f9341b2c79ae214af5af25	13
file	preflight-logs/selfcheck/collector-v10-test/schema-priority_exception_timeout/final-status.txt	8fb983c167676ef625cffc7e620829952ec39e7374326f7344f16ed91dba645a	807
file	preflight-logs/selfcheck/collector-v10-test/schema-priority_exception_timeout/finalization-order.txt	03ad30618a52f1f535ed2a1fe167b029cca0bad0728bb66c7865c3445e1d5473	185
directory	preflight-logs/selfcheck/collector-v10-test/schema-priority_exception_timeout/hooks	-	0
file	preflight-logs/selfcheck/collector-v10-test/schema-priority_exception_timeout/outer-signals.json	4fb60ad7e50f3d3e74be335a9587702917d201cd33bc8e170399e8741bb33273	199
directory	preflight-logs/selfcheck/collector-v10-test/schema-priority_exception_timeout/raw	-	0
file	preflight-logs/selfcheck/collector-v10-test/schema-priority_exception_timeout/raw.seal.sha256	78754aecddf66b86b89f311a20377b5ac06ffb0f779098114356f67a6be802a0	795
directory	preflight-logs/selfcheck/collector-v10-test/schema-priority_exception_timeout/raw/preflight	-	0
file	preflight-logs/selfcheck/collector-v10-test/schema-priority_exception_timeout/raw/preflight.session-ready	39feceb2eced7e3165a8f7f40852708b835f274d4ff94896baface7efca6a52d	109
file	preflight-logs/selfcheck/collector-v10-test/schema-priority_exception_timeout/raw/preflight.session-ready.go	c2fc355f2b52e01ea670dc8b27f1c8f3a268d68b4b399a0cf91544cb975792df	3
file	preflight-logs/selfcheck/collector-v10-test/schema-priority_exception_timeout/raw/preflight/fixture.endpoints	2eadd75476b6a4eeba05e3eacf1d3a539e6464e756c068236a5e477c1ef8769b	27
file	preflight-logs/selfcheck/collector-v10-test/schema-priority_exception_timeout/raw/preflight/init.go	c2fc355f2b52e01ea670dc8b27f1c8f3a268d68b4b399a0cf91544cb975792df	3
file	preflight-logs/selfcheck/collector-v10-test/schema-priority_exception_timeout/raw/preflight/init.ready	fcce5a7e838ce7dccfb11a0f7ea2b2de5a88214be1c7fe3a7c540e611f597c0a	109
file	preflight-logs/selfcheck/collector-v10-test/schema-priority_exception_timeout/raw/stderr	e3b0c44298fc1c149afbf4c8996fb92427ae41e4649b934ca495991b7852b855	0
file	preflight-logs/selfcheck/collector-v10-test/schema-priority_exception_timeout/raw/stdout	e3b0c44298fc1c149afbf4c8996fb92427ae41e4649b934ca495991b7852b855	0
file	preflight-logs/selfcheck/collector-v10-test/schema-priority_exception_timeout/raw/supervisor.json	683b816d798754d7f51f10bf612c3128f5ad52820ea3f9920347f90f757252a8	8822
file	preflight-logs/selfcheck/collector-v10-test/schema-priority_exception_timeout/raw/supervisor.ready	ed1a545bb85e55816bbf9566b028b2a0bc456b88f49f6f266c0401048824194b	6
directory	preflight-logs/selfcheck/collector-v10-test/schema-priority_exception_timeout/tmp	-	0
directory	preflight-logs/selfcheck/collector-v10-test/schema-priority_exception_timeout_nonzero	-	0
file	preflight-logs/selfcheck/collector-v10-test/schema-priority_exception_timeout_nonzero.collector.stderr	1a7b022122327c7f0c2d39264f5044b54cfe93aa18a0f4719ee3b7731a452dd6	83
file	preflight-logs/selfcheck/collector-v10-test/schema-priority_exception_timeout_nonzero.collector.stdout	e3b0c44298fc1c149afbf4c8996fb92427ae41e4649b934ca495991b7852b855	0
directory	preflight-logs/selfcheck/collector-v10-test/schema-priority_exception_timeout_nonzero/audits	-	0
file	preflight-logs/selfcheck/collector-v10-test/schema-priority_exception_timeout_nonzero/audits/final-artifacts.tsv	07da53e6ddfcfadb97242fe031bc48a6b9361ca703d69f4d1443fa879e5a6a3d	28
file	preflight-logs/selfcheck/collector-v10-test/schema-priority_exception_timeout_nonzero/audits/final-endpoint.txt	4de3fd1d1eeb08dd7976b911c02a38dba961cf2c27f9341b2c79ae214af5af25	13
file	preflight-logs/selfcheck/collector-v10-test/schema-priority_exception_timeout_nonzero/final-status.txt	8fd58673269d91a8a3f7b5ed2d9e87c310fa03245b2e3941c2e9ca77b6f59454	815
file	preflight-logs/selfcheck/collector-v10-test/schema-priority_exception_timeout_nonzero/finalization-order.txt	03ad30618a52f1f535ed2a1fe167b029cca0bad0728bb66c7865c3445e1d5473	185
directory	preflight-logs/selfcheck/collector-v10-test/schema-priority_exception_timeout_nonzero/hooks	-	0
file	preflight-logs/selfcheck/collector-v10-test/schema-priority_exception_timeout_nonzero/outer-signals.json	4fb60ad7e50f3d3e74be335a9587702917d201cd33bc8e170399e8741bb33273	199
directory	preflight-logs/selfcheck/collector-v10-test/schema-priority_exception_timeout_nonzero/raw	-	0
file	preflight-logs/selfcheck/collector-v10-test/schema-priority_exception_timeout_nonzero/raw.seal.sha256	afa237e10d32d707d602eecbb98e1e977b83aa7c2bb00ca35ace2b21b6b93d4d	795
directory	preflight-logs/selfcheck/collector-v10-test/schema-priority_exception_timeout_nonzero/raw/preflight	-	0
file	preflight-logs/selfcheck/collector-v10-test/schema-priority_exception_timeout_nonzero/raw/preflight.session-ready	39feceb2eced7e3165a8f7f40852708b835f274d4ff94896baface7efca6a52d	109
file	preflight-logs/selfcheck/collector-v10-test/schema-priority_exception_timeout_nonzero/raw/preflight.session-ready.go	c2fc355f2b52e01ea670dc8b27f1c8f3a268d68b4b399a0cf91544cb975792df	3
file	preflight-logs/selfcheck/collector-v10-test/schema-priority_exception_timeout_nonzero/raw/preflight/fixture.endpoints	2eadd75476b6a4eeba05e3eacf1d3a539e6464e756c068236a5e477c1ef8769b	27
file	preflight-logs/selfcheck/collector-v10-test/schema-priority_exception_timeout_nonzero/raw/preflight/init.go	c2fc355f2b52e01ea670dc8b27f1c8f3a268d68b4b399a0cf91544cb975792df	3
file	preflight-logs/selfcheck/collector-v10-test/schema-priority_exception_timeout_nonzero/raw/preflight/init.ready	fcce5a7e838ce7dccfb11a0f7ea2b2de5a88214be1c7fe3a7c540e611f597c0a	109
file	preflight-logs/selfcheck/collector-v10-test/schema-priority_exception_timeout_nonzero/raw/stderr	e3b0c44298fc1c149afbf4c8996fb92427ae41e4649b934ca495991b7852b855	0
file	preflight-logs/selfcheck/collector-v10-test/schema-priority_exception_timeout_nonzero/raw/stdout	e3b0c44298fc1c149afbf4c8996fb92427ae41e4649b934ca495991b7852b855	0
file	preflight-logs/selfcheck/collector-v10-test/schema-priority_exception_timeout_nonzero/raw/supervisor.json	68e1f301de060a8ecaf01f12f39efea38d031ae8b5031a9ba5934d8858e4ea1b	8878
file	preflight-logs/selfcheck/collector-v10-test/schema-priority_exception_timeout_nonzero/raw/supervisor.ready	ed1a545bb85e55816bbf9566b028b2a0bc456b88f49f6f266c0401048824194b	6
directory	preflight-logs/selfcheck/collector-v10-test/schema-priority_exception_timeout_nonzero/tmp	-	0
directory	preflight-logs/selfcheck/collector-v10-test/schema-priority_nonzero_success	-	0
file	preflight-logs/selfcheck/collector-v10-test/schema-priority_nonzero_success.collector.stderr	1a7b022122327c7f0c2d39264f5044b54cfe93aa18a0f4719ee3b7731a452dd6	83
file	preflight-logs/selfcheck/collector-v10-test/schema-priority_nonzero_success.collector.stdout	e3b0c44298fc1c149afbf4c8996fb92427ae41e4649b934ca495991b7852b855	0
directory	preflight-logs/selfcheck/collector-v10-test/schema-priority_nonzero_success/audits	-	0
file	preflight-logs/selfcheck/collector-v10-test/schema-priority_nonzero_success/audits/final-artifacts.tsv	07da53e6ddfcfadb97242fe031bc48a6b9361ca703d69f4d1443fa879e5a6a3d	28
file	preflight-logs/selfcheck/collector-v10-test/schema-priority_nonzero_success/audits/final-endpoint.txt	4de3fd1d1eeb08dd7976b911c02a38dba961cf2c27f9341b2c79ae214af5af25	13
file	preflight-logs/selfcheck/collector-v10-test/schema-priority_nonzero_success/final-status.txt	5e77dc4b4ac31aa1654c95f572027fd4d92d6f952bdd7b1c7e8d9bb6fa671c16	805
file	preflight-logs/selfcheck/collector-v10-test/schema-priority_nonzero_success/finalization-order.txt	03ad30618a52f1f535ed2a1fe167b029cca0bad0728bb66c7865c3445e1d5473	185
directory	preflight-logs/selfcheck/collector-v10-test/schema-priority_nonzero_success/hooks	-	0
file	preflight-logs/selfcheck/collector-v10-test/schema-priority_nonzero_success/outer-signals.json	4fb60ad7e50f3d3e74be335a9587702917d201cd33bc8e170399e8741bb33273	199
directory	preflight-logs/selfcheck/collector-v10-test/schema-priority_nonzero_success/raw	-	0
file	preflight-logs/selfcheck/collector-v10-test/schema-priority_nonzero_success/raw.seal.sha256	f6e61c56a988065e072c79c49fbfd413d3b252ad836b02fb25fc7ba7debd641a	795
directory	preflight-logs/selfcheck/collector-v10-test/schema-priority_nonzero_success/raw/preflight	-	0
file	preflight-logs/selfcheck/collector-v10-test/schema-priority_nonzero_success/raw/preflight.session-ready	39feceb2eced7e3165a8f7f40852708b835f274d4ff94896baface7efca6a52d	109
file	preflight-logs/selfcheck/collector-v10-test/schema-priority_nonzero_success/raw/preflight.session-ready.go	c2fc355f2b52e01ea670dc8b27f1c8f3a268d68b4b399a0cf91544cb975792df	3
file	preflight-logs/selfcheck/collector-v10-test/schema-priority_nonzero_success/raw/preflight/fixture.endpoints	2eadd75476b6a4eeba05e3eacf1d3a539e6464e756c068236a5e477c1ef8769b	27
file	preflight-logs/selfcheck/collector-v10-test/schema-priority_nonzero_success/raw/preflight/init.go	c2fc355f2b52e01ea670dc8b27f1c8f3a268d68b4b399a0cf91544cb975792df	3
file	preflight-logs/selfcheck/collector-v10-test/schema-priority_nonzero_success/raw/preflight/init.ready	fcce5a7e838ce7dccfb11a0f7ea2b2de5a88214be1c7fe3a7c540e611f597c0a	109
file	preflight-logs/selfcheck/collector-v10-test/schema-priority_nonzero_success/raw/stderr	e3b0c44298fc1c149afbf4c8996fb92427ae41e4649b934ca495991b7852b855	0
file	preflight-logs/selfcheck/collector-v10-test/schema-priority_nonzero_success/raw/stdout	e3b0c44298fc1c149afbf4c8996fb92427ae41e4649b934ca495991b7852b855	0
file	preflight-logs/selfcheck/collector-v10-test/schema-priority_nonzero_success/raw/supervisor.json	b809df7325fca6b304176a4d878d430a5b6b97f7422fcee2ffd4e8f7fb02cda1	8758
file	preflight-logs/selfcheck/collector-v10-test/schema-priority_nonzero_success/raw/supervisor.ready	ed1a545bb85e55816bbf9566b028b2a0bc456b88f49f6f266c0401048824194b	6
directory	preflight-logs/selfcheck/collector-v10-test/schema-priority_nonzero_success/tmp	-	0
directory	preflight-logs/selfcheck/collector-v10-test/schema-priority_signal_exception	-	0
file	preflight-logs/selfcheck/collector-v10-test/schema-priority_signal_exception.collector.stderr	1a7b022122327c7f0c2d39264f5044b54cfe93aa18a0f4719ee3b7731a452dd6	83
file	preflight-logs/selfcheck/collector-v10-test/schema-priority_signal_exception.collector.stdout	e3b0c44298fc1c149afbf4c8996fb92427ae41e4649b934ca495991b7852b855	0
directory	preflight-logs/selfcheck/collector-v10-test/schema-priority_signal_exception/audits	-	0
file	preflight-logs/selfcheck/collector-v10-test/schema-priority_signal_exception/audits/final-artifacts.tsv	07da53e6ddfcfadb97242fe031bc48a6b9361ca703d69f4d1443fa879e5a6a3d	28
file	preflight-logs/selfcheck/collector-v10-test/schema-priority_signal_exception/audits/final-endpoint.txt	4de3fd1d1eeb08dd7976b911c02a38dba961cf2c27f9341b2c79ae214af5af25	13
file	preflight-logs/selfcheck/collector-v10-test/schema-priority_signal_exception/final-status.txt	724755f34ce85d8ac4e69e44a44b934a23c1ae1f77c4847c5aea53385d8e2d09	806
file	preflight-logs/selfcheck/collector-v10-test/schema-priority_signal_exception/finalization-order.txt	03ad30618a52f1f535ed2a1fe167b029cca0bad0728bb66c7865c3445e1d5473	185
directory	preflight-logs/selfcheck/collector-v10-test/schema-priority_signal_exception/hooks	-	0
file	preflight-logs/selfcheck/collector-v10-test/schema-priority_signal_exception/outer-signals.json	4fb60ad7e50f3d3e74be335a9587702917d201cd33bc8e170399e8741bb33273	199
directory	preflight-logs/selfcheck/collector-v10-test/schema-priority_signal_exception/raw	-	0
file	preflight-logs/selfcheck/collector-v10-test/schema-priority_signal_exception/raw.seal.sha256	03424dff60c57d40a2a658fabb0619709572eefc5a197a6f4a474fcc144659d8	795
directory	preflight-logs/selfcheck/collector-v10-test/schema-priority_signal_exception/raw/preflight	-	0
file	preflight-logs/selfcheck/collector-v10-test/schema-priority_signal_exception/raw/preflight.session-ready	39feceb2eced7e3165a8f7f40852708b835f274d4ff94896baface7efca6a52d	109
file	preflight-logs/selfcheck/collector-v10-test/schema-priority_signal_exception/raw/preflight.session-ready.go	c2fc355f2b52e01ea670dc8b27f1c8f3a268d68b4b399a0cf91544cb975792df	3
file	preflight-logs/selfcheck/collector-v10-test/schema-priority_signal_exception/raw/preflight/fixture.endpoints	2eadd75476b6a4eeba05e3eacf1d3a539e6464e756c068236a5e477c1ef8769b	27
file	preflight-logs/selfcheck/collector-v10-test/schema-priority_signal_exception/raw/preflight/init.go	c2fc355f2b52e01ea670dc8b27f1c8f3a268d68b4b399a0cf91544cb975792df	3
file	preflight-logs/selfcheck/collector-v10-test/schema-priority_signal_exception/raw/preflight/init.ready	a34aa4cda3eb398d395d160d796385d01b8d0e71796e4be2383cfc94cb257b89	109
file	preflight-logs/selfcheck/collector-v10-test/schema-priority_signal_exception/raw/stderr	e3b0c44298fc1c149afbf4c8996fb92427ae41e4649b934ca495991b7852b855	0
file	preflight-logs/selfcheck/collector-v10-test/schema-priority_signal_exception/raw/stdout	e3b0c44298fc1c149afbf4c8996fb92427ae41e4649b934ca495991b7852b855	0
file	preflight-logs/selfcheck/collector-v10-test/schema-priority_signal_exception/raw/supervisor.json	37a17bcb0085644f7258663525fc02529c113ada2a923f3ee737e1cce2926aa3	8941
file	preflight-logs/selfcheck/collector-v10-test/schema-priority_signal_exception/raw/supervisor.ready	ed1a545bb85e55816bbf9566b028b2a0bc456b88f49f6f266c0401048824194b	6
directory	preflight-logs/selfcheck/collector-v10-test/schema-priority_signal_exception/tmp	-	0
directory	preflight-logs/selfcheck/collector-v10-test/schema-priority_signal_exception_timeout_nonzero	-	0
file	preflight-logs/selfcheck/collector-v10-test/schema-priority_signal_exception_timeout_nonzero.collector.stderr	1a7b022122327c7f0c2d39264f5044b54cfe93aa18a0f4719ee3b7731a452dd6	83
file	preflight-logs/selfcheck/collector-v10-test/schema-priority_signal_exception_timeout_nonzero.collector.stdout	e3b0c44298fc1c149afbf4c8996fb92427ae41e4649b934ca495991b7852b855	0
directory	preflight-logs/selfcheck/collector-v10-test/schema-priority_signal_exception_timeout_nonzero/audits	-	0
file	preflight-logs/selfcheck/collector-v10-test/schema-priority_signal_exception_timeout_nonzero/audits/final-artifacts.tsv	07da53e6ddfcfadb97242fe031bc48a6b9361ca703d69f4d1443fa879e5a6a3d	28
file	preflight-logs/selfcheck/collector-v10-test/schema-priority_signal_exception_timeout_nonzero/audits/final-endpoint.txt	4de3fd1d1eeb08dd7976b911c02a38dba961cf2c27f9341b2c79ae214af5af25	13
file	preflight-logs/selfcheck/collector-v10-test/schema-priority_signal_exception_timeout_nonzero/final-status.txt	18b61e1aafec9d644279cfc93f70b12a4c1ecf2e2087f35d39f2c0bdd73f4468	822
file	preflight-logs/selfcheck/collector-v10-test/schema-priority_signal_exception_timeout_nonzero/finalization-order.txt	03ad30618a52f1f535ed2a1fe167b029cca0bad0728bb66c7865c3445e1d5473	185
directory	preflight-logs/selfcheck/collector-v10-test/schema-priority_signal_exception_timeout_nonzero/hooks	-	0
file	preflight-logs/selfcheck/collector-v10-test/schema-priority_signal_exception_timeout_nonzero/outer-signals.json	4fb60ad7e50f3d3e74be335a9587702917d201cd33bc8e170399e8741bb33273	199
directory	preflight-logs/selfcheck/collector-v10-test/schema-priority_signal_exception_timeout_nonzero/raw	-	0
file	preflight-logs/selfcheck/collector-v10-test/schema-priority_signal_exception_timeout_nonzero/raw.seal.sha256	9fe7e1486f10ff26aff85e844cae409a261a4d932914d0becff523d67a531ead	795
directory	preflight-logs/selfcheck/collector-v10-test/schema-priority_signal_exception_timeout_nonzero/raw/preflight	-	0
file	preflight-logs/selfcheck/collector-v10-test/schema-priority_signal_exception_timeout_nonzero/raw/preflight.session-ready	39feceb2eced7e3165a8f7f40852708b835f274d4ff94896baface7efca6a52d	109
file	preflight-logs/selfcheck/collector-v10-test/schema-priority_signal_exception_timeout_nonzero/raw/preflight.session-ready.go	c2fc355f2b52e01ea670dc8b27f1c8f3a268d68b4b399a0cf91544cb975792df	3
file	preflight-logs/selfcheck/collector-v10-test/schema-priority_signal_exception_timeout_nonzero/raw/preflight/fixture.endpoints	2eadd75476b6a4eeba05e3eacf1d3a539e6464e756c068236a5e477c1ef8769b	27
file	preflight-logs/selfcheck/collector-v10-test/schema-priority_signal_exception_timeout_nonzero/raw/preflight/init.go	c2fc355f2b52e01ea670dc8b27f1c8f3a268d68b4b399a0cf91544cb975792df	3
file	preflight-logs/selfcheck/collector-v10-test/schema-priority_signal_exception_timeout_nonzero/raw/preflight/init.ready	fcce5a7e838ce7dccfb11a0f7ea2b2de5a88214be1c7fe3a7c540e611f597c0a	109
file	preflight-logs/selfcheck/collector-v10-test/schema-priority_signal_exception_timeout_nonzero/raw/stderr	e3b0c44298fc1c149afbf4c8996fb92427ae41e4649b934ca495991b7852b855	0
file	preflight-logs/selfcheck/collector-v10-test/schema-priority_signal_exception_timeout_nonzero/raw/stdout	e3b0c44298fc1c149afbf4c8996fb92427ae41e4649b934ca495991b7852b855	0
file	preflight-logs/selfcheck/collector-v10-test/schema-priority_signal_exception_timeout_nonzero/raw/supervisor.json	cbb94febe5113b49ea05443ae70604c11613cc58ae2a896f179f667e37db09ac	9052
file	preflight-logs/selfcheck/collector-v10-test/schema-priority_signal_exception_timeout_nonzero/raw/supervisor.ready	ed1a545bb85e55816bbf9566b028b2a0bc456b88f49f6f266c0401048824194b	6
directory	preflight-logs/selfcheck/collector-v10-test/schema-priority_signal_exception_timeout_nonzero/tmp	-	0
directory	preflight-logs/selfcheck/collector-v10-test/schema-priority_signal_nonzero	-	0
file	preflight-logs/selfcheck/collector-v10-test/schema-priority_signal_nonzero.collector.stderr	1a7b022122327c7f0c2d39264f5044b54cfe93aa18a0f4719ee3b7731a452dd6	83
file	preflight-logs/selfcheck/collector-v10-test/schema-priority_signal_nonzero.collector.stdout	e3b0c44298fc1c149afbf4c8996fb92427ae41e4649b934ca495991b7852b855	0
directory	preflight-logs/selfcheck/collector-v10-test/schema-priority_signal_nonzero/audits	-	0
file	preflight-logs/selfcheck/collector-v10-test/schema-priority_signal_nonzero/audits/final-artifacts.tsv	07da53e6ddfcfadb97242fe031bc48a6b9361ca703d69f4d1443fa879e5a6a3d	28
file	preflight-logs/selfcheck/collector-v10-test/schema-priority_signal_nonzero/audits/final-endpoint.txt	4de3fd1d1eeb08dd7976b911c02a38dba961cf2c27f9341b2c79ae214af5af25	13
file	preflight-logs/selfcheck/collector-v10-test/schema-priority_signal_nonzero/final-status.txt	4d178531a575337cb49035b140bf4f17c9d94bb24a32ca8aaad3b7e9f14cc615	804
file	preflight-logs/selfcheck/collector-v10-test/schema-priority_signal_nonzero/finalization-order.txt	03ad30618a52f1f535ed2a1fe167b029cca0bad0728bb66c7865c3445e1d5473	185
directory	preflight-logs/selfcheck/collector-v10-test/schema-priority_signal_nonzero/hooks	-	0
file	preflight-logs/selfcheck/collector-v10-test/schema-priority_signal_nonzero/outer-signals.json	4fb60ad7e50f3d3e74be335a9587702917d201cd33bc8e170399e8741bb33273	199
directory	preflight-logs/selfcheck/collector-v10-test/schema-priority_signal_nonzero/raw	-	0
file	preflight-logs/selfcheck/collector-v10-test/schema-priority_signal_nonzero/raw.seal.sha256	896dd95c0bbd1812bd4a255a15179330e3d6c460af9a239aba0b76f1520d36cb	795
directory	preflight-logs/selfcheck/collector-v10-test/schema-priority_signal_nonzero/raw/preflight	-	0
file	preflight-logs/selfcheck/collector-v10-test/schema-priority_signal_nonzero/raw/preflight.session-ready	39feceb2eced7e3165a8f7f40852708b835f274d4ff94896baface7efca6a52d	109
file	preflight-logs/selfcheck/collector-v10-test/schema-priority_signal_nonzero/raw/preflight.session-ready.go	c2fc355f2b52e01ea670dc8b27f1c8f3a268d68b4b399a0cf91544cb975792df	3
file	preflight-logs/selfcheck/collector-v10-test/schema-priority_signal_nonzero/raw/preflight/fixture.endpoints	2eadd75476b6a4eeba05e3eacf1d3a539e6464e756c068236a5e477c1ef8769b	27
file	preflight-logs/selfcheck/collector-v10-test/schema-priority_signal_nonzero/raw/preflight/init.go	c2fc355f2b52e01ea670dc8b27f1c8f3a268d68b4b399a0cf91544cb975792df	3
file	preflight-logs/selfcheck/collector-v10-test/schema-priority_signal_nonzero/raw/preflight/init.ready	fcce5a7e838ce7dccfb11a0f7ea2b2de5a88214be1c7fe3a7c540e611f597c0a	109
file	preflight-logs/selfcheck/collector-v10-test/schema-priority_signal_nonzero/raw/stderr	e3b0c44298fc1c149afbf4c8996fb92427ae41e4649b934ca495991b7852b855	0
file	preflight-logs/selfcheck/collector-v10-test/schema-priority_signal_nonzero/raw/stdout	e3b0c44298fc1c149afbf4c8996fb92427ae41e4649b934ca495991b7852b855	0
file	preflight-logs/selfcheck/collector-v10-test/schema-priority_signal_nonzero/raw/supervisor.json	7cb2f5fe41f6dc8728e330dd078a10b6188aaf77cf41f235bf3d2af37c563f65	8876
file	preflight-logs/selfcheck/collector-v10-test/schema-priority_signal_nonzero/raw/supervisor.ready	ed1a545bb85e55816bbf9566b028b2a0bc456b88f49f6f266c0401048824194b	6
directory	preflight-logs/selfcheck/collector-v10-test/schema-priority_signal_nonzero/tmp	-	0
directory	preflight-logs/selfcheck/collector-v10-test/schema-priority_signal_success	-	0
file	preflight-logs/selfcheck/collector-v10-test/schema-priority_signal_success.collector.stderr	1a7b022122327c7f0c2d39264f5044b54cfe93aa18a0f4719ee3b7731a452dd6	83
file	preflight-logs/selfcheck/collector-v10-test/schema-priority_signal_success.collector.stdout	e3b0c44298fc1c149afbf4c8996fb92427ae41e4649b934ca495991b7852b855	0
directory	preflight-logs/selfcheck/collector-v10-test/schema-priority_signal_success/audits	-	0
file	preflight-logs/selfcheck/collector-v10-test/schema-priority_signal_success/audits/final-artifacts.tsv	07da53e6ddfcfadb97242fe031bc48a6b9361ca703d69f4d1443fa879e5a6a3d	28
file	preflight-logs/selfcheck/collector-v10-test/schema-priority_signal_success/audits/final-endpoint.txt	4de3fd1d1eeb08dd7976b911c02a38dba961cf2c27f9341b2c79ae214af5af25	13
file	preflight-logs/selfcheck/collector-v10-test/schema-priority_signal_success/final-status.txt	5e4188c082256932dc614d4eb6caee65f128655372723930e55b54fcf71a0001	804
file	preflight-logs/selfcheck/collector-v10-test/schema-priority_signal_success/finalization-order.txt	03ad30618a52f1f535ed2a1fe167b029cca0bad0728bb66c7865c3445e1d5473	185
directory	preflight-logs/selfcheck/collector-v10-test/schema-priority_signal_success/hooks	-	0
file	preflight-logs/selfcheck/collector-v10-test/schema-priority_signal_success/outer-signals.json	4fb60ad7e50f3d3e74be335a9587702917d201cd33bc8e170399e8741bb33273	199
directory	preflight-logs/selfcheck/collector-v10-test/schema-priority_signal_success/raw	-	0
file	preflight-logs/selfcheck/collector-v10-test/schema-priority_signal_success/raw.seal.sha256	abb94891d2b141382805f8b386b5df667ededad180c0e488c7572a218a311f32	795
directory	preflight-logs/selfcheck/collector-v10-test/schema-priority_signal_success/raw/preflight	-	0
file	preflight-logs/selfcheck/collector-v10-test/schema-priority_signal_success/raw/preflight.session-ready	39feceb2eced7e3165a8f7f40852708b835f274d4ff94896baface7efca6a52d	109
file	preflight-logs/selfcheck/collector-v10-test/schema-priority_signal_success/raw/preflight.session-ready.go	c2fc355f2b52e01ea670dc8b27f1c8f3a268d68b4b399a0cf91544cb975792df	3
file	preflight-logs/selfcheck/collector-v10-test/schema-priority_signal_success/raw/preflight/fixture.endpoints	2eadd75476b6a4eeba05e3eacf1d3a539e6464e756c068236a5e477c1ef8769b	27
file	preflight-logs/selfcheck/collector-v10-test/schema-priority_signal_success/raw/preflight/init.go	c2fc355f2b52e01ea670dc8b27f1c8f3a268d68b4b399a0cf91544cb975792df	3
file	preflight-logs/selfcheck/collector-v10-test/schema-priority_signal_success/raw/preflight/init.ready	fcce5a7e838ce7dccfb11a0f7ea2b2de5a88214be1c7fe3a7c540e611f597c0a	109
file	preflight-logs/selfcheck/collector-v10-test/schema-priority_signal_success/raw/stderr	e3b0c44298fc1c149afbf4c8996fb92427ae41e4649b934ca495991b7852b855	0
file	preflight-logs/selfcheck/collector-v10-test/schema-priority_signal_success/raw/stdout	e3b0c44298fc1c149afbf4c8996fb92427ae41e4649b934ca495991b7852b855	0
file	preflight-logs/selfcheck/collector-v10-test/schema-priority_signal_success/raw/supervisor.json	47cacf36fa434d3ff0678f87afdbc75aa6163f7e124531da2e6a880f8ba82336	8874
file	preflight-logs/selfcheck/collector-v10-test/schema-priority_signal_success/raw/supervisor.ready	ed1a545bb85e55816bbf9566b028b2a0bc456b88f49f6f266c0401048824194b	6
directory	preflight-logs/selfcheck/collector-v10-test/schema-priority_signal_success/tmp	-	0
directory	preflight-logs/selfcheck/collector-v10-test/schema-priority_signal_timeout	-	0
file	preflight-logs/selfcheck/collector-v10-test/schema-priority_signal_timeout.collector.stderr	1a7b022122327c7f0c2d39264f5044b54cfe93aa18a0f4719ee3b7731a452dd6	83
file	preflight-logs/selfcheck/collector-v10-test/schema-priority_signal_timeout.collector.stdout	e3b0c44298fc1c149afbf4c8996fb92427ae41e4649b934ca495991b7852b855	0
directory	preflight-logs/selfcheck/collector-v10-test/schema-priority_signal_timeout/audits	-	0
file	preflight-logs/selfcheck/collector-v10-test/schema-priority_signal_timeout/audits/final-artifacts.tsv	07da53e6ddfcfadb97242fe031bc48a6b9361ca703d69f4d1443fa879e5a6a3d	28
file	preflight-logs/selfcheck/collector-v10-test/schema-priority_signal_timeout/audits/final-endpoint.txt	4de3fd1d1eeb08dd7976b911c02a38dba961cf2c27f9341b2c79ae214af5af25	13
file	preflight-logs/selfcheck/collector-v10-test/schema-priority_signal_timeout/final-status.txt	e71a3feb1790d3bd5c36428cc5b93d3dc52c08c3f5b132e19d46a267f7484de5	804
file	preflight-logs/selfcheck/collector-v10-test/schema-priority_signal_timeout/finalization-order.txt	03ad30618a52f1f535ed2a1fe167b029cca0bad0728bb66c7865c3445e1d5473	185
directory	preflight-logs/selfcheck/collector-v10-test/schema-priority_signal_timeout/hooks	-	0
file	preflight-logs/selfcheck/collector-v10-test/schema-priority_signal_timeout/outer-signals.json	4fb60ad7e50f3d3e74be335a9587702917d201cd33bc8e170399e8741bb33273	199
directory	preflight-logs/selfcheck/collector-v10-test/schema-priority_signal_timeout/raw	-	0
file	preflight-logs/selfcheck/collector-v10-test/schema-priority_signal_timeout/raw.seal.sha256	84f3ecdc9e203c71163bbc3666dbe79aa9b9ae0229c9d1ee267de43a5f22466f	795
directory	preflight-logs/selfcheck/collector-v10-test/schema-priority_signal_timeout/raw/preflight	-	0
file	preflight-logs/selfcheck/collector-v10-test/schema-priority_signal_timeout/raw/preflight.session-ready	39feceb2eced7e3165a8f7f40852708b835f274d4ff94896baface7efca6a52d	109
file	preflight-logs/selfcheck/collector-v10-test/schema-priority_signal_timeout/raw/preflight.session-ready.go	c2fc355f2b52e01ea670dc8b27f1c8f3a268d68b4b399a0cf91544cb975792df	3
file	preflight-logs/selfcheck/collector-v10-test/schema-priority_signal_timeout/raw/preflight/fixture.endpoints	2eadd75476b6a4eeba05e3eacf1d3a539e6464e756c068236a5e477c1ef8769b	27
file	preflight-logs/selfcheck/collector-v10-test/schema-priority_signal_timeout/raw/preflight/init.go	c2fc355f2b52e01ea670dc8b27f1c8f3a268d68b4b399a0cf91544cb975792df	3
file	preflight-logs/selfcheck/collector-v10-test/schema-priority_signal_timeout/raw/preflight/init.ready	fcce5a7e838ce7dccfb11a0f7ea2b2de5a88214be1c7fe3a7c540e611f597c0a	109
file	preflight-logs/selfcheck/collector-v10-test/schema-priority_signal_timeout/raw/stderr	e3b0c44298fc1c149afbf4c8996fb92427ae41e4649b934ca495991b7852b855	0
file	preflight-logs/selfcheck/collector-v10-test/schema-priority_signal_timeout/raw/stdout	e3b0c44298fc1c149afbf4c8996fb92427ae41e4649b934ca495991b7852b855	0
file	preflight-logs/selfcheck/collector-v10-test/schema-priority_signal_timeout/raw/supervisor.json	cb96d47782e745e8ff809fbc80dfeff8e29ef8616233ab8f27cd792119a56974	8875
file	preflight-logs/selfcheck/collector-v10-test/schema-priority_signal_timeout/raw/supervisor.ready	ed1a545bb85e55816bbf9566b028b2a0bc456b88f49f6f266c0401048824194b	6
directory	preflight-logs/selfcheck/collector-v10-test/schema-priority_signal_timeout/tmp	-	0
directory	preflight-logs/selfcheck/collector-v10-test/schema-priority_timeout_nonzero	-	0
file	preflight-logs/selfcheck/collector-v10-test/schema-priority_timeout_nonzero.collector.stderr	1a7b022122327c7f0c2d39264f5044b54cfe93aa18a0f4719ee3b7731a452dd6	83
file	preflight-logs/selfcheck/collector-v10-test/schema-priority_timeout_nonzero.collector.stdout	e3b0c44298fc1c149afbf4c8996fb92427ae41e4649b934ca495991b7852b855	0
directory	preflight-logs/selfcheck/collector-v10-test/schema-priority_timeout_nonzero/audits	-	0
file	preflight-logs/selfcheck/collector-v10-test/schema-priority_timeout_nonzero/audits/final-artifacts.tsv	07da53e6ddfcfadb97242fe031bc48a6b9361ca703d69f4d1443fa879e5a6a3d	28
file	preflight-logs/selfcheck/collector-v10-test/schema-priority_timeout_nonzero/audits/final-endpoint.txt	4de3fd1d1eeb08dd7976b911c02a38dba961cf2c27f9341b2c79ae214af5af25	13
file	preflight-logs/selfcheck/collector-v10-test/schema-priority_timeout_nonzero/final-status.txt	50ca15772007cb6009b8fc5881e0d1c432b9ac17299f99085d28974d13ad109f	805
file	preflight-logs/selfcheck/collector-v10-test/schema-priority_timeout_nonzero/finalization-order.txt	03ad30618a52f1f535ed2a1fe167b029cca0bad0728bb66c7865c3445e1d5473	185
directory	preflight-logs/selfcheck/collector-v10-test/schema-priority_timeout_nonzero/hooks	-	0
file	preflight-logs/selfcheck/collector-v10-test/schema-priority_timeout_nonzero/outer-signals.json	4fb60ad7e50f3d3e74be335a9587702917d201cd33bc8e170399e8741bb33273	199
directory	preflight-logs/selfcheck/collector-v10-test/schema-priority_timeout_nonzero/raw	-	0
file	preflight-logs/selfcheck/collector-v10-test/schema-priority_timeout_nonzero/raw.seal.sha256	5f55b95a06165b7775c23bb34f985123e33d19dc17bfa4df72b8b1510f01095f	795
directory	preflight-logs/selfcheck/collector-v10-test/schema-priority_timeout_nonzero/raw/preflight	-	0
file	preflight-logs/selfcheck/collector-v10-test/schema-priority_timeout_nonzero/raw/preflight.session-ready	39feceb2eced7e3165a8f7f40852708b835f274d4ff94896baface7efca6a52d	109
file	preflight-logs/selfcheck/collector-v10-test/schema-priority_timeout_nonzero/raw/preflight.session-ready.go	c2fc355f2b52e01ea670dc8b27f1c8f3a268d68b4b399a0cf91544cb975792df	3
file	preflight-logs/selfcheck/collector-v10-test/schema-priority_timeout_nonzero/raw/preflight/fixture.endpoints	2eadd75476b6a4eeba05e3eacf1d3a539e6464e756c068236a5e477c1ef8769b	27
file	preflight-logs/selfcheck/collector-v10-test/schema-priority_timeout_nonzero/raw/preflight/init.go	c2fc355f2b52e01ea670dc8b27f1c8f3a268d68b4b399a0cf91544cb975792df	3
file	preflight-logs/selfcheck/collector-v10-test/schema-priority_timeout_nonzero/raw/preflight/init.ready	fcce5a7e838ce7dccfb11a0f7ea2b2de5a88214be1c7fe3a7c540e611f597c0a	109
file	preflight-logs/selfcheck/collector-v10-test/schema-priority_timeout_nonzero/raw/stderr	e3b0c44298fc1c149afbf4c8996fb92427ae41e4649b934ca495991b7852b855	0
file	preflight-logs/selfcheck/collector-v10-test/schema-priority_timeout_nonzero/raw/stdout	e3b0c44298fc1c149afbf4c8996fb92427ae41e4649b934ca495991b7852b855	0
file	preflight-logs/selfcheck/collector-v10-test/schema-priority_timeout_nonzero/raw/supervisor.json	260020b067c12d879fb0c27cef69361801dd68c05f731d6cc8adc4a6bfc6b008	8757
file	preflight-logs/selfcheck/collector-v10-test/schema-priority_timeout_nonzero/raw/supervisor.ready	ed1a545bb85e55816bbf9566b028b2a0bc456b88f49f6f266c0401048824194b	6
directory	preflight-logs/selfcheck/collector-v10-test/schema-priority_timeout_nonzero/tmp	-	0
directory	preflight-logs/selfcheck/collector-v10-test/schema-priority_timeout_success	-	0
file	preflight-logs/selfcheck/collector-v10-test/schema-priority_timeout_success.collector.stderr	1a7b022122327c7f0c2d39264f5044b54cfe93aa18a0f4719ee3b7731a452dd6	83
file	preflight-logs/selfcheck/collector-v10-test/schema-priority_timeout_success.collector.stdout	e3b0c44298fc1c149afbf4c8996fb92427ae41e4649b934ca495991b7852b855	0
directory	preflight-logs/selfcheck/collector-v10-test/schema-priority_timeout_success/audits	-	0
file	preflight-logs/selfcheck/collector-v10-test/schema-priority_timeout_success/audits/final-artifacts.tsv	07da53e6ddfcfadb97242fe031bc48a6b9361ca703d69f4d1443fa879e5a6a3d	28
file	preflight-logs/selfcheck/collector-v10-test/schema-priority_timeout_success/audits/final-endpoint.txt	4de3fd1d1eeb08dd7976b911c02a38dba961cf2c27f9341b2c79ae214af5af25	13
file	preflight-logs/selfcheck/collector-v10-test/schema-priority_timeout_success/final-status.txt	22866fbde760e640c47530c61fb887e389a5b2a26a3313ad24f150bea132151f	805
file	preflight-logs/selfcheck/collector-v10-test/schema-priority_timeout_success/finalization-order.txt	03ad30618a52f1f535ed2a1fe167b029cca0bad0728bb66c7865c3445e1d5473	185
directory	preflight-logs/selfcheck/collector-v10-test/schema-priority_timeout_success/hooks	-	0
file	preflight-logs/selfcheck/collector-v10-test/schema-priority_timeout_success/outer-signals.json	4fb60ad7e50f3d3e74be335a9587702917d201cd33bc8e170399e8741bb33273	199
directory	preflight-logs/selfcheck/collector-v10-test/schema-priority_timeout_success/raw	-	0
file	preflight-logs/selfcheck/collector-v10-test/schema-priority_timeout_success/raw.seal.sha256	441ac3b3c83b49303804b644f8926af4e0a8eabe301e90fc0221c3f222b08842	795
directory	preflight-logs/selfcheck/collector-v10-test/schema-priority_timeout_success/raw/preflight	-	0
file	preflight-logs/selfcheck/collector-v10-test/schema-priority_timeout_success/raw/preflight.session-ready	39feceb2eced7e3165a8f7f40852708b835f274d4ff94896baface7efca6a52d	109
file	preflight-logs/selfcheck/collector-v10-test/schema-priority_timeout_success/raw/preflight.session-ready.go	c2fc355f2b52e01ea670dc8b27f1c8f3a268d68b4b399a0cf91544cb975792df	3
file	preflight-logs/selfcheck/collector-v10-test/schema-priority_timeout_success/raw/preflight/fixture.endpoints	2eadd75476b6a4eeba05e3eacf1d3a539e6464e756c068236a5e477c1ef8769b	27
file	preflight-logs/selfcheck/collector-v10-test/schema-priority_timeout_success/raw/preflight/init.go	c2fc355f2b52e01ea670dc8b27f1c8f3a268d68b4b399a0cf91544cb975792df	3
file	preflight-logs/selfcheck/collector-v10-test/schema-priority_timeout_success/raw/preflight/init.ready	fcce5a7e838ce7dccfb11a0f7ea2b2de5a88214be1c7fe3a7c540e611f597c0a	109
file	preflight-logs/selfcheck/collector-v10-test/schema-priority_timeout_success/raw/stderr	e3b0c44298fc1c149afbf4c8996fb92427ae41e4649b934ca495991b7852b855	0
file	preflight-logs/selfcheck/collector-v10-test/schema-priority_timeout_success/raw/stdout	e3b0c44298fc1c149afbf4c8996fb92427ae41e4649b934ca495991b7852b855	0
file	preflight-logs/selfcheck/collector-v10-test/schema-priority_timeout_success/raw/supervisor.json	07ba4cf32810eba31b793fe04bd3ec5b9d9f72b603fea3e3e3eca7dc7b8614f7	8757
file	preflight-logs/selfcheck/collector-v10-test/schema-priority_timeout_success/raw/supervisor.ready	ed1a545bb85e55816bbf9566b028b2a0bc456b88f49f6f266c0401048824194b	6
directory	preflight-logs/selfcheck/collector-v10-test/schema-priority_timeout_success/tmp	-	0
directory	preflight-logs/selfcheck/collector-v10-test/schema-signal_number_bool	-	0
file	preflight-logs/selfcheck/collector-v10-test/schema-signal_number_bool.collector.stderr	28838653ace6a4ab0878401d360ab65f3d938472f2b33445b8e1c621105b9200	93
file	preflight-logs/selfcheck/collector-v10-test/schema-signal_number_bool.collector.stdout	e3b0c44298fc1c149afbf4c8996fb92427ae41e4649b934ca495991b7852b855	0
directory	preflight-logs/selfcheck/collector-v10-test/schema-signal_number_bool/audits	-	0
file	preflight-logs/selfcheck/collector-v10-test/schema-signal_number_bool/audits/final-artifacts.tsv	07da53e6ddfcfadb97242fe031bc48a6b9361ca703d69f4d1443fa879e5a6a3d	28
file	preflight-logs/selfcheck/collector-v10-test/schema-signal_number_bool/audits/final-endpoint.txt	4de3fd1d1eeb08dd7976b911c02a38dba961cf2c27f9341b2c79ae214af5af25	13
file	preflight-logs/selfcheck/collector-v10-test/schema-signal_number_bool/final-status.txt	8853e5bbb493faa335890e548c0e8c9e0113210ac97c1a9138a085581a78fa8e	809
file	preflight-logs/selfcheck/collector-v10-test/schema-signal_number_bool/finalization-order.txt	03ad30618a52f1f535ed2a1fe167b029cca0bad0728bb66c7865c3445e1d5473	185
directory	preflight-logs/selfcheck/collector-v10-test/schema-signal_number_bool/hooks	-	0
file	preflight-logs/selfcheck/collector-v10-test/schema-signal_number_bool/outer-signals.json	4fb60ad7e50f3d3e74be335a9587702917d201cd33bc8e170399e8741bb33273	199
directory	preflight-logs/selfcheck/collector-v10-test/schema-signal_number_bool/raw	-	0
file	preflight-logs/selfcheck/collector-v10-test/schema-signal_number_bool/raw.seal.sha256	e5bfaebc2cb7e0cb5ab079d006b55629e8b72e4e9a4a2d6605def7e52ea29206	795
directory	preflight-logs/selfcheck/collector-v10-test/schema-signal_number_bool/raw/preflight	-	0
file	preflight-logs/selfcheck/collector-v10-test/schema-signal_number_bool/raw/preflight.session-ready	39feceb2eced7e3165a8f7f40852708b835f274d4ff94896baface7efca6a52d	109
file	preflight-logs/selfcheck/collector-v10-test/schema-signal_number_bool/raw/preflight.session-ready.go	c2fc355f2b52e01ea670dc8b27f1c8f3a268d68b4b399a0cf91544cb975792df	3
file	preflight-logs/selfcheck/collector-v10-test/schema-signal_number_bool/raw/preflight/fixture.endpoints	2eadd75476b6a4eeba05e3eacf1d3a539e6464e756c068236a5e477c1ef8769b	27
file	preflight-logs/selfcheck/collector-v10-test/schema-signal_number_bool/raw/preflight/init.go	c2fc355f2b52e01ea670dc8b27f1c8f3a268d68b4b399a0cf91544cb975792df	3
file	preflight-logs/selfcheck/collector-v10-test/schema-signal_number_bool/raw/preflight/init.ready	fcce5a7e838ce7dccfb11a0f7ea2b2de5a88214be1c7fe3a7c540e611f597c0a	109
file	preflight-logs/selfcheck/collector-v10-test/schema-signal_number_bool/raw/stderr	e3b0c44298fc1c149afbf4c8996fb92427ae41e4649b934ca495991b7852b855	0
file	preflight-logs/selfcheck/collector-v10-test/schema-signal_number_bool/raw/stdout	e3b0c44298fc1c149afbf4c8996fb92427ae41e4649b934ca495991b7852b855	0
file	preflight-logs/selfcheck/collector-v10-test/schema-signal_number_bool/raw/supervisor.json	99b2b50fca4d8411cdcf48002cb5e415d121efec666435e18e644dc521a054e0	8844
file	preflight-logs/selfcheck/collector-v10-test/schema-signal_number_bool/raw/supervisor.ready	ed1a545bb85e55816bbf9566b028b2a0bc456b88f49f6f266c0401048824194b	6
directory	preflight-logs/selfcheck/collector-v10-test/schema-signal_number_bool/tmp	-	0
directory	preflight-logs/selfcheck/collector-v10-test/schema-signal_number_float	-	0
file	preflight-logs/selfcheck/collector-v10-test/schema-signal_number_float.collector.stderr	28838653ace6a4ab0878401d360ab65f3d938472f2b33445b8e1c621105b9200	93
file	preflight-logs/selfcheck/collector-v10-test/schema-signal_number_float.collector.stdout	e3b0c44298fc1c149afbf4c8996fb92427ae41e4649b934ca495991b7852b855	0
directory	preflight-logs/selfcheck/collector-v10-test/schema-signal_number_float/audits	-	0
file	preflight-logs/selfcheck/collector-v10-test/schema-signal_number_float/audits/final-artifacts.tsv	07da53e6ddfcfadb97242fe031bc48a6b9361ca703d69f4d1443fa879e5a6a3d	28
file	preflight-logs/selfcheck/collector-v10-test/schema-signal_number_float/audits/final-endpoint.txt	4de3fd1d1eeb08dd7976b911c02a38dba961cf2c27f9341b2c79ae214af5af25	13
file	preflight-logs/selfcheck/collector-v10-test/schema-signal_number_float/final-status.txt	676b361f3d23d8ecd7d74ba4d0100fec4928e7b76fcea80157f6fc4b7513be49	810
file	preflight-logs/selfcheck/collector-v10-test/schema-signal_number_float/finalization-order.txt	03ad30618a52f1f535ed2a1fe167b029cca0bad0728bb66c7865c3445e1d5473	185
directory	preflight-logs/selfcheck/collector-v10-test/schema-signal_number_float/hooks	-	0
file	preflight-logs/selfcheck/collector-v10-test/schema-signal_number_float/outer-signals.json	4fb60ad7e50f3d3e74be335a9587702917d201cd33bc8e170399e8741bb33273	199
directory	preflight-logs/selfcheck/collector-v10-test/schema-signal_number_float/raw	-	0
file	preflight-logs/selfcheck/collector-v10-test/schema-signal_number_float/raw.seal.sha256	4a6b9863a2c739837269f695e0b4a52fc15ccecd568191c5268a44025e23cddb	795
directory	preflight-logs/selfcheck/collector-v10-test/schema-signal_number_float/raw/preflight	-	0
file	preflight-logs/selfcheck/collector-v10-test/schema-signal_number_float/raw/preflight.session-ready	39feceb2eced7e3165a8f7f40852708b835f274d4ff94896baface7efca6a52d	109
file	preflight-logs/selfcheck/collector-v10-test/schema-signal_number_float/raw/preflight.session-ready.go	c2fc355f2b52e01ea670dc8b27f1c8f3a268d68b4b399a0cf91544cb975792df	3
file	preflight-logs/selfcheck/collector-v10-test/schema-signal_number_float/raw/preflight/fixture.endpoints	2eadd75476b6a4eeba05e3eacf1d3a539e6464e756c068236a5e477c1ef8769b	27
file	preflight-logs/selfcheck/collector-v10-test/schema-signal_number_float/raw/preflight/init.go	c2fc355f2b52e01ea670dc8b27f1c8f3a268d68b4b399a0cf91544cb975792df	3
file	preflight-logs/selfcheck/collector-v10-test/schema-signal_number_float/raw/preflight/init.ready	fcce5a7e838ce7dccfb11a0f7ea2b2de5a88214be1c7fe3a7c540e611f597c0a	109
file	preflight-logs/selfcheck/collector-v10-test/schema-signal_number_float/raw/stderr	e3b0c44298fc1c149afbf4c8996fb92427ae41e4649b934ca495991b7852b855	0
file	preflight-logs/selfcheck/collector-v10-test/schema-signal_number_float/raw/stdout	e3b0c44298fc1c149afbf4c8996fb92427ae41e4649b934ca495991b7852b855	0
file	preflight-logs/selfcheck/collector-v10-test/schema-signal_number_float/raw/supervisor.json	e02389cd267b93196b6cf47b6cd1a3133d5a9daebe037f8e53c3fe78623af231	8850
file	preflight-logs/selfcheck/collector-v10-test/schema-signal_number_float/raw/supervisor.ready	ed1a545bb85e55816bbf9566b028b2a0bc456b88f49f6f266c0401048824194b	6
directory	preflight-logs/selfcheck/collector-v10-test/schema-signal_number_float/tmp	-	0
directory	preflight-logs/selfcheck/collector-v10-test/schema-signal_sequence_bool	-	0
file	preflight-logs/selfcheck/collector-v10-test/schema-signal_sequence_bool.collector.stderr	db3e2dcf5f41aedbb8648499471177901624f630c14411e59b5a2309341133a1	95
file	preflight-logs/selfcheck/collector-v10-test/schema-signal_sequence_bool.collector.stdout	e3b0c44298fc1c149afbf4c8996fb92427ae41e4649b934ca495991b7852b855	0
directory	preflight-logs/selfcheck/collector-v10-test/schema-signal_sequence_bool/audits	-	0
file	preflight-logs/selfcheck/collector-v10-test/schema-signal_sequence_bool/audits/final-artifacts.tsv	07da53e6ddfcfadb97242fe031bc48a6b9361ca703d69f4d1443fa879e5a6a3d	28
file	preflight-logs/selfcheck/collector-v10-test/schema-signal_sequence_bool/audits/final-endpoint.txt	4de3fd1d1eeb08dd7976b911c02a38dba961cf2c27f9341b2c79ae214af5af25	13
file	preflight-logs/selfcheck/collector-v10-test/schema-signal_sequence_bool/final-status.txt	ce0a892b3df5a67323768badf3700412e87e50fd0b81550c2b3886566a1500c2	813
file	preflight-logs/selfcheck/collector-v10-test/schema-signal_sequence_bool/finalization-order.txt	03ad30618a52f1f535ed2a1fe167b029cca0bad0728bb66c7865c3445e1d5473	185
directory	preflight-logs/selfcheck/collector-v10-test/schema-signal_sequence_bool/hooks	-	0
file	preflight-logs/selfcheck/collector-v10-test/schema-signal_sequence_bool/outer-signals.json	4fb60ad7e50f3d3e74be335a9587702917d201cd33bc8e170399e8741bb33273	199
directory	preflight-logs/selfcheck/collector-v10-test/schema-signal_sequence_bool/raw	-	0
file	preflight-logs/selfcheck/collector-v10-test/schema-signal_sequence_bool/raw.seal.sha256	f4af07ec7c403c7ac2cb81155dfc062dda239a48c406c0b7335fd0537699e8b3	795
directory	preflight-logs/selfcheck/collector-v10-test/schema-signal_sequence_bool/raw/preflight	-	0
file	preflight-logs/selfcheck/collector-v10-test/schema-signal_sequence_bool/raw/preflight.session-ready	39feceb2eced7e3165a8f7f40852708b835f274d4ff94896baface7efca6a52d	109
file	preflight-logs/selfcheck/collector-v10-test/schema-signal_sequence_bool/raw/preflight.session-ready.go	c2fc355f2b52e01ea670dc8b27f1c8f3a268d68b4b399a0cf91544cb975792df	3
file	preflight-logs/selfcheck/collector-v10-test/schema-signal_sequence_bool/raw/preflight/fixture.endpoints	2eadd75476b6a4eeba05e3eacf1d3a539e6464e756c068236a5e477c1ef8769b	27
file	preflight-logs/selfcheck/collector-v10-test/schema-signal_sequence_bool/raw/preflight/init.go	c2fc355f2b52e01ea670dc8b27f1c8f3a268d68b4b399a0cf91544cb975792df	3
file	preflight-logs/selfcheck/collector-v10-test/schema-signal_sequence_bool/raw/preflight/init.ready	fcce5a7e838ce7dccfb11a0f7ea2b2de5a88214be1c7fe3a7c540e611f597c0a	109
file	preflight-logs/selfcheck/collector-v10-test/schema-signal_sequence_bool/raw/stderr	e3b0c44298fc1c149afbf4c8996fb92427ae41e4649b934ca495991b7852b855	0
file	preflight-logs/selfcheck/collector-v10-test/schema-signal_sequence_bool/raw/stdout	e3b0c44298fc1c149afbf4c8996fb92427ae41e4649b934ca495991b7852b855	0
file	preflight-logs/selfcheck/collector-v10-test/schema-signal_sequence_bool/raw/supervisor.json	c3307d0a1a2d4976673998a4b3e3fb66cb288e717872511f2405bd0e639e1c9e	8858
file	preflight-logs/selfcheck/collector-v10-test/schema-signal_sequence_bool/raw/supervisor.ready	ed1a545bb85e55816bbf9566b028b2a0bc456b88f49f6f266c0401048824194b	6
directory	preflight-logs/selfcheck/collector-v10-test/schema-signal_sequence_bool/tmp	-	0
directory	preflight-logs/selfcheck/collector-v10-test/schema-signal_sequence_float	-	0
file	preflight-logs/selfcheck/collector-v10-test/schema-signal_sequence_float.collector.stderr	db3e2dcf5f41aedbb8648499471177901624f630c14411e59b5a2309341133a1	95
file	preflight-logs/selfcheck/collector-v10-test/schema-signal_sequence_float.collector.stdout	e3b0c44298fc1c149afbf4c8996fb92427ae41e4649b934ca495991b7852b855	0
directory	preflight-logs/selfcheck/collector-v10-test/schema-signal_sequence_float/audits	-	0
file	preflight-logs/selfcheck/collector-v10-test/schema-signal_sequence_float/audits/final-artifacts.tsv	07da53e6ddfcfadb97242fe031bc48a6b9361ca703d69f4d1443fa879e5a6a3d	28
file	preflight-logs/selfcheck/collector-v10-test/schema-signal_sequence_float/audits/final-endpoint.txt	4de3fd1d1eeb08dd7976b911c02a38dba961cf2c27f9341b2c79ae214af5af25	13
file	preflight-logs/selfcheck/collector-v10-test/schema-signal_sequence_float/final-status.txt	27065a0d0226a2e02638efbfcfdec5f3cd81af4e14ab9b543d810dd78bf96565	814
file	preflight-logs/selfcheck/collector-v10-test/schema-signal_sequence_float/finalization-order.txt	03ad30618a52f1f535ed2a1fe167b029cca0bad0728bb66c7865c3445e1d5473	185
directory	preflight-logs/selfcheck/collector-v10-test/schema-signal_sequence_float/hooks	-	0
file	preflight-logs/selfcheck/collector-v10-test/schema-signal_sequence_float/outer-signals.json	4fb60ad7e50f3d3e74be335a9587702917d201cd33bc8e170399e8741bb33273	199
directory	preflight-logs/selfcheck/collector-v10-test/schema-signal_sequence_float/raw	-	0
file	preflight-logs/selfcheck/collector-v10-test/schema-signal_sequence_float/raw.seal.sha256	aebc3c3f07fdbac7d3f3162b23c737cb3330aaba71d3799dacef472f35084f76	795
directory	preflight-logs/selfcheck/collector-v10-test/schema-signal_sequence_float/raw/preflight	-	0
file	preflight-logs/selfcheck/collector-v10-test/schema-signal_sequence_float/raw/preflight.session-ready	39feceb2eced7e3165a8f7f40852708b835f274d4ff94896baface7efca6a52d	109
file	preflight-logs/selfcheck/collector-v10-test/schema-signal_sequence_float/raw/preflight.session-ready.go	c2fc355f2b52e01ea670dc8b27f1c8f3a268d68b4b399a0cf91544cb975792df	3
file	preflight-logs/selfcheck/collector-v10-test/schema-signal_sequence_float/raw/preflight/fixture.endpoints	2eadd75476b6a4eeba05e3eacf1d3a539e6464e756c068236a5e477c1ef8769b	27
file	preflight-logs/selfcheck/collector-v10-test/schema-signal_sequence_float/raw/preflight/init.go	c2fc355f2b52e01ea670dc8b27f1c8f3a268d68b4b399a0cf91544cb975792df	3
file	preflight-logs/selfcheck/collector-v10-test/schema-signal_sequence_float/raw/preflight/init.ready	fcce5a7e838ce7dccfb11a0f7ea2b2de5a88214be1c7fe3a7c540e611f597c0a	109
file	preflight-logs/selfcheck/collector-v10-test/schema-signal_sequence_float/raw/stderr	e3b0c44298fc1c149afbf4c8996fb92427ae41e4649b934ca495991b7852b855	0
file	preflight-logs/selfcheck/collector-v10-test/schema-signal_sequence_float/raw/stdout	e3b0c44298fc1c149afbf4c8996fb92427ae41e4649b934ca495991b7852b855	0
file	preflight-logs/selfcheck/collector-v10-test/schema-signal_sequence_float/raw/supervisor.json	f323f438febe1d2c5a7f4338f261c7665e38ffd475dbb00250a7d0c1411a529c	8864
file	preflight-logs/selfcheck/collector-v10-test/schema-signal_sequence_float/raw/supervisor.ready	ed1a545bb85e55816bbf9566b028b2a0bc456b88f49f6f266c0401048824194b	6
directory	preflight-logs/selfcheck/collector-v10-test/schema-signal_sequence_float/tmp	-	0
directory	preflight-logs/selfcheck/collector-v10-test/schema-signal_status_bool	-	0
file	preflight-logs/selfcheck/collector-v10-test/schema-signal_status_bool.collector.stderr	af42b899175a9feb8ff88381b939d3b1c24ff96373f89c5557c88d622d5583d0	93
file	preflight-logs/selfcheck/collector-v10-test/schema-signal_status_bool.collector.stdout	e3b0c44298fc1c149afbf4c8996fb92427ae41e4649b934ca495991b7852b855	0
directory	preflight-logs/selfcheck/collector-v10-test/schema-signal_status_bool/audits	-	0
file	preflight-logs/selfcheck/collector-v10-test/schema-signal_status_bool/audits/final-artifacts.tsv	07da53e6ddfcfadb97242fe031bc48a6b9361ca703d69f4d1443fa879e5a6a3d	28
file	preflight-logs/selfcheck/collector-v10-test/schema-signal_status_bool/audits/final-endpoint.txt	4de3fd1d1eeb08dd7976b911c02a38dba961cf2c27f9341b2c79ae214af5af25	13
file	preflight-logs/selfcheck/collector-v10-test/schema-signal_status_bool/final-status.txt	6e6b507adbf87c6a3c7e10ddde474f892a214c127c8fb392da5d4a70d11352ad	809
file	preflight-logs/selfcheck/collector-v10-test/schema-signal_status_bool/finalization-order.txt	03ad30618a52f1f535ed2a1fe167b029cca0bad0728bb66c7865c3445e1d5473	185
directory	preflight-logs/selfcheck/collector-v10-test/schema-signal_status_bool/hooks	-	0
file	preflight-logs/selfcheck/collector-v10-test/schema-signal_status_bool/outer-signals.json	4fb60ad7e50f3d3e74be335a9587702917d201cd33bc8e170399e8741bb33273	199
directory	preflight-logs/selfcheck/collector-v10-test/schema-signal_status_bool/raw	-	0
file	preflight-logs/selfcheck/collector-v10-test/schema-signal_status_bool/raw.seal.sha256	56007ea4d102b34a33ad0c3a1f947da515280ea98baa83760724f8c5048c4c00	795
directory	preflight-logs/selfcheck/collector-v10-test/schema-signal_status_bool/raw/preflight	-	0
file	preflight-logs/selfcheck/collector-v10-test/schema-signal_status_bool/raw/preflight.session-ready	39feceb2eced7e3165a8f7f40852708b835f274d4ff94896baface7efca6a52d	109
file	preflight-logs/selfcheck/collector-v10-test/schema-signal_status_bool/raw/preflight.session-ready.go	c2fc355f2b52e01ea670dc8b27f1c8f3a268d68b4b399a0cf91544cb975792df	3
file	preflight-logs/selfcheck/collector-v10-test/schema-signal_status_bool/raw/preflight/fixture.endpoints	2eadd75476b6a4eeba05e3eacf1d3a539e6464e756c068236a5e477c1ef8769b	27
file	preflight-logs/selfcheck/collector-v10-test/schema-signal_status_bool/raw/preflight/init.go	c2fc355f2b52e01ea670dc8b27f1c8f3a268d68b4b399a0cf91544cb975792df	3
file	preflight-logs/selfcheck/collector-v10-test/schema-signal_status_bool/raw/preflight/init.ready	fcce5a7e838ce7dccfb11a0f7ea2b2de5a88214be1c7fe3a7c540e611f597c0a	109
file	preflight-logs/selfcheck/collector-v10-test/schema-signal_status_bool/raw/stderr	e3b0c44298fc1c149afbf4c8996fb92427ae41e4649b934ca495991b7852b855	0
file	preflight-logs/selfcheck/collector-v10-test/schema-signal_status_bool/raw/stdout	e3b0c44298fc1c149afbf4c8996fb92427ae41e4649b934ca495991b7852b855	0
file	preflight-logs/selfcheck/collector-v10-test/schema-signal_status_bool/raw/supervisor.json	1f94b80c8caa75b9bb303c86944fab786e37cf53d56ca391ac954f037913b9f0	8842
file	preflight-logs/selfcheck/collector-v10-test/schema-signal_status_bool/raw/supervisor.ready	ed1a545bb85e55816bbf9566b028b2a0bc456b88f49f6f266c0401048824194b	6
directory	preflight-logs/selfcheck/collector-v10-test/schema-signal_status_bool/tmp	-	0
directory	preflight-logs/selfcheck/collector-v10-test/schema-signal_status_float	-	0
file	preflight-logs/selfcheck/collector-v10-test/schema-signal_status_float.collector.stderr	af42b899175a9feb8ff88381b939d3b1c24ff96373f89c5557c88d622d5583d0	93
file	preflight-logs/selfcheck/collector-v10-test/schema-signal_status_float.collector.stdout	e3b0c44298fc1c149afbf4c8996fb92427ae41e4649b934ca495991b7852b855	0
directory	preflight-logs/selfcheck/collector-v10-test/schema-signal_status_float/audits	-	0
file	preflight-logs/selfcheck/collector-v10-test/schema-signal_status_float/audits/final-artifacts.tsv	07da53e6ddfcfadb97242fe031bc48a6b9361ca703d69f4d1443fa879e5a6a3d	28
file	preflight-logs/selfcheck/collector-v10-test/schema-signal_status_float/audits/final-endpoint.txt	4de3fd1d1eeb08dd7976b911c02a38dba961cf2c27f9341b2c79ae214af5af25	13
file	preflight-logs/selfcheck/collector-v10-test/schema-signal_status_float/final-status.txt	8e2cee9e51716a0ba9a53628d7e9c65e1441d391bce0850747a13fc9cb47fd5c	810
file	preflight-logs/selfcheck/collector-v10-test/schema-signal_status_float/finalization-order.txt	03ad30618a52f1f535ed2a1fe167b029cca0bad0728bb66c7865c3445e1d5473	185
directory	preflight-logs/selfcheck/collector-v10-test/schema-signal_status_float/hooks	-	0
file	preflight-logs/selfcheck/collector-v10-test/schema-signal_status_float/outer-signals.json	4fb60ad7e50f3d3e74be335a9587702917d201cd33bc8e170399e8741bb33273	199
directory	preflight-logs/selfcheck/collector-v10-test/schema-signal_status_float/raw	-	0
file	preflight-logs/selfcheck/collector-v10-test/schema-signal_status_float/raw.seal.sha256	b8de71fe017705154724f6da4a59ecd4df98e08ae02365e396b2c15d4978a34d	795
directory	preflight-logs/selfcheck/collector-v10-test/schema-signal_status_float/raw/preflight	-	0
file	preflight-logs/selfcheck/collector-v10-test/schema-signal_status_float/raw/preflight.session-ready	39feceb2eced7e3165a8f7f40852708b835f274d4ff94896baface7efca6a52d	109
file	preflight-logs/selfcheck/collector-v10-test/schema-signal_status_float/raw/preflight.session-ready.go	c2fc355f2b52e01ea670dc8b27f1c8f3a268d68b4b399a0cf91544cb975792df	3
file	preflight-logs/selfcheck/collector-v10-test/schema-signal_status_float/raw/preflight/fixture.endpoints	2eadd75476b6a4eeba05e3eacf1d3a539e6464e756c068236a5e477c1ef8769b	27
file	preflight-logs/selfcheck/collector-v10-test/schema-signal_status_float/raw/preflight/init.go	c2fc355f2b52e01ea670dc8b27f1c8f3a268d68b4b399a0cf91544cb975792df	3
file	preflight-logs/selfcheck/collector-v10-test/schema-signal_status_float/raw/preflight/init.ready	fcce5a7e838ce7dccfb11a0f7ea2b2de5a88214be1c7fe3a7c540e611f597c0a	109
file	preflight-logs/selfcheck/collector-v10-test/schema-signal_status_float/raw/stderr	e3b0c44298fc1c149afbf4c8996fb92427ae41e4649b934ca495991b7852b855	0
file	preflight-logs/selfcheck/collector-v10-test/schema-signal_status_float/raw/stdout	e3b0c44298fc1c149afbf4c8996fb92427ae41e4649b934ca495991b7852b855	0
file	preflight-logs/selfcheck/collector-v10-test/schema-signal_status_float/raw/supervisor.json	1d5827839d7c0b198ce93118a1e1d7367ccb10c8d8800cacd60336f817929598	8850
file	preflight-logs/selfcheck/collector-v10-test/schema-signal_status_float/raw/supervisor.ready	ed1a545bb85e55816bbf9566b028b2a0bc456b88f49f6f266c0401048824194b	6
directory	preflight-logs/selfcheck/collector-v10-test/schema-signal_status_float/tmp	-	0
directory	preflight-logs/selfcheck/collector-v10-test/schema-strict_integer__namespace_identity_pid__bool	-	0
file	preflight-logs/selfcheck/collector-v10-test/schema-strict_integer__namespace_identity_pid__bool.collector.stderr	6e511fdc1fcbbdb2a3ba8190c834c670ec5a87a49d52bc01699ccc0954be788b	97
file	preflight-logs/selfcheck/collector-v10-test/schema-strict_integer__namespace_identity_pid__bool.collector.stdout	e3b0c44298fc1c149afbf4c8996fb92427ae41e4649b934ca495991b7852b855	0
directory	preflight-logs/selfcheck/collector-v10-test/schema-strict_integer__namespace_identity_pid__bool/audits	-	0
file	preflight-logs/selfcheck/collector-v10-test/schema-strict_integer__namespace_identity_pid__bool/audits/final-artifacts.tsv	07da53e6ddfcfadb97242fe031bc48a6b9361ca703d69f4d1443fa879e5a6a3d	28
file	preflight-logs/selfcheck/collector-v10-test/schema-strict_integer__namespace_identity_pid__bool/audits/final-endpoint.txt	4de3fd1d1eeb08dd7976b911c02a38dba961cf2c27f9341b2c79ae214af5af25	13
file	preflight-logs/selfcheck/collector-v10-test/schema-strict_integer__namespace_identity_pid__bool/final-status.txt	31ce51ff50b3a14d26b09a1030b0c459bf827b22128ab883eb08c9b887680dff	839
file	preflight-logs/selfcheck/collector-v10-test/schema-strict_integer__namespace_identity_pid__bool/finalization-order.txt	03ad30618a52f1f535ed2a1fe167b029cca0bad0728bb66c7865c3445e1d5473	185
directory	preflight-logs/selfcheck/collector-v10-test/schema-strict_integer__namespace_identity_pid__bool/hooks	-	0
file	preflight-logs/selfcheck/collector-v10-test/schema-strict_integer__namespace_identity_pid__bool/outer-signals.json	4fb60ad7e50f3d3e74be335a9587702917d201cd33bc8e170399e8741bb33273	199
directory	preflight-logs/selfcheck/collector-v10-test/schema-strict_integer__namespace_identity_pid__bool/raw	-	0
file	preflight-logs/selfcheck/collector-v10-test/schema-strict_integer__namespace_identity_pid__bool/raw.seal.sha256	1807e6153ec5c4c28c5465b89f50247c9558c32826c3a5e195c7e6146b688626	795
directory	preflight-logs/selfcheck/collector-v10-test/schema-strict_integer__namespace_identity_pid__bool/raw/preflight	-	0
file	preflight-logs/selfcheck/collector-v10-test/schema-strict_integer__namespace_identity_pid__bool/raw/preflight.session-ready	39feceb2eced7e3165a8f7f40852708b835f274d4ff94896baface7efca6a52d	109
file	preflight-logs/selfcheck/collector-v10-test/schema-strict_integer__namespace_identity_pid__bool/raw/preflight.session-ready.go	c2fc355f2b52e01ea670dc8b27f1c8f3a268d68b4b399a0cf91544cb975792df	3
file	preflight-logs/selfcheck/collector-v10-test/schema-strict_integer__namespace_identity_pid__bool/raw/preflight/fixture.endpoints	2eadd75476b6a4eeba05e3eacf1d3a539e6464e756c068236a5e477c1ef8769b	27
file	preflight-logs/selfcheck/collector-v10-test/schema-strict_integer__namespace_identity_pid__bool/raw/preflight/init.go	c2fc355f2b52e01ea670dc8b27f1c8f3a268d68b4b399a0cf91544cb975792df	3
file	preflight-logs/selfcheck/collector-v10-test/schema-strict_integer__namespace_identity_pid__bool/raw/preflight/init.ready	fcce5a7e838ce7dccfb11a0f7ea2b2de5a88214be1c7fe3a7c540e611f597c0a	109
file	preflight-logs/selfcheck/collector-v10-test/schema-strict_integer__namespace_identity_pid__bool/raw/stderr	e3b0c44298fc1c149afbf4c8996fb92427ae41e4649b934ca495991b7852b855	0
file	preflight-logs/selfcheck/collector-v10-test/schema-strict_integer__namespace_identity_pid__bool/raw/stdout	e3b0c44298fc1c149afbf4c8996fb92427ae41e4649b934ca495991b7852b855	0
file	preflight-logs/selfcheck/collector-v10-test/schema-strict_integer__namespace_identity_pid__bool/raw/supervisor.json	1bd4bc124d5bd281c4c6250e7a226bff88bc06a8463a7b4139327b81671da3a1	8898
file	preflight-logs/selfcheck/collector-v10-test/schema-strict_integer__namespace_identity_pid__bool/raw/supervisor.ready	ed1a545bb85e55816bbf9566b028b2a0bc456b88f49f6f266c0401048824194b	6
directory	preflight-logs/selfcheck/collector-v10-test/schema-strict_integer__namespace_identity_pid__bool/tmp	-	0
directory	preflight-logs/selfcheck/collector-v10-test/schema-strict_integer__namespace_identity_pid__float	-	0
file	preflight-logs/selfcheck/collector-v10-test/schema-strict_integer__namespace_identity_pid__float.collector.stderr	6e511fdc1fcbbdb2a3ba8190c834c670ec5a87a49d52bc01699ccc0954be788b	97
file	preflight-logs/selfcheck/collector-v10-test/schema-strict_integer__namespace_identity_pid__float.collector.stdout	e3b0c44298fc1c149afbf4c8996fb92427ae41e4649b934ca495991b7852b855	0
directory	preflight-logs/selfcheck/collector-v10-test/schema-strict_integer__namespace_identity_pid__float/audits	-	0
file	preflight-logs/selfcheck/collector-v10-test/schema-strict_integer__namespace_identity_pid__float/audits/final-artifacts.tsv	07da53e6ddfcfadb97242fe031bc48a6b9361ca703d69f4d1443fa879e5a6a3d	28
file	preflight-logs/selfcheck/collector-v10-test/schema-strict_integer__namespace_identity_pid__float/audits/final-endpoint.txt	4de3fd1d1eeb08dd7976b911c02a38dba961cf2c27f9341b2c79ae214af5af25	13
file	preflight-logs/selfcheck/collector-v10-test/schema-strict_integer__namespace_identity_pid__float/final-status.txt	a76b73ec853954c7a3b3903cfc717c94cfe9aa40700f869c1588921fb1ea9ef6	840
file	preflight-logs/selfcheck/collector-v10-test/schema-strict_integer__namespace_identity_pid__float/finalization-order.txt	03ad30618a52f1f535ed2a1fe167b029cca0bad0728bb66c7865c3445e1d5473	185
directory	preflight-logs/selfcheck/collector-v10-test/schema-strict_integer__namespace_identity_pid__float/hooks	-	0
file	preflight-logs/selfcheck/collector-v10-test/schema-strict_integer__namespace_identity_pid__float/outer-signals.json	4fb60ad7e50f3d3e74be335a9587702917d201cd33bc8e170399e8741bb33273	199
directory	preflight-logs/selfcheck/collector-v10-test/schema-strict_integer__namespace_identity_pid__float/raw	-	0
file	preflight-logs/selfcheck/collector-v10-test/schema-strict_integer__namespace_identity_pid__float/raw.seal.sha256	a700da411aede18eeb4f4e4617342b9ec4e8a56af09e480a7c165e0368a4fd29	795
directory	preflight-logs/selfcheck/collector-v10-test/schema-strict_integer__namespace_identity_pid__float/raw/preflight	-	0
file	preflight-logs/selfcheck/collector-v10-test/schema-strict_integer__namespace_identity_pid__float/raw/preflight.session-ready	39feceb2eced7e3165a8f7f40852708b835f274d4ff94896baface7efca6a52d	109
file	preflight-logs/selfcheck/collector-v10-test/schema-strict_integer__namespace_identity_pid__float/raw/preflight.session-ready.go	c2fc355f2b52e01ea670dc8b27f1c8f3a268d68b4b399a0cf91544cb975792df	3
file	preflight-logs/selfcheck/collector-v10-test/schema-strict_integer__namespace_identity_pid__float/raw/preflight/fixture.endpoints	2eadd75476b6a4eeba05e3eacf1d3a539e6464e756c068236a5e477c1ef8769b	27
file	preflight-logs/selfcheck/collector-v10-test/schema-strict_integer__namespace_identity_pid__float/raw/preflight/init.go	c2fc355f2b52e01ea670dc8b27f1c8f3a268d68b4b399a0cf91544cb975792df	3
file	preflight-logs/selfcheck/collector-v10-test/schema-strict_integer__namespace_identity_pid__float/raw/preflight/init.ready	fcce5a7e838ce7dccfb11a0f7ea2b2de5a88214be1c7fe3a7c540e611f597c0a	109
file	preflight-logs/selfcheck/collector-v10-test/schema-strict_integer__namespace_identity_pid__float/raw/stderr	e3b0c44298fc1c149afbf4c8996fb92427ae41e4649b934ca495991b7852b855	0
file	preflight-logs/selfcheck/collector-v10-test/schema-strict_integer__namespace_identity_pid__float/raw/stdout	e3b0c44298fc1c149afbf4c8996fb92427ae41e4649b934ca495991b7852b855	0
file	preflight-logs/selfcheck/collector-v10-test/schema-strict_integer__namespace_identity_pid__float/raw/supervisor.json	2c1484cac5cf115a7199c642480f1bf5cae1531cb895dffd6c5aa4811d5128df	8907
file	preflight-logs/selfcheck/collector-v10-test/schema-strict_integer__namespace_identity_pid__float/raw/supervisor.ready	ed1a545bb85e55816bbf9566b028b2a0bc456b88f49f6f266c0401048824194b	6
directory	preflight-logs/selfcheck/collector-v10-test/schema-strict_integer__namespace_identity_pid__float/tmp	-	0
directory	preflight-logs/selfcheck/collector-v10-test/schema-strict_integer__namespace_identity_starttime__bool	-	0
file	preflight-logs/selfcheck/collector-v10-test/schema-strict_integer__namespace_identity_starttime__bool.collector.stderr	09683b909a05b642aadd86fd4a6451327971403ba2f5de48f370e4a68c9bbb3e	103
file	preflight-logs/selfcheck/collector-v10-test/schema-strict_integer__namespace_identity_starttime__bool.collector.stdout	e3b0c44298fc1c149afbf4c8996fb92427ae41e4649b934ca495991b7852b855	0
directory	preflight-logs/selfcheck/collector-v10-test/schema-strict_integer__namespace_identity_starttime__bool/audits	-	0
file	preflight-logs/selfcheck/collector-v10-test/schema-strict_integer__namespace_identity_starttime__bool/audits/final-artifacts.tsv	07da53e6ddfcfadb97242fe031bc48a6b9361ca703d69f4d1443fa879e5a6a3d	28
file	preflight-logs/selfcheck/collector-v10-test/schema-strict_integer__namespace_identity_starttime__bool/audits/final-endpoint.txt	4de3fd1d1eeb08dd7976b911c02a38dba961cf2c27f9341b2c79ae214af5af25	13
file	preflight-logs/selfcheck/collector-v10-test/schema-strict_integer__namespace_identity_starttime__bool/final-status.txt	2cdeaf38dd98d9793e96a19f28329df8f8a5e4183e8a6f28766afda3911fb26f	851
file	preflight-logs/selfcheck/collector-v10-test/schema-strict_integer__namespace_identity_starttime__bool/finalization-order.txt	03ad30618a52f1f535ed2a1fe167b029cca0bad0728bb66c7865c3445e1d5473	185
directory	preflight-logs/selfcheck/collector-v10-test/schema-strict_integer__namespace_identity_starttime__bool/hooks	-	0
file	preflight-logs/selfcheck/collector-v10-test/schema-strict_integer__namespace_identity_starttime__bool/outer-signals.json	4fb60ad7e50f3d3e74be335a9587702917d201cd33bc8e170399e8741bb33273	199
directory	preflight-logs/selfcheck/collector-v10-test/schema-strict_integer__namespace_identity_starttime__bool/raw	-	0
file	preflight-logs/selfcheck/collector-v10-test/schema-strict_integer__namespace_identity_starttime__bool/raw.seal.sha256	8e1b1d00ddbddac144a3f260f67c2510dcdbed622afa9266233eeb5ca47f39cb	795
directory	preflight-logs/selfcheck/collector-v10-test/schema-strict_integer__namespace_identity_starttime__bool/raw/preflight	-	0
file	preflight-logs/selfcheck/collector-v10-test/schema-strict_integer__namespace_identity_starttime__bool/raw/preflight.session-ready	39feceb2eced7e3165a8f7f40852708b835f274d4ff94896baface7efca6a52d	109
file	preflight-logs/selfcheck/collector-v10-test/schema-strict_integer__namespace_identity_starttime__bool/raw/preflight.session-ready.go	c2fc355f2b52e01ea670dc8b27f1c8f3a268d68b4b399a0cf91544cb975792df	3
file	preflight-logs/selfcheck/collector-v10-test/schema-strict_integer__namespace_identity_starttime__bool/raw/preflight/fixture.endpoints	2eadd75476b6a4eeba05e3eacf1d3a539e6464e756c068236a5e477c1ef8769b	27
file	preflight-logs/selfcheck/collector-v10-test/schema-strict_integer__namespace_identity_starttime__bool/raw/preflight/init.go	c2fc355f2b52e01ea670dc8b27f1c8f3a268d68b4b399a0cf91544cb975792df	3
file	preflight-logs/selfcheck/collector-v10-test/schema-strict_integer__namespace_identity_starttime__bool/raw/preflight/init.ready	fcce5a7e838ce7dccfb11a0f7ea2b2de5a88214be1c7fe3a7c540e611f597c0a	109
file	preflight-logs/selfcheck/collector-v10-test/schema-strict_integer__namespace_identity_starttime__bool/raw/stderr	e3b0c44298fc1c149afbf4c8996fb92427ae41e4649b934ca495991b7852b855	0
file	preflight-logs/selfcheck/collector-v10-test/schema-strict_integer__namespace_identity_starttime__bool/raw/stdout	e3b0c44298fc1c149afbf4c8996fb92427ae41e4649b934ca495991b7852b855	0
file	preflight-logs/selfcheck/collector-v10-test/schema-strict_integer__namespace_identity_starttime__bool/raw/supervisor.json	0350b072a37e56d67886ac00017ccb7953718057accf557846df4b32585c90d3	8935
file	preflight-logs/selfcheck/collector-v10-test/schema-strict_integer__namespace_identity_starttime__bool/raw/supervisor.ready	ed1a545bb85e55816bbf9566b028b2a0bc456b88f49f6f266c0401048824194b	6
directory	preflight-logs/selfcheck/collector-v10-test/schema-strict_integer__namespace_identity_starttime__bool/tmp	-	0
directory	preflight-logs/selfcheck/collector-v10-test/schema-strict_integer__namespace_identity_starttime__float	-	0
file	preflight-logs/selfcheck/collector-v10-test/schema-strict_integer__namespace_identity_starttime__float.collector.stderr	09683b909a05b642aadd86fd4a6451327971403ba2f5de48f370e4a68c9bbb3e	103
file	preflight-logs/selfcheck/collector-v10-test/schema-strict_integer__namespace_identity_starttime__float.collector.stdout	e3b0c44298fc1c149afbf4c8996fb92427ae41e4649b934ca495991b7852b855	0
directory	preflight-logs/selfcheck/collector-v10-test/schema-strict_integer__namespace_identity_starttime__float/audits	-	0
file	preflight-logs/selfcheck/collector-v10-test/schema-strict_integer__namespace_identity_starttime__float/audits/final-artifacts.tsv	07da53e6ddfcfadb97242fe031bc48a6b9361ca703d69f4d1443fa879e5a6a3d	28
file	preflight-logs/selfcheck/collector-v10-test/schema-strict_integer__namespace_identity_starttime__float/audits/final-endpoint.txt	4de3fd1d1eeb08dd7976b911c02a38dba961cf2c27f9341b2c79ae214af5af25	13
file	preflight-logs/selfcheck/collector-v10-test/schema-strict_integer__namespace_identity_starttime__float/final-status.txt	b7dd6568659ebe22012bf4cad075fd9d341d518eb49d645b73266ab599d9e612	852
file	preflight-logs/selfcheck/collector-v10-test/schema-strict_integer__namespace_identity_starttime__float/finalization-order.txt	03ad30618a52f1f535ed2a1fe167b029cca0bad0728bb66c7865c3445e1d5473	185
directory	preflight-logs/selfcheck/collector-v10-test/schema-strict_integer__namespace_identity_starttime__float/hooks	-	0
file	preflight-logs/selfcheck/collector-v10-test/schema-strict_integer__namespace_identity_starttime__float/outer-signals.json	4fb60ad7e50f3d3e74be335a9587702917d201cd33bc8e170399e8741bb33273	199
directory	preflight-logs/selfcheck/collector-v10-test/schema-strict_integer__namespace_identity_starttime__float/raw	-	0
file	preflight-logs/selfcheck/collector-v10-test/schema-strict_integer__namespace_identity_starttime__float/raw.seal.sha256	7e516557a43a4796c770423faf70251889ff0f90ade375c40a907f29c2f65a34	795
directory	preflight-logs/selfcheck/collector-v10-test/schema-strict_integer__namespace_identity_starttime__float/raw/preflight	-	0
file	preflight-logs/selfcheck/collector-v10-test/schema-strict_integer__namespace_identity_starttime__float/raw/preflight.session-ready	39feceb2eced7e3165a8f7f40852708b835f274d4ff94896baface7efca6a52d	109
file	preflight-logs/selfcheck/collector-v10-test/schema-strict_integer__namespace_identity_starttime__float/raw/preflight.session-ready.go	c2fc355f2b52e01ea670dc8b27f1c8f3a268d68b4b399a0cf91544cb975792df	3
file	preflight-logs/selfcheck/collector-v10-test/schema-strict_integer__namespace_identity_starttime__float/raw/preflight/fixture.endpoints	2eadd75476b6a4eeba05e3eacf1d3a539e6464e756c068236a5e477c1ef8769b	27
file	preflight-logs/selfcheck/collector-v10-test/schema-strict_integer__namespace_identity_starttime__float/raw/preflight/init.go	c2fc355f2b52e01ea670dc8b27f1c8f3a268d68b4b399a0cf91544cb975792df	3
file	preflight-logs/selfcheck/collector-v10-test/schema-strict_integer__namespace_identity_starttime__float/raw/preflight/init.ready	fcce5a7e838ce7dccfb11a0f7ea2b2de5a88214be1c7fe3a7c540e611f597c0a	109
file	preflight-logs/selfcheck/collector-v10-test/schema-strict_integer__namespace_identity_starttime__float/raw/stderr	e3b0c44298fc1c149afbf4c8996fb92427ae41e4649b934ca495991b7852b855	0
file	preflight-logs/selfcheck/collector-v10-test/schema-strict_integer__namespace_identity_starttime__float/raw/stdout	e3b0c44298fc1c149afbf4c8996fb92427ae41e4649b934ca495991b7852b855	0
file	preflight-logs/selfcheck/collector-v10-test/schema-strict_integer__namespace_identity_starttime__float/raw/supervisor.json	0188273eced43fc4e05e5018c9d85eac59063ce88739569752b4063124276c9c	8949
file	preflight-logs/selfcheck/collector-v10-test/schema-strict_integer__namespace_identity_starttime__float/raw/supervisor.ready	ed1a545bb85e55816bbf9566b028b2a0bc456b88f49f6f266c0401048824194b	6
directory	preflight-logs/selfcheck/collector-v10-test/schema-strict_integer__namespace_identity_starttime__float/tmp	-	0
directory	preflight-logs/selfcheck/collector-v10-test/schema-strict_integer__original_pgid__bool	-	0
file	preflight-logs/selfcheck/collector-v10-test/schema-strict_integer__original_pgid__bool.collector.stderr	0c7f46b6b9f9b5284b8d36a4e2441692fa6e4b9d8c1626be8cc17b0393e34837	83
file	preflight-logs/selfcheck/collector-v10-test/schema-strict_integer__original_pgid__bool.collector.stdout	e3b0c44298fc1c149afbf4c8996fb92427ae41e4649b934ca495991b7852b855	0
directory	preflight-logs/selfcheck/collector-v10-test/schema-strict_integer__original_pgid__bool/audits	-	0
file	preflight-logs/selfcheck/collector-v10-test/schema-strict_integer__original_pgid__bool/audits/final-artifacts.tsv	07da53e6ddfcfadb97242fe031bc48a6b9361ca703d69f4d1443fa879e5a6a3d	28
file	preflight-logs/selfcheck/collector-v10-test/schema-strict_integer__original_pgid__bool/audits/final-endpoint.txt	4de3fd1d1eeb08dd7976b911c02a38dba961cf2c27f9341b2c79ae214af5af25	13
file	preflight-logs/selfcheck/collector-v10-test/schema-strict_integer__original_pgid__bool/final-status.txt	82c4d60f0b42670b1475f982a597ec5e39c125ceaab17f84bd24545addefaf63	816
file	preflight-logs/selfcheck/collector-v10-test/schema-strict_integer__original_pgid__bool/finalization-order.txt	03ad30618a52f1f535ed2a1fe167b029cca0bad0728bb66c7865c3445e1d5473	185
directory	preflight-logs/selfcheck/collector-v10-test/schema-strict_integer__original_pgid__bool/hooks	-	0
file	preflight-logs/selfcheck/collector-v10-test/schema-strict_integer__original_pgid__bool/outer-signals.json	4fb60ad7e50f3d3e74be335a9587702917d201cd33bc8e170399e8741bb33273	199
directory	preflight-logs/selfcheck/collector-v10-test/schema-strict_integer__original_pgid__bool/raw	-	0
file	preflight-logs/selfcheck/collector-v10-test/schema-strict_integer__original_pgid__bool/raw.seal.sha256	d2a7d1fc8dd65affdbf61c1fed3cda41073c0b0b2f4bfdf9a3baa359728352d2	795
directory	preflight-logs/selfcheck/collector-v10-test/schema-strict_integer__original_pgid__bool/raw/preflight	-	0
file	preflight-logs/selfcheck/collector-v10-test/schema-strict_integer__original_pgid__bool/raw/preflight.session-ready	39feceb2eced7e3165a8f7f40852708b835f274d4ff94896baface7efca6a52d	109
file	preflight-logs/selfcheck/collector-v10-test/schema-strict_integer__original_pgid__bool/raw/preflight.session-ready.go	c2fc355f2b52e01ea670dc8b27f1c8f3a268d68b4b399a0cf91544cb975792df	3
file	preflight-logs/selfcheck/collector-v10-test/schema-strict_integer__original_pgid__bool/raw/preflight/fixture.endpoints	2eadd75476b6a4eeba05e3eacf1d3a539e6464e756c068236a5e477c1ef8769b	27
file	preflight-logs/selfcheck/collector-v10-test/schema-strict_integer__original_pgid__bool/raw/preflight/init.go	c2fc355f2b52e01ea670dc8b27f1c8f3a268d68b4b399a0cf91544cb975792df	3
file	preflight-logs/selfcheck/collector-v10-test/schema-strict_integer__original_pgid__bool/raw/preflight/init.ready	fcce5a7e838ce7dccfb11a0f7ea2b2de5a88214be1c7fe3a7c540e611f597c0a	109
file	preflight-logs/selfcheck/collector-v10-test/schema-strict_integer__original_pgid__bool/raw/stderr	e3b0c44298fc1c149afbf4c8996fb92427ae41e4649b934ca495991b7852b855	0
file	preflight-logs/selfcheck/collector-v10-test/schema-strict_integer__original_pgid__bool/raw/stdout	e3b0c44298fc1c149afbf4c8996fb92427ae41e4649b934ca495991b7852b855	0
file	preflight-logs/selfcheck/collector-v10-test/schema-strict_integer__original_pgid__bool/raw/supervisor.json	cadb98071fd457bc52ce9743dc8643837285050949c2ee71a2616b2f598f7403	8835
file	preflight-logs/selfcheck/collector-v10-test/schema-strict_integer__original_pgid__bool/raw/supervisor.ready	ed1a545bb85e55816bbf9566b028b2a0bc456b88f49f6f266c0401048824194b	6
directory	preflight-logs/selfcheck/collector-v10-test/schema-strict_integer__original_pgid__bool/tmp	-	0
directory	preflight-logs/selfcheck/collector-v10-test/schema-strict_integer__original_pgid__float	-	0
file	preflight-logs/selfcheck/collector-v10-test/schema-strict_integer__original_pgid__float.collector.stderr	0c7f46b6b9f9b5284b8d36a4e2441692fa6e4b9d8c1626be8cc17b0393e34837	83
file	preflight-logs/selfcheck/collector-v10-test/schema-strict_integer__original_pgid__float.collector.stdout	e3b0c44298fc1c149afbf4c8996fb92427ae41e4649b934ca495991b7852b855	0
directory	preflight-logs/selfcheck/collector-v10-test/schema-strict_integer__original_pgid__float/audits	-	0
file	preflight-logs/selfcheck/collector-v10-test/schema-strict_integer__original_pgid__float/audits/final-artifacts.tsv	07da53e6ddfcfadb97242fe031bc48a6b9361ca703d69f4d1443fa879e5a6a3d	28
file	preflight-logs/selfcheck/collector-v10-test/schema-strict_integer__original_pgid__float/audits/final-endpoint.txt	4de3fd1d1eeb08dd7976b911c02a38dba961cf2c27f9341b2c79ae214af5af25	13
file	preflight-logs/selfcheck/collector-v10-test/schema-strict_integer__original_pgid__float/final-status.txt	6ee719868b47c23ed753bd0240c4ef0b9a1d5d9574d833ee83462a3a544a8336	817
file	preflight-logs/selfcheck/collector-v10-test/schema-strict_integer__original_pgid__float/finalization-order.txt	03ad30618a52f1f535ed2a1fe167b029cca0bad0728bb66c7865c3445e1d5473	185
directory	preflight-logs/selfcheck/collector-v10-test/schema-strict_integer__original_pgid__float/hooks	-	0
file	preflight-logs/selfcheck/collector-v10-test/schema-strict_integer__original_pgid__float/outer-signals.json	4fb60ad7e50f3d3e74be335a9587702917d201cd33bc8e170399e8741bb33273	199
directory	preflight-logs/selfcheck/collector-v10-test/schema-strict_integer__original_pgid__float/raw	-	0
file	preflight-logs/selfcheck/collector-v10-test/schema-strict_integer__original_pgid__float/raw.seal.sha256	e8feb854db8229726b54615561103ba0652d5af6915a0494751f93c05e515895	795
directory	preflight-logs/selfcheck/collector-v10-test/schema-strict_integer__original_pgid__float/raw/preflight	-	0
file	preflight-logs/selfcheck/collector-v10-test/schema-strict_integer__original_pgid__float/raw/preflight.session-ready	39feceb2eced7e3165a8f7f40852708b835f274d4ff94896baface7efca6a52d	109
file	preflight-logs/selfcheck/collector-v10-test/schema-strict_integer__original_pgid__float/raw/preflight.session-ready.go	c2fc355f2b52e01ea670dc8b27f1c8f3a268d68b4b399a0cf91544cb975792df	3
file	preflight-logs/selfcheck/collector-v10-test/schema-strict_integer__original_pgid__float/raw/preflight/fixture.endpoints	2eadd75476b6a4eeba05e3eacf1d3a539e6464e756c068236a5e477c1ef8769b	27
file	preflight-logs/selfcheck/collector-v10-test/schema-strict_integer__original_pgid__float/raw/preflight/init.go	c2fc355f2b52e01ea670dc8b27f1c8f3a268d68b4b399a0cf91544cb975792df	3
file	preflight-logs/selfcheck/collector-v10-test/schema-strict_integer__original_pgid__float/raw/preflight/init.ready	fcce5a7e838ce7dccfb11a0f7ea2b2de5a88214be1c7fe3a7c540e611f597c0a	109
file	preflight-logs/selfcheck/collector-v10-test/schema-strict_integer__original_pgid__float/raw/stderr	e3b0c44298fc1c149afbf4c8996fb92427ae41e4649b934ca495991b7852b855	0
file	preflight-logs/selfcheck/collector-v10-test/schema-strict_integer__original_pgid__float/raw/stdout	e3b0c44298fc1c149afbf4c8996fb92427ae41e4649b934ca495991b7852b855	0
file	preflight-logs/selfcheck/collector-v10-test/schema-strict_integer__original_pgid__float/raw/supervisor.json	c4ab6134cb47fa377ea95f0ae3fe008f739b5cc21353d6092bdd45350a3f049e	8844
file	preflight-logs/selfcheck/collector-v10-test/schema-strict_integer__original_pgid__float/raw/supervisor.ready	ed1a545bb85e55816bbf9566b028b2a0bc456b88f49f6f266c0401048824194b	6
directory	preflight-logs/selfcheck/collector-v10-test/schema-strict_integer__original_pgid__float/tmp	-	0
directory	preflight-logs/selfcheck/collector-v10-test/schema-strict_integer__preflight_identity_pid__bool	-	0
file	preflight-logs/selfcheck/collector-v10-test/schema-strict_integer__preflight_identity_pid__bool.collector.stderr	a6e81dbe192f1bff911d47b3e72c284a4db4dfad2d7c76bf26accb61afe16b6a	106
file	preflight-logs/selfcheck/collector-v10-test/schema-strict_integer__preflight_identity_pid__bool.collector.stdout	e3b0c44298fc1c149afbf4c8996fb92427ae41e4649b934ca495991b7852b855	0
directory	preflight-logs/selfcheck/collector-v10-test/schema-strict_integer__preflight_identity_pid__bool/audits	-	0
file	preflight-logs/selfcheck/collector-v10-test/schema-strict_integer__preflight_identity_pid__bool/audits/final-artifacts.tsv	07da53e6ddfcfadb97242fe031bc48a6b9361ca703d69f4d1443fa879e5a6a3d	28
file	preflight-logs/selfcheck/collector-v10-test/schema-strict_integer__preflight_identity_pid__bool/audits/final-endpoint.txt	4de3fd1d1eeb08dd7976b911c02a38dba961cf2c27f9341b2c79ae214af5af25	13
file	preflight-logs/selfcheck/collector-v10-test/schema-strict_integer__preflight_identity_pid__bool/final-status.txt	ca231d76a475877fe0490790723611ce04d44f8238a953eda012baa7405a5d85	848
file	preflight-logs/selfcheck/collector-v10-test/schema-strict_integer__preflight_identity_pid__bool/finalization-order.txt	03ad30618a52f1f535ed2a1fe167b029cca0bad0728bb66c7865c3445e1d5473	185
directory	preflight-logs/selfcheck/collector-v10-test/schema-strict_integer__preflight_identity_pid__bool/hooks	-	0
file	preflight-logs/selfcheck/collector-v10-test/schema-strict_integer__preflight_identity_pid__bool/outer-signals.json	4fb60ad7e50f3d3e74be335a9587702917d201cd33bc8e170399e8741bb33273	199
directory	preflight-logs/selfcheck/collector-v10-test/schema-strict_integer__preflight_identity_pid__bool/raw	-	0
file	preflight-logs/selfcheck/collector-v10-test/schema-strict_integer__preflight_identity_pid__bool/raw.seal.sha256	586a9f09dd0ba931484abd205cd91d13086f5ed625a04ff517a6007206b607bd	795
directory	preflight-logs/selfcheck/collector-v10-test/schema-strict_integer__preflight_identity_pid__bool/raw/preflight	-	0
file	preflight-logs/selfcheck/collector-v10-test/schema-strict_integer__preflight_identity_pid__bool/raw/preflight.session-ready	39feceb2eced7e3165a8f7f40852708b835f274d4ff94896baface7efca6a52d	109
file	preflight-logs/selfcheck/collector-v10-test/schema-strict_integer__preflight_identity_pid__bool/raw/preflight.session-ready.go	c2fc355f2b52e01ea670dc8b27f1c8f3a268d68b4b399a0cf91544cb975792df	3
file	preflight-logs/selfcheck/collector-v10-test/schema-strict_integer__preflight_identity_pid__bool/raw/preflight/fixture.endpoints	2eadd75476b6a4eeba05e3eacf1d3a539e6464e756c068236a5e477c1ef8769b	27
file	preflight-logs/selfcheck/collector-v10-test/schema-strict_integer__preflight_identity_pid__bool/raw/preflight/init.go	c2fc355f2b52e01ea670dc8b27f1c8f3a268d68b4b399a0cf91544cb975792df	3
file	preflight-logs/selfcheck/collector-v10-test/schema-strict_integer__preflight_identity_pid__bool/raw/preflight/init.ready	fcce5a7e838ce7dccfb11a0f7ea2b2de5a88214be1c7fe3a7c540e611f597c0a	109
file	preflight-logs/selfcheck/collector-v10-test/schema-strict_integer__preflight_identity_pid__bool/raw/stderr	e3b0c44298fc1c149afbf4c8996fb92427ae41e4649b934ca495991b7852b855	0
file	preflight-logs/selfcheck/collector-v10-test/schema-strict_integer__preflight_identity_pid__bool/raw/stdout	e3b0c44298fc1c149afbf4c8996fb92427ae41e4649b934ca495991b7852b855	0
file	preflight-logs/selfcheck/collector-v10-test/schema-strict_integer__preflight_identity_pid__bool/raw/supervisor.json	6afdd5320a720604d7f49757ae5cdabcb8eeb889e6cb54e8c6bd9b72171e8d9a	8898
file	preflight-logs/selfcheck/collector-v10-test/schema-strict_integer__preflight_identity_pid__bool/raw/supervisor.ready	ed1a545bb85e55816bbf9566b028b2a0bc456b88f49f6f266c0401048824194b	6
directory	preflight-logs/selfcheck/collector-v10-test/schema-strict_integer__preflight_identity_pid__bool/tmp	-	0
directory	preflight-logs/selfcheck/collector-v10-test/schema-strict_integer__preflight_identity_pid__float	-	0
file	preflight-logs/selfcheck/collector-v10-test/schema-strict_integer__preflight_identity_pid__float.collector.stderr	a6e81dbe192f1bff911d47b3e72c284a4db4dfad2d7c76bf26accb61afe16b6a	106
file	preflight-logs/selfcheck/collector-v10-test/schema-strict_integer__preflight_identity_pid__float.collector.stdout	e3b0c44298fc1c149afbf4c8996fb92427ae41e4649b934ca495991b7852b855	0
directory	preflight-logs/selfcheck/collector-v10-test/schema-strict_integer__preflight_identity_pid__float/audits	-	0
file	preflight-logs/selfcheck/collector-v10-test/schema-strict_integer__preflight_identity_pid__float/audits/final-artifacts.tsv	07da53e6ddfcfadb97242fe031bc48a6b9361ca703d69f4d1443fa879e5a6a3d	28
file	preflight-logs/selfcheck/collector-v10-test/schema-strict_integer__preflight_identity_pid__float/audits/final-endpoint.txt	4de3fd1d1eeb08dd7976b911c02a38dba961cf2c27f9341b2c79ae214af5af25	13
file	preflight-logs/selfcheck/collector-v10-test/schema-strict_integer__preflight_identity_pid__float/final-status.txt	5b69247ac53c5e11b328b54a9099340233bfd449b8eab3d6de5f53c617304be2	849
file	preflight-logs/selfcheck/collector-v10-test/schema-strict_integer__preflight_identity_pid__float/finalization-order.txt	03ad30618a52f1f535ed2a1fe167b029cca0bad0728bb66c7865c3445e1d5473	185
directory	preflight-logs/selfcheck/collector-v10-test/schema-strict_integer__preflight_identity_pid__float/hooks	-	0
file	preflight-logs/selfcheck/collector-v10-test/schema-strict_integer__preflight_identity_pid__float/outer-signals.json	4fb60ad7e50f3d3e74be335a9587702917d201cd33bc8e170399e8741bb33273	199
directory	preflight-logs/selfcheck/collector-v10-test/schema-strict_integer__preflight_identity_pid__float/raw	-	0
file	preflight-logs/selfcheck/collector-v10-test/schema-strict_integer__preflight_identity_pid__float/raw.seal.sha256	47e585475da610314d4c46c85971e4f963c8d9aa358b26584872185b4e6bebde	795
directory	preflight-logs/selfcheck/collector-v10-test/schema-strict_integer__preflight_identity_pid__float/raw/preflight	-	0
file	preflight-logs/selfcheck/collector-v10-test/schema-strict_integer__preflight_identity_pid__float/raw/preflight.session-ready	39feceb2eced7e3165a8f7f40852708b835f274d4ff94896baface7efca6a52d	109
file	preflight-logs/selfcheck/collector-v10-test/schema-strict_integer__preflight_identity_pid__float/raw/preflight.session-ready.go	c2fc355f2b52e01ea670dc8b27f1c8f3a268d68b4b399a0cf91544cb975792df	3
file	preflight-logs/selfcheck/collector-v10-test/schema-strict_integer__preflight_identity_pid__float/raw/preflight/fixture.endpoints	2eadd75476b6a4eeba05e3eacf1d3a539e6464e756c068236a5e477c1ef8769b	27
file	preflight-logs/selfcheck/collector-v10-test/schema-strict_integer__preflight_identity_pid__float/raw/preflight/init.go	c2fc355f2b52e01ea670dc8b27f1c8f3a268d68b4b399a0cf91544cb975792df	3
file	preflight-logs/selfcheck/collector-v10-test/schema-strict_integer__preflight_identity_pid__float/raw/preflight/init.ready	fcce5a7e838ce7dccfb11a0f7ea2b2de5a88214be1c7fe3a7c540e611f597c0a	109
file	preflight-logs/selfcheck/collector-v10-test/schema-strict_integer__preflight_identity_pid__float/raw/stderr	e3b0c44298fc1c149afbf4c8996fb92427ae41e4649b934ca495991b7852b855	0
file	preflight-logs/selfcheck/collector-v10-test/schema-strict_integer__preflight_identity_pid__float/raw/stdout	e3b0c44298fc1c149afbf4c8996fb92427ae41e4649b934ca495991b7852b855	0
file	preflight-logs/selfcheck/collector-v10-test/schema-strict_integer__preflight_identity_pid__float/raw/supervisor.json	1012641a7b8185a11372cae68ed466ee43bf34acc274551ef499232c8a0373cf	8907
file	preflight-logs/selfcheck/collector-v10-test/schema-strict_integer__preflight_identity_pid__float/raw/supervisor.ready	ed1a545bb85e55816bbf9566b028b2a0bc456b88f49f6f266c0401048824194b	6
directory	preflight-logs/selfcheck/collector-v10-test/schema-strict_integer__preflight_identity_pid__float/tmp	-	0
directory	preflight-logs/selfcheck/collector-v10-test/schema-strict_integer__preflight_identity_starttime__bool	-	0
file	preflight-logs/selfcheck/collector-v10-test/schema-strict_integer__preflight_identity_starttime__bool.collector.stderr	e02fc721ad7d06ea87a3667c3ab2e8ca82c012d2d2d1fd5438152787447d8f10	112
file	preflight-logs/selfcheck/collector-v10-test/schema-strict_integer__preflight_identity_starttime__bool.collector.stdout	e3b0c44298fc1c149afbf4c8996fb92427ae41e4649b934ca495991b7852b855	0
directory	preflight-logs/selfcheck/collector-v10-test/schema-strict_integer__preflight_identity_starttime__bool/audits	-	0
file	preflight-logs/selfcheck/collector-v10-test/schema-strict_integer__preflight_identity_starttime__bool/audits/final-artifacts.tsv	07da53e6ddfcfadb97242fe031bc48a6b9361ca703d69f4d1443fa879e5a6a3d	28
file	preflight-logs/selfcheck/collector-v10-test/schema-strict_integer__preflight_identity_starttime__bool/audits/final-endpoint.txt	4de3fd1d1eeb08dd7976b911c02a38dba961cf2c27f9341b2c79ae214af5af25	13
file	preflight-logs/selfcheck/collector-v10-test/schema-strict_integer__preflight_identity_starttime__bool/final-status.txt	5aaec9b7096d7de15b9c73af2661de792a948492b47ba3852a3b4f56af72e068	860
file	preflight-logs/selfcheck/collector-v10-test/schema-strict_integer__preflight_identity_starttime__bool/finalization-order.txt	03ad30618a52f1f535ed2a1fe167b029cca0bad0728bb66c7865c3445e1d5473	185
directory	preflight-logs/selfcheck/collector-v10-test/schema-strict_integer__preflight_identity_starttime__bool/hooks	-	0
file	preflight-logs/selfcheck/collector-v10-test/schema-strict_integer__preflight_identity_starttime__bool/outer-signals.json	4fb60ad7e50f3d3e74be335a9587702917d201cd33bc8e170399e8741bb33273	199
directory	preflight-logs/selfcheck/collector-v10-test/schema-strict_integer__preflight_identity_starttime__bool/raw	-	0
file	preflight-logs/selfcheck/collector-v10-test/schema-strict_integer__preflight_identity_starttime__bool/raw.seal.sha256	303172361630eac3c0996de77d545f5e2eb631ff4862c4779f485083491c9c58	795
directory	preflight-logs/selfcheck/collector-v10-test/schema-strict_integer__preflight_identity_starttime__bool/raw/preflight	-	0
file	preflight-logs/selfcheck/collector-v10-test/schema-strict_integer__preflight_identity_starttime__bool/raw/preflight.session-ready	39feceb2eced7e3165a8f7f40852708b835f274d4ff94896baface7efca6a52d	109
file	preflight-logs/selfcheck/collector-v10-test/schema-strict_integer__preflight_identity_starttime__bool/raw/preflight.session-ready.go	c2fc355f2b52e01ea670dc8b27f1c8f3a268d68b4b399a0cf91544cb975792df	3
file	preflight-logs/selfcheck/collector-v10-test/schema-strict_integer__preflight_identity_starttime__bool/raw/preflight/fixture.endpoints	2eadd75476b6a4eeba05e3eacf1d3a539e6464e756c068236a5e477c1ef8769b	27
file	preflight-logs/selfcheck/collector-v10-test/schema-strict_integer__preflight_identity_starttime__bool/raw/preflight/init.go	c2fc355f2b52e01ea670dc8b27f1c8f3a268d68b4b399a0cf91544cb975792df	3
file	preflight-logs/selfcheck/collector-v10-test/schema-strict_integer__preflight_identity_starttime__bool/raw/preflight/init.ready	fcce5a7e838ce7dccfb11a0f7ea2b2de5a88214be1c7fe3a7c540e611f597c0a	109
file	preflight-logs/selfcheck/collector-v10-test/schema-strict_integer__preflight_identity_starttime__bool/raw/stderr	e3b0c44298fc1c149afbf4c8996fb92427ae41e4649b934ca495991b7852b855	0
file	preflight-logs/selfcheck/collector-v10-test/schema-strict_integer__preflight_identity_starttime__bool/raw/stdout	e3b0c44298fc1c149afbf4c8996fb92427ae41e4649b934ca495991b7852b855	0
file	preflight-logs/selfcheck/collector-v10-test/schema-strict_integer__preflight_identity_starttime__bool/raw/supervisor.json	b31045c67ea4293bebeec84b23cad4f257ccdb646f5b8f18232d1628d3805d9a	8934
file	preflight-logs/selfcheck/collector-v10-test/schema-strict_integer__preflight_identity_starttime__bool/raw/supervisor.ready	ed1a545bb85e55816bbf9566b028b2a0bc456b88f49f6f266c0401048824194b	6
directory	preflight-logs/selfcheck/collector-v10-test/schema-strict_integer__preflight_identity_starttime__bool/tmp	-	0
directory	preflight-logs/selfcheck/collector-v10-test/schema-strict_integer__preflight_identity_starttime__float	-	0
file	preflight-logs/selfcheck/collector-v10-test/schema-strict_integer__preflight_identity_starttime__float.collector.stderr	e02fc721ad7d06ea87a3667c3ab2e8ca82c012d2d2d1fd5438152787447d8f10	112
file	preflight-logs/selfcheck/collector-v10-test/schema-strict_integer__preflight_identity_starttime__float.collector.stdout	e3b0c44298fc1c149afbf4c8996fb92427ae41e4649b934ca495991b7852b855	0
directory	preflight-logs/selfcheck/collector-v10-test/schema-strict_integer__preflight_identity_starttime__float/audits	-	0
file	preflight-logs/selfcheck/collector-v10-test/schema-strict_integer__preflight_identity_starttime__float/audits/final-artifacts.tsv	07da53e6ddfcfadb97242fe031bc48a6b9361ca703d69f4d1443fa879e5a6a3d	28
file	preflight-logs/selfcheck/collector-v10-test/schema-strict_integer__preflight_identity_starttime__float/audits/final-endpoint.txt	4de3fd1d1eeb08dd7976b911c02a38dba961cf2c27f9341b2c79ae214af5af25	13
file	preflight-logs/selfcheck/collector-v10-test/schema-strict_integer__preflight_identity_starttime__float/final-status.txt	dc7f747e3c8bf82d22a80b01f6a0251f106f28b1cd99df2fecb54d197ce479b1	861
file	preflight-logs/selfcheck/collector-v10-test/schema-strict_integer__preflight_identity_starttime__float/finalization-order.txt	03ad30618a52f1f535ed2a1fe167b029cca0bad0728bb66c7865c3445e1d5473	185
directory	preflight-logs/selfcheck/collector-v10-test/schema-strict_integer__preflight_identity_starttime__float/hooks	-	0
file	preflight-logs/selfcheck/collector-v10-test/schema-strict_integer__preflight_identity_starttime__float/outer-signals.json	4fb60ad7e50f3d3e74be335a9587702917d201cd33bc8e170399e8741bb33273	199
directory	preflight-logs/selfcheck/collector-v10-test/schema-strict_integer__preflight_identity_starttime__float/raw	-	0
file	preflight-logs/selfcheck/collector-v10-test/schema-strict_integer__preflight_identity_starttime__float/raw.seal.sha256	8f5180a08d91f49f6bea02f0dc16a4946179426632fb23c7108cf5e05c905836	795
directory	preflight-logs/selfcheck/collector-v10-test/schema-strict_integer__preflight_identity_starttime__float/raw/preflight	-	0
file	preflight-logs/selfcheck/collector-v10-test/schema-strict_integer__preflight_identity_starttime__float/raw/preflight.session-ready	39feceb2eced7e3165a8f7f40852708b835f274d4ff94896baface7efca6a52d	109
file	preflight-logs/selfcheck/collector-v10-test/schema-strict_integer__preflight_identity_starttime__float/raw/preflight.session-ready.go	c2fc355f2b52e01ea670dc8b27f1c8f3a268d68b4b399a0cf91544cb975792df	3
file	preflight-logs/selfcheck/collector-v10-test/schema-strict_integer__preflight_identity_starttime__float/raw/preflight/fixture.endpoints	2eadd75476b6a4eeba05e3eacf1d3a539e6464e756c068236a5e477c1ef8769b	27
file	preflight-logs/selfcheck/collector-v10-test/schema-strict_integer__preflight_identity_starttime__float/raw/preflight/init.go	c2fc355f2b52e01ea670dc8b27f1c8f3a268d68b4b399a0cf91544cb975792df	3
file	preflight-logs/selfcheck/collector-v10-test/schema-strict_integer__preflight_identity_starttime__float/raw/preflight/init.ready	fcce5a7e838ce7dccfb11a0f7ea2b2de5a88214be1c7fe3a7c540e611f597c0a	109
file	preflight-logs/selfcheck/collector-v10-test/schema-strict_integer__preflight_identity_starttime__float/raw/stderr	e3b0c44298fc1c149afbf4c8996fb92427ae41e4649b934ca495991b7852b855	0
file	preflight-logs/selfcheck/collector-v10-test/schema-strict_integer__preflight_identity_starttime__float/raw/stdout	e3b0c44298fc1c149afbf4c8996fb92427ae41e4649b934ca495991b7852b855	0
file	preflight-logs/selfcheck/collector-v10-test/schema-strict_integer__preflight_identity_starttime__float/raw/supervisor.json	53b77fbc147718035e13a8de2b8e04c70daf6008cda3cc1dc189043fe7b54bcf	8949
file	preflight-logs/selfcheck/collector-v10-test/schema-strict_integer__preflight_identity_starttime__float/raw/supervisor.ready	ed1a545bb85e55816bbf9566b028b2a0bc456b88f49f6f266c0401048824194b	6
directory	preflight-logs/selfcheck/collector-v10-test/schema-strict_integer__preflight_identity_starttime__float/tmp	-	0
directory	preflight-logs/selfcheck/collector-v10-test/schema-strict_integer__preflight_protocol_version__bool	-	0
file	preflight-logs/selfcheck/collector-v10-test/schema-strict_integer__preflight_protocol_version__bool.collector.stderr	8e239c76494e00294ff67ffbf47a0625b1875b9be0532775f446f774ab6ea835	96
file	preflight-logs/selfcheck/collector-v10-test/schema-strict_integer__preflight_protocol_version__bool.collector.stdout	e3b0c44298fc1c149afbf4c8996fb92427ae41e4649b934ca495991b7852b855	0
directory	preflight-logs/selfcheck/collector-v10-test/schema-strict_integer__preflight_protocol_version__bool/audits	-	0
file	preflight-logs/selfcheck/collector-v10-test/schema-strict_integer__preflight_protocol_version__bool/audits/final-artifacts.tsv	07da53e6ddfcfadb97242fe031bc48a6b9361ca703d69f4d1443fa879e5a6a3d	28
file	preflight-logs/selfcheck/collector-v10-test/schema-strict_integer__preflight_protocol_version__bool/audits/final-endpoint.txt	4de3fd1d1eeb08dd7976b911c02a38dba961cf2c27f9341b2c79ae214af5af25	13
file	preflight-logs/selfcheck/collector-v10-test/schema-strict_integer__preflight_protocol_version__bool/final-status.txt	4c69d2c8a137c5a50b123762f182e0029be2992832c55c30c7d43528531935e2	842
file	preflight-logs/selfcheck/collector-v10-test/schema-strict_integer__preflight_protocol_version__bool/finalization-order.txt	03ad30618a52f1f535ed2a1fe167b029cca0bad0728bb66c7865c3445e1d5473	185
directory	preflight-logs/selfcheck/collector-v10-test/schema-strict_integer__preflight_protocol_version__bool/hooks	-	0
file	preflight-logs/selfcheck/collector-v10-test/schema-strict_integer__preflight_protocol_version__bool/outer-signals.json	4fb60ad7e50f3d3e74be335a9587702917d201cd33bc8e170399e8741bb33273	199
directory	preflight-logs/selfcheck/collector-v10-test/schema-strict_integer__preflight_protocol_version__bool/raw	-	0
file	preflight-logs/selfcheck/collector-v10-test/schema-strict_integer__preflight_protocol_version__bool/raw.seal.sha256	1388004265c677f7ae401e4d9bfdb164bad7e487884f6cf3cc0c1dd518390cf1	795
directory	preflight-logs/selfcheck/collector-v10-test/schema-strict_integer__preflight_protocol_version__bool/raw/preflight	-	0
file	preflight-logs/selfcheck/collector-v10-test/schema-strict_integer__preflight_protocol_version__bool/raw/preflight.session-ready	39feceb2eced7e3165a8f7f40852708b835f274d4ff94896baface7efca6a52d	109
file	preflight-logs/selfcheck/collector-v10-test/schema-strict_integer__preflight_protocol_version__bool/raw/preflight.session-ready.go	c2fc355f2b52e01ea670dc8b27f1c8f3a268d68b4b399a0cf91544cb975792df	3
file	preflight-logs/selfcheck/collector-v10-test/schema-strict_integer__preflight_protocol_version__bool/raw/preflight/fixture.endpoints	2eadd75476b6a4eeba05e3eacf1d3a539e6464e756c068236a5e477c1ef8769b	27
file	preflight-logs/selfcheck/collector-v10-test/schema-strict_integer__preflight_protocol_version__bool/raw/preflight/init.go	c2fc355f2b52e01ea670dc8b27f1c8f3a268d68b4b399a0cf91544cb975792df	3
file	preflight-logs/selfcheck/collector-v10-test/schema-strict_integer__preflight_protocol_version__bool/raw/preflight/init.ready	fcce5a7e838ce7dccfb11a0f7ea2b2de5a88214be1c7fe3a7c540e611f597c0a	109
file	preflight-logs/selfcheck/collector-v10-test/schema-strict_integer__preflight_protocol_version__bool/raw/stderr	e3b0c44298fc1c149afbf4c8996fb92427ae41e4649b934ca495991b7852b855	0
file	preflight-logs/selfcheck/collector-v10-test/schema-strict_integer__preflight_protocol_version__bool/raw/stdout	e3b0c44298fc1c149afbf4c8996fb92427ae41e4649b934ca495991b7852b855	0
file	preflight-logs/selfcheck/collector-v10-test/schema-strict_integer__preflight_protocol_version__bool/raw/supervisor.json	12f14edcbbbf67c32594f5875cd5f2ebcbdd1d1d27268e91a6e05de5f02164dc	8929
file	preflight-logs/selfcheck/collector-v10-test/schema-strict_integer__preflight_protocol_version__bool/raw/supervisor.ready	ed1a545bb85e55816bbf9566b028b2a0bc456b88f49f6f266c0401048824194b	6
directory	preflight-logs/selfcheck/collector-v10-test/schema-strict_integer__preflight_protocol_version__bool/tmp	-	0
directory	preflight-logs/selfcheck/collector-v10-test/schema-strict_integer__preflight_protocol_version__float	-	0
file	preflight-logs/selfcheck/collector-v10-test/schema-strict_integer__preflight_protocol_version__float.collector.stderr	8e239c76494e00294ff67ffbf47a0625b1875b9be0532775f446f774ab6ea835	96
file	preflight-logs/selfcheck/collector-v10-test/schema-strict_integer__preflight_protocol_version__float.collector.stdout	e3b0c44298fc1c149afbf4c8996fb92427ae41e4649b934ca495991b7852b855	0
directory	preflight-logs/selfcheck/collector-v10-test/schema-strict_integer__preflight_protocol_version__float/audits	-	0
file	preflight-logs/selfcheck/collector-v10-test/schema-strict_integer__preflight_protocol_version__float/audits/final-artifacts.tsv	07da53e6ddfcfadb97242fe031bc48a6b9361ca703d69f4d1443fa879e5a6a3d	28
file	preflight-logs/selfcheck/collector-v10-test/schema-strict_integer__preflight_protocol_version__float/audits/final-endpoint.txt	4de3fd1d1eeb08dd7976b911c02a38dba961cf2c27f9341b2c79ae214af5af25	13
file	preflight-logs/selfcheck/collector-v10-test/schema-strict_integer__preflight_protocol_version__float/final-status.txt	33a6ef2fcd89c32c7fcf3bc526f5350112cb87a4216f11d2287d3771ccb87488	843
file	preflight-logs/selfcheck/collector-v10-test/schema-strict_integer__preflight_protocol_version__float/finalization-order.txt	03ad30618a52f1f535ed2a1fe167b029cca0bad0728bb66c7865c3445e1d5473	185
directory	preflight-logs/selfcheck/collector-v10-test/schema-strict_integer__preflight_protocol_version__float/hooks	-	0
file	preflight-logs/selfcheck/collector-v10-test/schema-strict_integer__preflight_protocol_version__float/outer-signals.json	4fb60ad7e50f3d3e74be335a9587702917d201cd33bc8e170399e8741bb33273	199
directory	preflight-logs/selfcheck/collector-v10-test/schema-strict_integer__preflight_protocol_version__float/raw	-	0
file	preflight-logs/selfcheck/collector-v10-test/schema-strict_integer__preflight_protocol_version__float/raw.seal.sha256	ae09da1f5f9c738900efe534a4461616080e8261e84646d94627d5b36b71a3ec	795
directory	preflight-logs/selfcheck/collector-v10-test/schema-strict_integer__preflight_protocol_version__float/raw/preflight	-	0
file	preflight-logs/selfcheck/collector-v10-test/schema-strict_integer__preflight_protocol_version__float/raw/preflight.session-ready	39feceb2eced7e3165a8f7f40852708b835f274d4ff94896baface7efca6a52d	109
file	preflight-logs/selfcheck/collector-v10-test/schema-strict_integer__preflight_protocol_version__float/raw/preflight.session-ready.go	c2fc355f2b52e01ea670dc8b27f1c8f3a268d68b4b399a0cf91544cb975792df	3
file	preflight-logs/selfcheck/collector-v10-test/schema-strict_integer__preflight_protocol_version__float/raw/preflight/fixture.endpoints	2eadd75476b6a4eeba05e3eacf1d3a539e6464e756c068236a5e477c1ef8769b	27
file	preflight-logs/selfcheck/collector-v10-test/schema-strict_integer__preflight_protocol_version__float/raw/preflight/init.go	c2fc355f2b52e01ea670dc8b27f1c8f3a268d68b4b399a0cf91544cb975792df	3
file	preflight-logs/selfcheck/collector-v10-test/schema-strict_integer__preflight_protocol_version__float/raw/preflight/init.ready	fcce5a7e838ce7dccfb11a0f7ea2b2de5a88214be1c7fe3a7c540e611f597c0a	109
file	preflight-logs/selfcheck/collector-v10-test/schema-strict_integer__preflight_protocol_version__float/raw/stderr	e3b0c44298fc1c149afbf4c8996fb92427ae41e4649b934ca495991b7852b855	0
file	preflight-logs/selfcheck/collector-v10-test/schema-strict_integer__preflight_protocol_version__float/raw/stdout	e3b0c44298fc1c149afbf4c8996fb92427ae41e4649b934ca495991b7852b855	0
file	preflight-logs/selfcheck/collector-v10-test/schema-strict_integer__preflight_protocol_version__float/raw/supervisor.json	836d50be9a16c96b6cb7db14b55246568c83c0d2e5ea212487b674f4c3526292	8935
file	preflight-logs/selfcheck/collector-v10-test/schema-strict_integer__preflight_protocol_version__float/raw/supervisor.ready	ed1a545bb85e55816bbf9566b028b2a0bc456b88f49f6f266c0401048824194b	6
directory	preflight-logs/selfcheck/collector-v10-test/schema-strict_integer__preflight_protocol_version__float/tmp	-	0
directory	preflight-logs/selfcheck/collector-v10-test/schema-strict_integer__protocol_version__bool	-	0
file	preflight-logs/selfcheck/collector-v10-test/schema-strict_integer__protocol_version__bool.collector.stderr	b8105bd971fdd57ffcd1bf778cc67ab9e8637ef9a59138958ce6191ae991b20a	86
file	preflight-logs/selfcheck/collector-v10-test/schema-strict_integer__protocol_version__bool.collector.stdout	e3b0c44298fc1c149afbf4c8996fb92427ae41e4649b934ca495991b7852b855	0
directory	preflight-logs/selfcheck/collector-v10-test/schema-strict_integer__protocol_version__bool/audits	-	0
file	preflight-logs/selfcheck/collector-v10-test/schema-strict_integer__protocol_version__bool/audits/final-artifacts.tsv	07da53e6ddfcfadb97242fe031bc48a6b9361ca703d69f4d1443fa879e5a6a3d	28
file	preflight-logs/selfcheck/collector-v10-test/schema-strict_integer__protocol_version__bool/audits/final-endpoint.txt	4de3fd1d1eeb08dd7976b911c02a38dba961cf2c27f9341b2c79ae214af5af25	13
file	preflight-logs/selfcheck/collector-v10-test/schema-strict_integer__protocol_version__bool/final-status.txt	00d32257ef8152b0b045d29681433e1785a4150036f361549340062b427f947e	822
file	preflight-logs/selfcheck/collector-v10-test/schema-strict_integer__protocol_version__bool/finalization-order.txt	03ad30618a52f1f535ed2a1fe167b029cca0bad0728bb66c7865c3445e1d5473	185
directory	preflight-logs/selfcheck/collector-v10-test/schema-strict_integer__protocol_version__bool/hooks	-	0
file	preflight-logs/selfcheck/collector-v10-test/schema-strict_integer__protocol_version__bool/outer-signals.json	4fb60ad7e50f3d3e74be335a9587702917d201cd33bc8e170399e8741bb33273	199
directory	preflight-logs/selfcheck/collector-v10-test/schema-strict_integer__protocol_version__bool/raw	-	0
file	preflight-logs/selfcheck/collector-v10-test/schema-strict_integer__protocol_version__bool/raw.seal.sha256	0829085f943260fb0639ddef49eb3387d78ec531fe907751769879da6cb9fdab	795
directory	preflight-logs/selfcheck/collector-v10-test/schema-strict_integer__protocol_version__bool/raw/preflight	-	0
file	preflight-logs/selfcheck/collector-v10-test/schema-strict_integer__protocol_version__bool/raw/preflight.session-ready	39feceb2eced7e3165a8f7f40852708b835f274d4ff94896baface7efca6a52d	109
file	preflight-logs/selfcheck/collector-v10-test/schema-strict_integer__protocol_version__bool/raw/preflight.session-ready.go	c2fc355f2b52e01ea670dc8b27f1c8f3a268d68b4b399a0cf91544cb975792df	3
file	preflight-logs/selfcheck/collector-v10-test/schema-strict_integer__protocol_version__bool/raw/preflight/fixture.endpoints	2eadd75476b6a4eeba05e3eacf1d3a539e6464e756c068236a5e477c1ef8769b	27
file	preflight-logs/selfcheck/collector-v10-test/schema-strict_integer__protocol_version__bool/raw/preflight/init.go	c2fc355f2b52e01ea670dc8b27f1c8f3a268d68b4b399a0cf91544cb975792df	3
file	preflight-logs/selfcheck/collector-v10-test/schema-strict_integer__protocol_version__bool/raw/preflight/init.ready	a34aa4cda3eb398d395d160d796385d01b8d0e71796e4be2383cfc94cb257b89	109
file	preflight-logs/selfcheck/collector-v10-test/schema-strict_integer__protocol_version__bool/raw/stderr	e3b0c44298fc1c149afbf4c8996fb92427ae41e4649b934ca495991b7852b855	0
file	preflight-logs/selfcheck/collector-v10-test/schema-strict_integer__protocol_version__bool/raw/stdout	e3b0c44298fc1c149afbf4c8996fb92427ae41e4649b934ca495991b7852b855	0
file	preflight-logs/selfcheck/collector-v10-test/schema-strict_integer__protocol_version__bool/raw/supervisor.json	993332b5ecdb3022bf1af85bddf494e4e29cec89bcd963b5aee0c012c4382067	8858
file	preflight-logs/selfcheck/collector-v10-test/schema-strict_integer__protocol_version__bool/raw/supervisor.ready	ed1a545bb85e55816bbf9566b028b2a0bc456b88f49f6f266c0401048824194b	6
directory	preflight-logs/selfcheck/collector-v10-test/schema-strict_integer__protocol_version__bool/tmp	-	0
directory	preflight-logs/selfcheck/collector-v10-test/schema-strict_integer__protocol_version__float	-	0
file	preflight-logs/selfcheck/collector-v10-test/schema-strict_integer__protocol_version__float.collector.stderr	b8105bd971fdd57ffcd1bf778cc67ab9e8637ef9a59138958ce6191ae991b20a	86
file	preflight-logs/selfcheck/collector-v10-test/schema-strict_integer__protocol_version__float.collector.stdout	e3b0c44298fc1c149afbf4c8996fb92427ae41e4649b934ca495991b7852b855	0
directory	preflight-logs/selfcheck/collector-v10-test/schema-strict_integer__protocol_version__float/audits	-	0
file	preflight-logs/selfcheck/collector-v10-test/schema-strict_integer__protocol_version__float/audits/final-artifacts.tsv	07da53e6ddfcfadb97242fe031bc48a6b9361ca703d69f4d1443fa879e5a6a3d	28
file	preflight-logs/selfcheck/collector-v10-test/schema-strict_integer__protocol_version__float/audits/final-endpoint.txt	4de3fd1d1eeb08dd7976b911c02a38dba961cf2c27f9341b2c79ae214af5af25	13
file	preflight-logs/selfcheck/collector-v10-test/schema-strict_integer__protocol_version__float/final-status.txt	a8875380824b016b8218305d4bd4cb79618f23ee043bf802f5787bb1e645deb2	823
file	preflight-logs/selfcheck/collector-v10-test/schema-strict_integer__protocol_version__float/finalization-order.txt	03ad30618a52f1f535ed2a1fe167b029cca0bad0728bb66c7865c3445e1d5473	185
directory	preflight-logs/selfcheck/collector-v10-test/schema-strict_integer__protocol_version__float/hooks	-	0
file	preflight-logs/selfcheck/collector-v10-test/schema-strict_integer__protocol_version__float/outer-signals.json	4fb60ad7e50f3d3e74be335a9587702917d201cd33bc8e170399e8741bb33273	199
directory	preflight-logs/selfcheck/collector-v10-test/schema-strict_integer__protocol_version__float/raw	-	0
file	preflight-logs/selfcheck/collector-v10-test/schema-strict_integer__protocol_version__float/raw.seal.sha256	c2bddf74cd18560dcd55ca56cc414b22ca6bde97f7e61abdc2f4e1facc6a5ebd	795
directory	preflight-logs/selfcheck/collector-v10-test/schema-strict_integer__protocol_version__float/raw/preflight	-	0
file	preflight-logs/selfcheck/collector-v10-test/schema-strict_integer__protocol_version__float/raw/preflight.session-ready	39feceb2eced7e3165a8f7f40852708b835f274d4ff94896baface7efca6a52d	109
file	preflight-logs/selfcheck/collector-v10-test/schema-strict_integer__protocol_version__float/raw/preflight.session-ready.go	c2fc355f2b52e01ea670dc8b27f1c8f3a268d68b4b399a0cf91544cb975792df	3
file	preflight-logs/selfcheck/collector-v10-test/schema-strict_integer__protocol_version__float/raw/preflight/fixture.endpoints	2eadd75476b6a4eeba05e3eacf1d3a539e6464e756c068236a5e477c1ef8769b	27
file	preflight-logs/selfcheck/collector-v10-test/schema-strict_integer__protocol_version__float/raw/preflight/init.go	c2fc355f2b52e01ea670dc8b27f1c8f3a268d68b4b399a0cf91544cb975792df	3
file	preflight-logs/selfcheck/collector-v10-test/schema-strict_integer__protocol_version__float/raw/preflight/init.ready	fcce5a7e838ce7dccfb11a0f7ea2b2de5a88214be1c7fe3a7c540e611f597c0a	109
file	preflight-logs/selfcheck/collector-v10-test/schema-strict_integer__protocol_version__float/raw/stderr	e3b0c44298fc1c149afbf4c8996fb92427ae41e4649b934ca495991b7852b855	0
file	preflight-logs/selfcheck/collector-v10-test/schema-strict_integer__protocol_version__float/raw/stdout	e3b0c44298fc1c149afbf4c8996fb92427ae41e4649b934ca495991b7852b855	0
file	preflight-logs/selfcheck/collector-v10-test/schema-strict_integer__protocol_version__float/raw/supervisor.json	ecf7c0fb42c37d149b183c529b562d277d95617a14b93129e8f72bbf45edb30d	8865
file	preflight-logs/selfcheck/collector-v10-test/schema-strict_integer__protocol_version__float/raw/supervisor.ready	ed1a545bb85e55816bbf9566b028b2a0bc456b88f49f6f266c0401048824194b	6
directory	preflight-logs/selfcheck/collector-v10-test/schema-strict_integer__protocol_version__float/tmp	-	0
directory	preflight-logs/selfcheck/collector-v10-test/schema-strict_integer__quiet_empty_proofs__bool	-	0
file	preflight-logs/selfcheck/collector-v10-test/schema-strict_integer__quiet_empty_proofs__bool.collector.stderr	9a8bf9946bfd9235f8a34557259290d90ef13fb0e7b7f1261b6ac790f8e672dd	88
file	preflight-logs/selfcheck/collector-v10-test/schema-strict_integer__quiet_empty_proofs__bool.collector.stdout	e3b0c44298fc1c149afbf4c8996fb92427ae41e4649b934ca495991b7852b855	0
directory	preflight-logs/selfcheck/collector-v10-test/schema-strict_integer__quiet_empty_proofs__bool/audits	-	0
file	preflight-logs/selfcheck/collector-v10-test/schema-strict_integer__quiet_empty_proofs__bool/audits/final-artifacts.tsv	07da53e6ddfcfadb97242fe031bc48a6b9361ca703d69f4d1443fa879e5a6a3d	28
file	preflight-logs/selfcheck/collector-v10-test/schema-strict_integer__quiet_empty_proofs__bool/audits/final-endpoint.txt	4de3fd1d1eeb08dd7976b911c02a38dba961cf2c27f9341b2c79ae214af5af25	13
file	preflight-logs/selfcheck/collector-v10-test/schema-strict_integer__quiet_empty_proofs__bool/final-status.txt	9e2fcb1539fe0d72a999f9a95cd1fb32d5bdfa15c7df0c64ddcfe235802f42cb	826
file	preflight-logs/selfcheck/collector-v10-test/schema-strict_integer__quiet_empty_proofs__bool/finalization-order.txt	03ad30618a52f1f535ed2a1fe167b029cca0bad0728bb66c7865c3445e1d5473	185
directory	preflight-logs/selfcheck/collector-v10-test/schema-strict_integer__quiet_empty_proofs__bool/hooks	-	0
file	preflight-logs/selfcheck/collector-v10-test/schema-strict_integer__quiet_empty_proofs__bool/outer-signals.json	4fb60ad7e50f3d3e74be335a9587702917d201cd33bc8e170399e8741bb33273	199
directory	preflight-logs/selfcheck/collector-v10-test/schema-strict_integer__quiet_empty_proofs__bool/raw	-	0
file	preflight-logs/selfcheck/collector-v10-test/schema-strict_integer__quiet_empty_proofs__bool/raw.seal.sha256	de51378891374668847c4ae6fb5d873a8d2dce2e5f1388387a1d726b84aa36ae	795
directory	preflight-logs/selfcheck/collector-v10-test/schema-strict_integer__quiet_empty_proofs__bool/raw/preflight	-	0
file	preflight-logs/selfcheck/collector-v10-test/schema-strict_integer__quiet_empty_proofs__bool/raw/preflight.session-ready	39feceb2eced7e3165a8f7f40852708b835f274d4ff94896baface7efca6a52d	109
file	preflight-logs/selfcheck/collector-v10-test/schema-strict_integer__quiet_empty_proofs__bool/raw/preflight.session-ready.go	c2fc355f2b52e01ea670dc8b27f1c8f3a268d68b4b399a0cf91544cb975792df	3
file	preflight-logs/selfcheck/collector-v10-test/schema-strict_integer__quiet_empty_proofs__bool/raw/preflight/fixture.endpoints	2eadd75476b6a4eeba05e3eacf1d3a539e6464e756c068236a5e477c1ef8769b	27
file	preflight-logs/selfcheck/collector-v10-test/schema-strict_integer__quiet_empty_proofs__bool/raw/preflight/init.go	c2fc355f2b52e01ea670dc8b27f1c8f3a268d68b4b399a0cf91544cb975792df	3
file	preflight-logs/selfcheck/collector-v10-test/schema-strict_integer__quiet_empty_proofs__bool/raw/preflight/init.ready	fcce5a7e838ce7dccfb11a0f7ea2b2de5a88214be1c7fe3a7c540e611f597c0a	109
file	preflight-logs/selfcheck/collector-v10-test/schema-strict_integer__quiet_empty_proofs__bool/raw/stderr	e3b0c44298fc1c149afbf4c8996fb92427ae41e4649b934ca495991b7852b855	0
file	preflight-logs/selfcheck/collector-v10-test/schema-strict_integer__quiet_empty_proofs__bool/raw/stdout	e3b0c44298fc1c149afbf4c8996fb92427ae41e4649b934ca495991b7852b855	0
file	preflight-logs/selfcheck/collector-v10-test/schema-strict_integer__quiet_empty_proofs__bool/raw/supervisor.json	4836651d41011133563060efd3f0afb00c37a2ebc51eebfa0f9a6566db08ce36	8873
file	preflight-logs/selfcheck/collector-v10-test/schema-strict_integer__quiet_empty_proofs__bool/raw/supervisor.ready	ed1a545bb85e55816bbf9566b028b2a0bc456b88f49f6f266c0401048824194b	6
directory	preflight-logs/selfcheck/collector-v10-test/schema-strict_integer__quiet_empty_proofs__bool/tmp	-	0
directory	preflight-logs/selfcheck/collector-v10-test/schema-strict_integer__quiet_empty_proofs__float	-	0
file	preflight-logs/selfcheck/collector-v10-test/schema-strict_integer__quiet_empty_proofs__float.collector.stderr	9a8bf9946bfd9235f8a34557259290d90ef13fb0e7b7f1261b6ac790f8e672dd	88
file	preflight-logs/selfcheck/collector-v10-test/schema-strict_integer__quiet_empty_proofs__float.collector.stdout	e3b0c44298fc1c149afbf4c8996fb92427ae41e4649b934ca495991b7852b855	0
directory	preflight-logs/selfcheck/collector-v10-test/schema-strict_integer__quiet_empty_proofs__float/audits	-	0
file	preflight-logs/selfcheck/collector-v10-test/schema-strict_integer__quiet_empty_proofs__float/audits/final-artifacts.tsv	07da53e6ddfcfadb97242fe031bc48a6b9361ca703d69f4d1443fa879e5a6a3d	28
file	preflight-logs/selfcheck/collector-v10-test/schema-strict_integer__quiet_empty_proofs__float/audits/final-endpoint.txt	4de3fd1d1eeb08dd7976b911c02a38dba961cf2c27f9341b2c79ae214af5af25	13
file	preflight-logs/selfcheck/collector-v10-test/schema-strict_integer__quiet_empty_proofs__float/final-status.txt	fe3a0f2136585f1d42f67562297dac506f816d7f83f14f648025e28ec6bb82e5	827
file	preflight-logs/selfcheck/collector-v10-test/schema-strict_integer__quiet_empty_proofs__float/finalization-order.txt	03ad30618a52f1f535ed2a1fe167b029cca0bad0728bb66c7865c3445e1d5473	185
directory	preflight-logs/selfcheck/collector-v10-test/schema-strict_integer__quiet_empty_proofs__float/hooks	-	0
file	preflight-logs/selfcheck/collector-v10-test/schema-strict_integer__quiet_empty_proofs__float/outer-signals.json	4fb60ad7e50f3d3e74be335a9587702917d201cd33bc8e170399e8741bb33273	199
directory	preflight-logs/selfcheck/collector-v10-test/schema-strict_integer__quiet_empty_proofs__float/raw	-	0
file	preflight-logs/selfcheck/collector-v10-test/schema-strict_integer__quiet_empty_proofs__float/raw.seal.sha256	d752088acb756491462b53e6d078c7f38fab4fb3409bf6dad30e814f8cc00dd6	795
directory	preflight-logs/selfcheck/collector-v10-test/schema-strict_integer__quiet_empty_proofs__float/raw/preflight	-	0
file	preflight-logs/selfcheck/collector-v10-test/schema-strict_integer__quiet_empty_proofs__float/raw/preflight.session-ready	39feceb2eced7e3165a8f7f40852708b835f274d4ff94896baface7efca6a52d	109
file	preflight-logs/selfcheck/collector-v10-test/schema-strict_integer__quiet_empty_proofs__float/raw/preflight.session-ready.go	c2fc355f2b52e01ea670dc8b27f1c8f3a268d68b4b399a0cf91544cb975792df	3
file	preflight-logs/selfcheck/collector-v10-test/schema-strict_integer__quiet_empty_proofs__float/raw/preflight/fixture.endpoints	2eadd75476b6a4eeba05e3eacf1d3a539e6464e756c068236a5e477c1ef8769b	27
file	preflight-logs/selfcheck/collector-v10-test/schema-strict_integer__quiet_empty_proofs__float/raw/preflight/init.go	c2fc355f2b52e01ea670dc8b27f1c8f3a268d68b4b399a0cf91544cb975792df	3
file	preflight-logs/selfcheck/collector-v10-test/schema-strict_integer__quiet_empty_proofs__float/raw/preflight/init.ready	fcce5a7e838ce7dccfb11a0f7ea2b2de5a88214be1c7fe3a7c540e611f597c0a	109
file	preflight-logs/selfcheck/collector-v10-test/schema-strict_integer__quiet_empty_proofs__float/raw/stderr	e3b0c44298fc1c149afbf4c8996fb92427ae41e4649b934ca495991b7852b855	0
file	preflight-logs/selfcheck/collector-v10-test/schema-strict_integer__quiet_empty_proofs__float/raw/stdout	e3b0c44298fc1c149afbf4c8996fb92427ae41e4649b934ca495991b7852b855	0
file	preflight-logs/selfcheck/collector-v10-test/schema-strict_integer__quiet_empty_proofs__float/raw/supervisor.json	b9d1584f96053fcffdafaee5e1c83bb490b1df708b52384839e9cffb8126d04f	8878
file	preflight-logs/selfcheck/collector-v10-test/schema-strict_integer__quiet_empty_proofs__float/raw/supervisor.ready	ed1a545bb85e55816bbf9566b028b2a0bc456b88f49f6f266c0401048824194b	6
directory	preflight-logs/selfcheck/collector-v10-test/schema-strict_integer__quiet_empty_proofs__float/tmp	-	0
directory	preflight-logs/selfcheck/collector-v10-test/schema-strict_integer__readiness_namespace_pid__bool	-	0
file	preflight-logs/selfcheck/collector-v10-test/schema-strict_integer__readiness_namespace_pid__bool.collector.stderr	7770ba79f9aeb5dab8aea31ad7b73c8972ca4cd7e7546254f8c87115023082bc	104
file	preflight-logs/selfcheck/collector-v10-test/schema-strict_integer__readiness_namespace_pid__bool.collector.stdout	e3b0c44298fc1c149afbf4c8996fb92427ae41e4649b934ca495991b7852b855	0
directory	preflight-logs/selfcheck/collector-v10-test/schema-strict_integer__readiness_namespace_pid__bool/audits	-	0
file	preflight-logs/selfcheck/collector-v10-test/schema-strict_integer__readiness_namespace_pid__bool/audits/final-artifacts.tsv	07da53e6ddfcfadb97242fe031bc48a6b9361ca703d69f4d1443fa879e5a6a3d	28
file	preflight-logs/selfcheck/collector-v10-test/schema-strict_integer__readiness_namespace_pid__bool/audits/final-endpoint.txt	4de3fd1d1eeb08dd7976b911c02a38dba961cf2c27f9341b2c79ae214af5af25	13
file	preflight-logs/selfcheck/collector-v10-test/schema-strict_integer__readiness_namespace_pid__bool/final-status.txt	bfeac1fc14fe9ede92396ded7920edbca9bf0f4029f081ee683a8f158fdcb7d8	847
file	preflight-logs/selfcheck/collector-v10-test/schema-strict_integer__readiness_namespace_pid__bool/finalization-order.txt	03ad30618a52f1f535ed2a1fe167b029cca0bad0728bb66c7865c3445e1d5473	185
directory	preflight-logs/selfcheck/collector-v10-test/schema-strict_integer__readiness_namespace_pid__bool/hooks	-	0
file	preflight-logs/selfcheck/collector-v10-test/schema-strict_integer__readiness_namespace_pid__bool/outer-signals.json	4fb60ad7e50f3d3e74be335a9587702917d201cd33bc8e170399e8741bb33273	199
directory	preflight-logs/selfcheck/collector-v10-test/schema-strict_integer__readiness_namespace_pid__bool/raw	-	0
file	preflight-logs/selfcheck/collector-v10-test/schema-strict_integer__readiness_namespace_pid__bool/raw.seal.sha256	ef5a3ef099072ddd85d791b7fbb14f171c676fdd6a9071653c929414745161fb	795
directory	preflight-logs/selfcheck/collector-v10-test/schema-strict_integer__readiness_namespace_pid__bool/raw/preflight	-	0
file	preflight-logs/selfcheck/collector-v10-test/schema-strict_integer__readiness_namespace_pid__bool/raw/preflight.session-ready	39feceb2eced7e3165a8f7f40852708b835f274d4ff94896baface7efca6a52d	109
file	preflight-logs/selfcheck/collector-v10-test/schema-strict_integer__readiness_namespace_pid__bool/raw/preflight.session-ready.go	c2fc355f2b52e01ea670dc8b27f1c8f3a268d68b4b399a0cf91544cb975792df	3
file	preflight-logs/selfcheck/collector-v10-test/schema-strict_integer__readiness_namespace_pid__bool/raw/preflight/fixture.endpoints	2eadd75476b6a4eeba05e3eacf1d3a539e6464e756c068236a5e477c1ef8769b	27
file	preflight-logs/selfcheck/collector-v10-test/schema-strict_integer__readiness_namespace_pid__bool/raw/preflight/init.go	c2fc355f2b52e01ea670dc8b27f1c8f3a268d68b4b399a0cf91544cb975792df	3
file	preflight-logs/selfcheck/collector-v10-test/schema-strict_integer__readiness_namespace_pid__bool/raw/preflight/init.ready	fcce5a7e838ce7dccfb11a0f7ea2b2de5a88214be1c7fe3a7c540e611f597c0a	109
file	preflight-logs/selfcheck/collector-v10-test/schema-strict_integer__readiness_namespace_pid__bool/raw/stderr	e3b0c44298fc1c149afbf4c8996fb92427ae41e4649b934ca495991b7852b855	0
file	preflight-logs/selfcheck/collector-v10-test/schema-strict_integer__readiness_namespace_pid__bool/raw/stdout	e3b0c44298fc1c149afbf4c8996fb92427ae41e4649b934ca495991b7852b855	0
file	preflight-logs/selfcheck/collector-v10-test/schema-strict_integer__readiness_namespace_pid__bool/raw/supervisor.json	0749e2de5c98f9fbff9ff96a2a46ad3ffdeb3b4b85fdee1c77373223ada58eb6	8908
file	preflight-logs/selfcheck/collector-v10-test/schema-strict_integer__readiness_namespace_pid__bool/raw/supervisor.ready	ed1a545bb85e55816bbf9566b028b2a0bc456b88f49f6f266c0401048824194b	6
directory	preflight-logs/selfcheck/collector-v10-test/schema-strict_integer__readiness_namespace_pid__bool/tmp	-	0
directory	preflight-logs/selfcheck/collector-v10-test/schema-strict_integer__readiness_namespace_pid__float	-	0
file	preflight-logs/selfcheck/collector-v10-test/schema-strict_integer__readiness_namespace_pid__float.collector.stderr	7770ba79f9aeb5dab8aea31ad7b73c8972ca4cd7e7546254f8c87115023082bc	104
file	preflight-logs/selfcheck/collector-v10-test/schema-strict_integer__readiness_namespace_pid__float.collector.stdout	e3b0c44298fc1c149afbf4c8996fb92427ae41e4649b934ca495991b7852b855	0
directory	preflight-logs/selfcheck/collector-v10-test/schema-strict_integer__readiness_namespace_pid__float/audits	-	0
file	preflight-logs/selfcheck/collector-v10-test/schema-strict_integer__readiness_namespace_pid__float/audits/final-artifacts.tsv	07da53e6ddfcfadb97242fe031bc48a6b9361ca703d69f4d1443fa879e5a6a3d	28
file	preflight-logs/selfcheck/collector-v10-test/schema-strict_integer__readiness_namespace_pid__float/audits/final-endpoint.txt	4de3fd1d1eeb08dd7976b911c02a38dba961cf2c27f9341b2c79ae214af5af25	13
file	preflight-logs/selfcheck/collector-v10-test/schema-strict_integer__readiness_namespace_pid__float/final-status.txt	ba7b10aa7b2aff427b385ff5974cf1f691e8b816769b4255b4010ff89d8ca512	848
file	preflight-logs/selfcheck/collector-v10-test/schema-strict_integer__readiness_namespace_pid__float/finalization-order.txt	03ad30618a52f1f535ed2a1fe167b029cca0bad0728bb66c7865c3445e1d5473	185
directory	preflight-logs/selfcheck/collector-v10-test/schema-strict_integer__readiness_namespace_pid__float/hooks	-	0
file	preflight-logs/selfcheck/collector-v10-test/schema-strict_integer__readiness_namespace_pid__float/outer-signals.json	4fb60ad7e50f3d3e74be335a9587702917d201cd33bc8e170399e8741bb33273	199
directory	preflight-logs/selfcheck/collector-v10-test/schema-strict_integer__readiness_namespace_pid__float/raw	-	0
file	preflight-logs/selfcheck/collector-v10-test/schema-strict_integer__readiness_namespace_pid__float/raw.seal.sha256	9314133825d2a91d2ff94a4a2eb19d0c1c08652a52297026e82a34448acb38b1	795
directory	preflight-logs/selfcheck/collector-v10-test/schema-strict_integer__readiness_namespace_pid__float/raw/preflight	-	0
file	preflight-logs/selfcheck/collector-v10-test/schema-strict_integer__readiness_namespace_pid__float/raw/preflight.session-ready	39feceb2eced7e3165a8f7f40852708b835f274d4ff94896baface7efca6a52d	109
file	preflight-logs/selfcheck/collector-v10-test/schema-strict_integer__readiness_namespace_pid__float/raw/preflight.session-ready.go	c2fc355f2b52e01ea670dc8b27f1c8f3a268d68b4b399a0cf91544cb975792df	3
file	preflight-logs/selfcheck/collector-v10-test/schema-strict_integer__readiness_namespace_pid__float/raw/preflight/fixture.endpoints	2eadd75476b6a4eeba05e3eacf1d3a539e6464e756c068236a5e477c1ef8769b	27
file	preflight-logs/selfcheck/collector-v10-test/schema-strict_integer__readiness_namespace_pid__float/raw/preflight/init.go	c2fc355f2b52e01ea670dc8b27f1c8f3a268d68b4b399a0cf91544cb975792df	3
file	preflight-logs/selfcheck/collector-v10-test/schema-strict_integer__readiness_namespace_pid__float/raw/preflight/init.ready	fcce5a7e838ce7dccfb11a0f7ea2b2de5a88214be1c7fe3a7c540e611f597c0a	109
file	preflight-logs/selfcheck/collector-v10-test/schema-strict_integer__readiness_namespace_pid__float/raw/stderr	e3b0c44298fc1c149afbf4c8996fb92427ae41e4649b934ca495991b7852b855	0
file	preflight-logs/selfcheck/collector-v10-test/schema-strict_integer__readiness_namespace_pid__float/raw/stdout	e3b0c44298fc1c149afbf4c8996fb92427ae41e4649b934ca495991b7852b855	0
file	preflight-logs/selfcheck/collector-v10-test/schema-strict_integer__readiness_namespace_pid__float/raw/supervisor.json	f563547e005d952f5383338f7eea74ef297764fb6c4ff8224ea1cd173b62d60c	8914
file	preflight-logs/selfcheck/collector-v10-test/schema-strict_integer__readiness_namespace_pid__float/raw/supervisor.ready	ed1a545bb85e55816bbf9566b028b2a0bc456b88f49f6f266c0401048824194b	6
directory	preflight-logs/selfcheck/collector-v10-test/schema-strict_integer__readiness_namespace_pid__float/tmp	-	0
directory	preflight-logs/selfcheck/collector-v10-test/schema-strict_integer__readiness_pid_namespace_inode__bool	-	0
file	preflight-logs/selfcheck/collector-v10-test/schema-strict_integer__readiness_pid_namespace_inode__bool.collector.stderr	466a639e60f8ee9030a83777d7608f180cca94822843a088dc93275b4c0751a8	110
file	preflight-logs/selfcheck/collector-v10-test/schema-strict_integer__readiness_pid_namespace_inode__bool.collector.stdout	e3b0c44298fc1c149afbf4c8996fb92427ae41e4649b934ca495991b7852b855	0
directory	preflight-logs/selfcheck/collector-v10-test/schema-strict_integer__readiness_pid_namespace_inode__bool/audits	-	0
file	preflight-logs/selfcheck/collector-v10-test/schema-strict_integer__readiness_pid_namespace_inode__bool/audits/final-artifacts.tsv	07da53e6ddfcfadb97242fe031bc48a6b9361ca703d69f4d1443fa879e5a6a3d	28
file	preflight-logs/selfcheck/collector-v10-test/schema-strict_integer__readiness_pid_namespace_inode__bool/audits/final-endpoint.txt	4de3fd1d1eeb08dd7976b911c02a38dba961cf2c27f9341b2c79ae214af5af25	13
file	preflight-logs/selfcheck/collector-v10-test/schema-strict_integer__readiness_pid_namespace_inode__bool/final-status.txt	1c9be4e20b00d1367d3bf48c95b40497f54979a46ac92c904c35fef5fbcde418	859
file	preflight-logs/selfcheck/collector-v10-test/schema-strict_integer__readiness_pid_namespace_inode__bool/finalization-order.txt	03ad30618a52f1f535ed2a1fe167b029cca0bad0728bb66c7865c3445e1d5473	185
directory	preflight-logs/selfcheck/collector-v10-test/schema-strict_integer__readiness_pid_namespace_inode__bool/hooks	-	0
file	preflight-logs/selfcheck/collector-v10-test/schema-strict_integer__readiness_pid_namespace_inode__bool/outer-signals.json	4fb60ad7e50f3d3e74be335a9587702917d201cd33bc8e170399e8741bb33273	199
directory	preflight-logs/selfcheck/collector-v10-test/schema-strict_integer__readiness_pid_namespace_inode__bool/raw	-	0
file	preflight-logs/selfcheck/collector-v10-test/schema-strict_integer__readiness_pid_namespace_inode__bool/raw.seal.sha256	604782afea4501f1bbe4753703d97c4b7f26c95c1c89203698d5bdb125f49254	795
directory	preflight-logs/selfcheck/collector-v10-test/schema-strict_integer__readiness_pid_namespace_inode__bool/raw/preflight	-	0
file	preflight-logs/selfcheck/collector-v10-test/schema-strict_integer__readiness_pid_namespace_inode__bool/raw/preflight.session-ready	39feceb2eced7e3165a8f7f40852708b835f274d4ff94896baface7efca6a52d	109
file	preflight-logs/selfcheck/collector-v10-test/schema-strict_integer__readiness_pid_namespace_inode__bool/raw/preflight.session-ready.go	c2fc355f2b52e01ea670dc8b27f1c8f3a268d68b4b399a0cf91544cb975792df	3
file	preflight-logs/selfcheck/collector-v10-test/schema-strict_integer__readiness_pid_namespace_inode__bool/raw/preflight/fixture.endpoints	2eadd75476b6a4eeba05e3eacf1d3a539e6464e756c068236a5e477c1ef8769b	27
file	preflight-logs/selfcheck/collector-v10-test/schema-strict_integer__readiness_pid_namespace_inode__bool/raw/preflight/init.go	c2fc355f2b52e01ea670dc8b27f1c8f3a268d68b4b399a0cf91544cb975792df	3
file	preflight-logs/selfcheck/collector-v10-test/schema-strict_integer__readiness_pid_namespace_inode__bool/raw/preflight/init.ready	fcce5a7e838ce7dccfb11a0f7ea2b2de5a88214be1c7fe3a7c540e611f597c0a	109
file	preflight-logs/selfcheck/collector-v10-test/schema-strict_integer__readiness_pid_namespace_inode__bool/raw/stderr	e3b0c44298fc1c149afbf4c8996fb92427ae41e4649b934ca495991b7852b855	0
file	preflight-logs/selfcheck/collector-v10-test/schema-strict_integer__readiness_pid_namespace_inode__bool/raw/stdout	e3b0c44298fc1c149afbf4c8996fb92427ae41e4649b934ca495991b7852b855	0
file	preflight-logs/selfcheck/collector-v10-test/schema-strict_integer__readiness_pid_namespace_inode__bool/raw/supervisor.json	db446000907783d78258f366387eccb663746fb27b8f31e891b26ed693704f11	8941
file	preflight-logs/selfcheck/collector-v10-test/schema-strict_integer__readiness_pid_namespace_inode__bool/raw/supervisor.ready	ed1a545bb85e55816bbf9566b028b2a0bc456b88f49f6f266c0401048824194b	6
directory	preflight-logs/selfcheck/collector-v10-test/schema-strict_integer__readiness_pid_namespace_inode__bool/tmp	-	0
directory	preflight-logs/selfcheck/collector-v10-test/schema-strict_integer__readiness_pid_namespace_inode__float	-	0
file	preflight-logs/selfcheck/collector-v10-test/schema-strict_integer__readiness_pid_namespace_inode__float.collector.stderr	466a639e60f8ee9030a83777d7608f180cca94822843a088dc93275b4c0751a8	110
file	preflight-logs/selfcheck/collector-v10-test/schema-strict_integer__readiness_pid_namespace_inode__float.collector.stdout	e3b0c44298fc1c149afbf4c8996fb92427ae41e4649b934ca495991b7852b855	0
directory	preflight-logs/selfcheck/collector-v10-test/schema-strict_integer__readiness_pid_namespace_inode__float/audits	-	0
file	preflight-logs/selfcheck/collector-v10-test/schema-strict_integer__readiness_pid_namespace_inode__float/audits/final-artifacts.tsv	07da53e6ddfcfadb97242fe031bc48a6b9361ca703d69f4d1443fa879e5a6a3d	28
file	preflight-logs/selfcheck/collector-v10-test/schema-strict_integer__readiness_pid_namespace_inode__float/audits/final-endpoint.txt	4de3fd1d1eeb08dd7976b911c02a38dba961cf2c27f9341b2c79ae214af5af25	13
file	preflight-logs/selfcheck/collector-v10-test/schema-strict_integer__readiness_pid_namespace_inode__float/final-status.txt	754c8354c5895e3fce5d7fbf6dd9eb7e881183aab1c845a589364c94ab1166a3	860
file	preflight-logs/selfcheck/collector-v10-test/schema-strict_integer__readiness_pid_namespace_inode__float/finalization-order.txt	03ad30618a52f1f535ed2a1fe167b029cca0bad0728bb66c7865c3445e1d5473	185
directory	preflight-logs/selfcheck/collector-v10-test/schema-strict_integer__readiness_pid_namespace_inode__float/hooks	-	0
file	preflight-logs/selfcheck/collector-v10-test/schema-strict_integer__readiness_pid_namespace_inode__float/outer-signals.json	4fb60ad7e50f3d3e74be335a9587702917d201cd33bc8e170399e8741bb33273	199
directory	preflight-logs/selfcheck/collector-v10-test/schema-strict_integer__readiness_pid_namespace_inode__float/raw	-	0
file	preflight-logs/selfcheck/collector-v10-test/schema-strict_integer__readiness_pid_namespace_inode__float/raw.seal.sha256	755384171af55eed073a3f31375236320efac8a90ead8f746848c9e0b5d22cab	795
directory	preflight-logs/selfcheck/collector-v10-test/schema-strict_integer__readiness_pid_namespace_inode__float/raw/preflight	-	0
file	preflight-logs/selfcheck/collector-v10-test/schema-strict_integer__readiness_pid_namespace_inode__float/raw/preflight.session-ready	39feceb2eced7e3165a8f7f40852708b835f274d4ff94896baface7efca6a52d	109
file	preflight-logs/selfcheck/collector-v10-test/schema-strict_integer__readiness_pid_namespace_inode__float/raw/preflight.session-ready.go	c2fc355f2b52e01ea670dc8b27f1c8f3a268d68b4b399a0cf91544cb975792df	3
file	preflight-logs/selfcheck/collector-v10-test/schema-strict_integer__readiness_pid_namespace_inode__float/raw/preflight/fixture.endpoints	2eadd75476b6a4eeba05e3eacf1d3a539e6464e756c068236a5e477c1ef8769b	27
file	preflight-logs/selfcheck/collector-v10-test/schema-strict_integer__readiness_pid_namespace_inode__float/raw/preflight/init.go	c2fc355f2b52e01ea670dc8b27f1c8f3a268d68b4b399a0cf91544cb975792df	3
file	preflight-logs/selfcheck/collector-v10-test/schema-strict_integer__readiness_pid_namespace_inode__float/raw/preflight/init.ready	fcce5a7e838ce7dccfb11a0f7ea2b2de5a88214be1c7fe3a7c540e611f597c0a	109
file	preflight-logs/selfcheck/collector-v10-test/schema-strict_integer__readiness_pid_namespace_inode__float/raw/stderr	e3b0c44298fc1c149afbf4c8996fb92427ae41e4649b934ca495991b7852b855	0
file	preflight-logs/selfcheck/collector-v10-test/schema-strict_integer__readiness_pid_namespace_inode__float/raw/stdout	e3b0c44298fc1c149afbf4c8996fb92427ae41e4649b934ca495991b7852b855	0
file	preflight-logs/selfcheck/collector-v10-test/schema-strict_integer__readiness_pid_namespace_inode__float/raw/supervisor.json	c00b17b206975e09164b2f92ad0ee6c5c7278b85f8eea77074e9f47453d8cc51	8956
file	preflight-logs/selfcheck/collector-v10-test/schema-strict_integer__readiness_pid_namespace_inode__float/raw/supervisor.ready	ed1a545bb85e55816bbf9566b028b2a0bc456b88f49f6f266c0401048824194b	6
directory	preflight-logs/selfcheck/collector-v10-test/schema-strict_integer__readiness_pid_namespace_inode__float/tmp	-	0
directory	preflight-logs/selfcheck/collector-v10-test/schema-strict_integer__readiness_protocol_version__bool	-	0
file	preflight-logs/selfcheck/collector-v10-test/schema-strict_integer__readiness_protocol_version__bool.collector.stderr	c9ad4f987d71cd9b767758223de81a860947141033306c10b782e4b2b74e39b4	107
file	preflight-logs/selfcheck/collector-v10-test/schema-strict_integer__readiness_protocol_version__bool.collector.stdout	e3b0c44298fc1c149afbf4c8996fb92427ae41e4649b934ca495991b7852b855	0
directory	preflight-logs/selfcheck/collector-v10-test/schema-strict_integer__readiness_protocol_version__bool/audits	-	0
file	preflight-logs/selfcheck/collector-v10-test/schema-strict_integer__readiness_protocol_version__bool/audits/final-artifacts.tsv	07da53e6ddfcfadb97242fe031bc48a6b9361ca703d69f4d1443fa879e5a6a3d	28
file	preflight-logs/selfcheck/collector-v10-test/schema-strict_integer__readiness_protocol_version__bool/audits/final-endpoint.txt	4de3fd1d1eeb08dd7976b911c02a38dba961cf2c27f9341b2c79ae214af5af25	13
file	preflight-logs/selfcheck/collector-v10-test/schema-strict_integer__readiness_protocol_version__bool/final-status.txt	f195a7a46a69935334439dae0d5748577284078c29f17abadc00f7484bb575cb	853
file	preflight-logs/selfcheck/collector-v10-test/schema-strict_integer__readiness_protocol_version__bool/finalization-order.txt	03ad30618a52f1f535ed2a1fe167b029cca0bad0728bb66c7865c3445e1d5473	185
directory	preflight-logs/selfcheck/collector-v10-test/schema-strict_integer__readiness_protocol_version__bool/hooks	-	0
file	preflight-logs/selfcheck/collector-v10-test/schema-strict_integer__readiness_protocol_version__bool/outer-signals.json	4fb60ad7e50f3d3e74be335a9587702917d201cd33bc8e170399e8741bb33273	199
directory	preflight-logs/selfcheck/collector-v10-test/schema-strict_integer__readiness_protocol_version__bool/raw	-	0
file	preflight-logs/selfcheck/collector-v10-test/schema-strict_integer__readiness_protocol_version__bool/raw.seal.sha256	904004ce615b838509c73d756135f598d340aab9ffc4e14d89f25f61b52d5561	795
directory	preflight-logs/selfcheck/collector-v10-test/schema-strict_integer__readiness_protocol_version__bool/raw/preflight	-	0
file	preflight-logs/selfcheck/collector-v10-test/schema-strict_integer__readiness_protocol_version__bool/raw/preflight.session-ready	39feceb2eced7e3165a8f7f40852708b835f274d4ff94896baface7efca6a52d	109
file	preflight-logs/selfcheck/collector-v10-test/schema-strict_integer__readiness_protocol_version__bool/raw/preflight.session-ready.go	c2fc355f2b52e01ea670dc8b27f1c8f3a268d68b4b399a0cf91544cb975792df	3
file	preflight-logs/selfcheck/collector-v10-test/schema-strict_integer__readiness_protocol_version__bool/raw/preflight/fixture.endpoints	2eadd75476b6a4eeba05e3eacf1d3a539e6464e756c068236a5e477c1ef8769b	27
file	preflight-logs/selfcheck/collector-v10-test/schema-strict_integer__readiness_protocol_version__bool/raw/preflight/init.go	c2fc355f2b52e01ea670dc8b27f1c8f3a268d68b4b399a0cf91544cb975792df	3
file	preflight-logs/selfcheck/collector-v10-test/schema-strict_integer__readiness_protocol_version__bool/raw/preflight/init.ready	fcce5a7e838ce7dccfb11a0f7ea2b2de5a88214be1c7fe3a7c540e611f597c0a	109
file	preflight-logs/selfcheck/collector-v10-test/schema-strict_integer__readiness_protocol_version__bool/raw/stderr	e3b0c44298fc1c149afbf4c8996fb92427ae41e4649b934ca495991b7852b855	0
file	preflight-logs/selfcheck/collector-v10-test/schema-strict_integer__readiness_protocol_version__bool/raw/stdout	e3b0c44298fc1c149afbf4c8996fb92427ae41e4649b934ca495991b7852b855	0
file	preflight-logs/selfcheck/collector-v10-test/schema-strict_integer__readiness_protocol_version__bool/raw/supervisor.json	0cfced6c36d372b1eb5f081eb89b7dbc27e50f93e3b3aa86a0e38dd97795ebb3	8929
file	preflight-logs/selfcheck/collector-v10-test/schema-strict_integer__readiness_protocol_version__bool/raw/supervisor.ready	ed1a545bb85e55816bbf9566b028b2a0bc456b88f49f6f266c0401048824194b	6
directory	preflight-logs/selfcheck/collector-v10-test/schema-strict_integer__readiness_protocol_version__bool/tmp	-	0
directory	preflight-logs/selfcheck/collector-v10-test/schema-strict_integer__readiness_protocol_version__float	-	0
file	preflight-logs/selfcheck/collector-v10-test/schema-strict_integer__readiness_protocol_version__float.collector.stderr	c9ad4f987d71cd9b767758223de81a860947141033306c10b782e4b2b74e39b4	107
file	preflight-logs/selfcheck/collector-v10-test/schema-strict_integer__readiness_protocol_version__float.collector.stdout	e3b0c44298fc1c149afbf4c8996fb92427ae41e4649b934ca495991b7852b855	0
directory	preflight-logs/selfcheck/collector-v10-test/schema-strict_integer__readiness_protocol_version__float/audits	-	0
file	preflight-logs/selfcheck/collector-v10-test/schema-strict_integer__readiness_protocol_version__float/audits/final-artifacts.tsv	07da53e6ddfcfadb97242fe031bc48a6b9361ca703d69f4d1443fa879e5a6a3d	28
file	preflight-logs/selfcheck/collector-v10-test/schema-strict_integer__readiness_protocol_version__float/audits/final-endpoint.txt	4de3fd1d1eeb08dd7976b911c02a38dba961cf2c27f9341b2c79ae214af5af25	13
file	preflight-logs/selfcheck/collector-v10-test/schema-strict_integer__readiness_protocol_version__float/final-status.txt	7f32ffcaa7bfc025ccdcc97463bdc643770e890e417b5e7abcdd036729340572	854
file	preflight-logs/selfcheck/collector-v10-test/schema-strict_integer__readiness_protocol_version__float/finalization-order.txt	03ad30618a52f1f535ed2a1fe167b029cca0bad0728bb66c7865c3445e1d5473	185
directory	preflight-logs/selfcheck/collector-v10-test/schema-strict_integer__readiness_protocol_version__float/hooks	-	0
file	preflight-logs/selfcheck/collector-v10-test/schema-strict_integer__readiness_protocol_version__float/outer-signals.json	4fb60ad7e50f3d3e74be335a9587702917d201cd33bc8e170399e8741bb33273	199
directory	preflight-logs/selfcheck/collector-v10-test/schema-strict_integer__readiness_protocol_version__float/raw	-	0
file	preflight-logs/selfcheck/collector-v10-test/schema-strict_integer__readiness_protocol_version__float/raw.seal.sha256	2c7fff6108b116d3130a2b2868413e63b2530eaaaa42f1d8fc90e37b171323fd	795
directory	preflight-logs/selfcheck/collector-v10-test/schema-strict_integer__readiness_protocol_version__float/raw/preflight	-	0
file	preflight-logs/selfcheck/collector-v10-test/schema-strict_integer__readiness_protocol_version__float/raw/preflight.session-ready	39feceb2eced7e3165a8f7f40852708b835f274d4ff94896baface7efca6a52d	109
file	preflight-logs/selfcheck/collector-v10-test/schema-strict_integer__readiness_protocol_version__float/raw/preflight.session-ready.go	c2fc355f2b52e01ea670dc8b27f1c8f3a268d68b4b399a0cf91544cb975792df	3
file	preflight-logs/selfcheck/collector-v10-test/schema-strict_integer__readiness_protocol_version__float/raw/preflight/fixture.endpoints	2eadd75476b6a4eeba05e3eacf1d3a539e6464e756c068236a5e477c1ef8769b	27
file	preflight-logs/selfcheck/collector-v10-test/schema-strict_integer__readiness_protocol_version__float/raw/preflight/init.go	c2fc355f2b52e01ea670dc8b27f1c8f3a268d68b4b399a0cf91544cb975792df	3
file	preflight-logs/selfcheck/collector-v10-test/schema-strict_integer__readiness_protocol_version__float/raw/preflight/init.ready	fcce5a7e838ce7dccfb11a0f7ea2b2de5a88214be1c7fe3a7c540e611f597c0a	109
file	preflight-logs/selfcheck/collector-v10-test/schema-strict_integer__readiness_protocol_version__float/raw/stderr	e3b0c44298fc1c149afbf4c8996fb92427ae41e4649b934ca495991b7852b855	0
file	preflight-logs/selfcheck/collector-v10-test/schema-strict_integer__readiness_protocol_version__float/raw/stdout	e3b0c44298fc1c149afbf4c8996fb92427ae41e4649b934ca495991b7852b855	0
file	preflight-logs/selfcheck/collector-v10-test/schema-strict_integer__readiness_protocol_version__float/raw/supervisor.json	b9f05c4bd26c5425087cf1330de94fdf96160fea89c20cd562d53763dc0c8729	8935
file	preflight-logs/selfcheck/collector-v10-test/schema-strict_integer__readiness_protocol_version__float/raw/supervisor.ready	ed1a545bb85e55816bbf9566b028b2a0bc456b88f49f6f266c0401048824194b	6
directory	preflight-logs/selfcheck/collector-v10-test/schema-strict_integer__readiness_protocol_version__float/tmp	-	0
directory	preflight-logs/selfcheck/collector-v10-test/schema-strict_integer__reap_identity_pid__bool	-	0
file	preflight-logs/selfcheck/collector-v10-test/schema-strict_integer__reap_identity_pid__bool.collector.stderr	5dcc4163d4fbcbbd5e680a7bbf4fe968e9ebf22ac2cc3ddf343d4317c1ca12c2	91
file	preflight-logs/selfcheck/collector-v10-test/schema-strict_integer__reap_identity_pid__bool.collector.stdout	e3b0c44298fc1c149afbf4c8996fb92427ae41e4649b934ca495991b7852b855	0
directory	preflight-logs/selfcheck/collector-v10-test/schema-strict_integer__reap_identity_pid__bool/audits	-	0
file	preflight-logs/selfcheck/collector-v10-test/schema-strict_integer__reap_identity_pid__bool/audits/final-artifacts.tsv	07da53e6ddfcfadb97242fe031bc48a6b9361ca703d69f4d1443fa879e5a6a3d	28
file	preflight-logs/selfcheck/collector-v10-test/schema-strict_integer__reap_identity_pid__bool/audits/final-endpoint.txt	4de3fd1d1eeb08dd7976b911c02a38dba961cf2c27f9341b2c79ae214af5af25	13
file	preflight-logs/selfcheck/collector-v10-test/schema-strict_integer__reap_identity_pid__bool/final-status.txt	18f00da62cb4e6f898e201c656566f9dcf7546e0fe50185ce57df6cabfd0297d	828
file	preflight-logs/selfcheck/collector-v10-test/schema-strict_integer__reap_identity_pid__bool/finalization-order.txt	03ad30618a52f1f535ed2a1fe167b029cca0bad0728bb66c7865c3445e1d5473	185
directory	preflight-logs/selfcheck/collector-v10-test/schema-strict_integer__reap_identity_pid__bool/hooks	-	0
file	preflight-logs/selfcheck/collector-v10-test/schema-strict_integer__reap_identity_pid__bool/outer-signals.json	4fb60ad7e50f3d3e74be335a9587702917d201cd33bc8e170399e8741bb33273	199
directory	preflight-logs/selfcheck/collector-v10-test/schema-strict_integer__reap_identity_pid__bool/raw	-	0
file	preflight-logs/selfcheck/collector-v10-test/schema-strict_integer__reap_identity_pid__bool/raw.seal.sha256	f93e17e4a12c57a0dc741d53cb61597174d471fe6329a67a7be7e1cd67dc6379	795
directory	preflight-logs/selfcheck/collector-v10-test/schema-strict_integer__reap_identity_pid__bool/raw/preflight	-	0
file	preflight-logs/selfcheck/collector-v10-test/schema-strict_integer__reap_identity_pid__bool/raw/preflight.session-ready	39feceb2eced7e3165a8f7f40852708b835f274d4ff94896baface7efca6a52d	109
file	preflight-logs/selfcheck/collector-v10-test/schema-strict_integer__reap_identity_pid__bool/raw/preflight.session-ready.go	c2fc355f2b52e01ea670dc8b27f1c8f3a268d68b4b399a0cf91544cb975792df	3
file	preflight-logs/selfcheck/collector-v10-test/schema-strict_integer__reap_identity_pid__bool/raw/preflight/fixture.endpoints	2eadd75476b6a4eeba05e3eacf1d3a539e6464e756c068236a5e477c1ef8769b	27
file	preflight-logs/selfcheck/collector-v10-test/schema-strict_integer__reap_identity_pid__bool/raw/preflight/init.go	c2fc355f2b52e01ea670dc8b27f1c8f3a268d68b4b399a0cf91544cb975792df	3
file	preflight-logs/selfcheck/collector-v10-test/schema-strict_integer__reap_identity_pid__bool/raw/preflight/init.ready	fcce5a7e838ce7dccfb11a0f7ea2b2de5a88214be1c7fe3a7c540e611f597c0a	109
file	preflight-logs/selfcheck/collector-v10-test/schema-strict_integer__reap_identity_pid__bool/raw/stderr	e3b0c44298fc1c149afbf4c8996fb92427ae41e4649b934ca495991b7852b855	0
file	preflight-logs/selfcheck/collector-v10-test/schema-strict_integer__reap_identity_pid__bool/raw/stdout	e3b0c44298fc1c149afbf4c8996fb92427ae41e4649b934ca495991b7852b855	0
file	preflight-logs/selfcheck/collector-v10-test/schema-strict_integer__reap_identity_pid__bool/raw/supervisor.json	1de7f8fc5154a6934f7d3b7fee14264c9c0fe0590ed97bddea29b38f51105e93	8863
file	preflight-logs/selfcheck/collector-v10-test/schema-strict_integer__reap_identity_pid__bool/raw/supervisor.ready	ed1a545bb85e55816bbf9566b028b2a0bc456b88f49f6f266c0401048824194b	6
directory	preflight-logs/selfcheck/collector-v10-test/schema-strict_integer__reap_identity_pid__bool/tmp	-	0
directory	preflight-logs/selfcheck/collector-v10-test/schema-strict_integer__reap_identity_pid__float	-	0
file	preflight-logs/selfcheck/collector-v10-test/schema-strict_integer__reap_identity_pid__float.collector.stderr	5dcc4163d4fbcbbd5e680a7bbf4fe968e9ebf22ac2cc3ddf343d4317c1ca12c2	91
file	preflight-logs/selfcheck/collector-v10-test/schema-strict_integer__reap_identity_pid__float.collector.stdout	e3b0c44298fc1c149afbf4c8996fb92427ae41e4649b934ca495991b7852b855	0
directory	preflight-logs/selfcheck/collector-v10-test/schema-strict_integer__reap_identity_pid__float/audits	-	0
file	preflight-logs/selfcheck/collector-v10-test/schema-strict_integer__reap_identity_pid__float/audits/final-artifacts.tsv	07da53e6ddfcfadb97242fe031bc48a6b9361ca703d69f4d1443fa879e5a6a3d	28
file	preflight-logs/selfcheck/collector-v10-test/schema-strict_integer__reap_identity_pid__float/audits/final-endpoint.txt	4de3fd1d1eeb08dd7976b911c02a38dba961cf2c27f9341b2c79ae214af5af25	13
file	preflight-logs/selfcheck/collector-v10-test/schema-strict_integer__reap_identity_pid__float/final-status.txt	c80535a50dc85a2768c85475e31630c97f744c13ac411680de04268134f8b504	829
file	preflight-logs/selfcheck/collector-v10-test/schema-strict_integer__reap_identity_pid__float/finalization-order.txt	03ad30618a52f1f535ed2a1fe167b029cca0bad0728bb66c7865c3445e1d5473	185
directory	preflight-logs/selfcheck/collector-v10-test/schema-strict_integer__reap_identity_pid__float/hooks	-	0
file	preflight-logs/selfcheck/collector-v10-test/schema-strict_integer__reap_identity_pid__float/outer-signals.json	4fb60ad7e50f3d3e74be335a9587702917d201cd33bc8e170399e8741bb33273	199
directory	preflight-logs/selfcheck/collector-v10-test/schema-strict_integer__reap_identity_pid__float/raw	-	0
file	preflight-logs/selfcheck/collector-v10-test/schema-strict_integer__reap_identity_pid__float/raw.seal.sha256	54fd8511e72605a80e803befa2643ce03067bf9d1a99da9e976d42f919dcae32	795
directory	preflight-logs/selfcheck/collector-v10-test/schema-strict_integer__reap_identity_pid__float/raw/preflight	-	0
file	preflight-logs/selfcheck/collector-v10-test/schema-strict_integer__reap_identity_pid__float/raw/preflight.session-ready	39feceb2eced7e3165a8f7f40852708b835f274d4ff94896baface7efca6a52d	109
file	preflight-logs/selfcheck/collector-v10-test/schema-strict_integer__reap_identity_pid__float/raw/preflight.session-ready.go	c2fc355f2b52e01ea670dc8b27f1c8f3a268d68b4b399a0cf91544cb975792df	3
file	preflight-logs/selfcheck/collector-v10-test/schema-strict_integer__reap_identity_pid__float/raw/preflight/fixture.endpoints	2eadd75476b6a4eeba05e3eacf1d3a539e6464e756c068236a5e477c1ef8769b	27
file	preflight-logs/selfcheck/collector-v10-test/schema-strict_integer__reap_identity_pid__float/raw/preflight/init.go	c2fc355f2b52e01ea670dc8b27f1c8f3a268d68b4b399a0cf91544cb975792df	3
file	preflight-logs/selfcheck/collector-v10-test/schema-strict_integer__reap_identity_pid__float/raw/preflight/init.ready	fcce5a7e838ce7dccfb11a0f7ea2b2de5a88214be1c7fe3a7c540e611f597c0a	109
file	preflight-logs/selfcheck/collector-v10-test/schema-strict_integer__reap_identity_pid__float/raw/stderr	e3b0c44298fc1c149afbf4c8996fb92427ae41e4649b934ca495991b7852b855	0
file	preflight-logs/selfcheck/collector-v10-test/schema-strict_integer__reap_identity_pid__float/raw/stdout	e3b0c44298fc1c149afbf4c8996fb92427ae41e4649b934ca495991b7852b855	0
file	preflight-logs/selfcheck/collector-v10-test/schema-strict_integer__reap_identity_pid__float/raw/supervisor.json	73a89bf5768b436bdaa5a3ccfc398847e1e5fe85534fcf8b0846fbd71e3a6593	8872
file	preflight-logs/selfcheck/collector-v10-test/schema-strict_integer__reap_identity_pid__float/raw/supervisor.ready	ed1a545bb85e55816bbf9566b028b2a0bc456b88f49f6f266c0401048824194b	6
directory	preflight-logs/selfcheck/collector-v10-test/schema-strict_integer__reap_identity_pid__float/tmp	-	0
directory	preflight-logs/selfcheck/collector-v10-test/schema-strict_integer__reap_identity_starttime__bool	-	0
file	preflight-logs/selfcheck/collector-v10-test/schema-strict_integer__reap_identity_starttime__bool.collector.stderr	3f42de8fa4bae15e865f63eff9f541f84a40ea1d60799ffcf5704a32e3ea3d4e	97
file	preflight-logs/selfcheck/collector-v10-test/schema-strict_integer__reap_identity_starttime__bool.collector.stdout	e3b0c44298fc1c149afbf4c8996fb92427ae41e4649b934ca495991b7852b855	0
directory	preflight-logs/selfcheck/collector-v10-test/schema-strict_integer__reap_identity_starttime__bool/audits	-	0
file	preflight-logs/selfcheck/collector-v10-test/schema-strict_integer__reap_identity_starttime__bool/audits/final-artifacts.tsv	07da53e6ddfcfadb97242fe031bc48a6b9361ca703d69f4d1443fa879e5a6a3d	28
file	preflight-logs/selfcheck/collector-v10-test/schema-strict_integer__reap_identity_starttime__bool/audits/final-endpoint.txt	4de3fd1d1eeb08dd7976b911c02a38dba961cf2c27f9341b2c79ae214af5af25	13
file	preflight-logs/selfcheck/collector-v10-test/schema-strict_integer__reap_identity_starttime__bool/final-status.txt	c1db8679182ab349825ff2d0575eeb9f9caa3595e826800145fd4b8a5e521491	840
file	preflight-logs/selfcheck/collector-v10-test/schema-strict_integer__reap_identity_starttime__bool/finalization-order.txt	03ad30618a52f1f535ed2a1fe167b029cca0bad0728bb66c7865c3445e1d5473	185
directory	preflight-logs/selfcheck/collector-v10-test/schema-strict_integer__reap_identity_starttime__bool/hooks	-	0
file	preflight-logs/selfcheck/collector-v10-test/schema-strict_integer__reap_identity_starttime__bool/outer-signals.json	4fb60ad7e50f3d3e74be335a9587702917d201cd33bc8e170399e8741bb33273	199
directory	preflight-logs/selfcheck/collector-v10-test/schema-strict_integer__reap_identity_starttime__bool/raw	-	0
file	preflight-logs/selfcheck/collector-v10-test/schema-strict_integer__reap_identity_starttime__bool/raw.seal.sha256	b829860658ebb6f53ba3980c37844bb16377fca29a2fae0ead5a21c5f8188711	795
directory	preflight-logs/selfcheck/collector-v10-test/schema-strict_integer__reap_identity_starttime__bool/raw/preflight	-	0
file	preflight-logs/selfcheck/collector-v10-test/schema-strict_integer__reap_identity_starttime__bool/raw/preflight.session-ready	39feceb2eced7e3165a8f7f40852708b835f274d4ff94896baface7efca6a52d	109
file	preflight-logs/selfcheck/collector-v10-test/schema-strict_integer__reap_identity_starttime__bool/raw/preflight.session-ready.go	c2fc355f2b52e01ea670dc8b27f1c8f3a268d68b4b399a0cf91544cb975792df	3
file	preflight-logs/selfcheck/collector-v10-test/schema-strict_integer__reap_identity_starttime__bool/raw/preflight/fixture.endpoints	2eadd75476b6a4eeba05e3eacf1d3a539e6464e756c068236a5e477c1ef8769b	27
file	preflight-logs/selfcheck/collector-v10-test/schema-strict_integer__reap_identity_starttime__bool/raw/preflight/init.go	c2fc355f2b52e01ea670dc8b27f1c8f3a268d68b4b399a0cf91544cb975792df	3
file	preflight-logs/selfcheck/collector-v10-test/schema-strict_integer__reap_identity_starttime__bool/raw/preflight/init.ready	fcce5a7e838ce7dccfb11a0f7ea2b2de5a88214be1c7fe3a7c540e611f597c0a	109
file	preflight-logs/selfcheck/collector-v10-test/schema-strict_integer__reap_identity_starttime__bool/raw/stderr	e3b0c44298fc1c149afbf4c8996fb92427ae41e4649b934ca495991b7852b855	0
file	preflight-logs/selfcheck/collector-v10-test/schema-strict_integer__reap_identity_starttime__bool/raw/stdout	e3b0c44298fc1c149afbf4c8996fb92427ae41e4649b934ca495991b7852b855	0
file	preflight-logs/selfcheck/collector-v10-test/schema-strict_integer__reap_identity_starttime__bool/raw/supervisor.json	c6217f5ea8bd644f588130d57e48f531b2a6b3fe3337b3e8a4e3d16170de877f	8900
file	preflight-logs/selfcheck/collector-v10-test/schema-strict_integer__reap_identity_starttime__bool/raw/supervisor.ready	ed1a545bb85e55816bbf9566b028b2a0bc456b88f49f6f266c0401048824194b	6
directory	preflight-logs/selfcheck/collector-v10-test/schema-strict_integer__reap_identity_starttime__bool/tmp	-	0
directory	preflight-logs/selfcheck/collector-v10-test/schema-strict_integer__reap_identity_starttime__float	-	0
file	preflight-logs/selfcheck/collector-v10-test/schema-strict_integer__reap_identity_starttime__float.collector.stderr	3f42de8fa4bae15e865f63eff9f541f84a40ea1d60799ffcf5704a32e3ea3d4e	97
file	preflight-logs/selfcheck/collector-v10-test/schema-strict_integer__reap_identity_starttime__float.collector.stdout	e3b0c44298fc1c149afbf4c8996fb92427ae41e4649b934ca495991b7852b855	0
directory	preflight-logs/selfcheck/collector-v10-test/schema-strict_integer__reap_identity_starttime__float/audits	-	0
file	preflight-logs/selfcheck/collector-v10-test/schema-strict_integer__reap_identity_starttime__float/audits/final-artifacts.tsv	07da53e6ddfcfadb97242fe031bc48a6b9361ca703d69f4d1443fa879e5a6a3d	28
file	preflight-logs/selfcheck/collector-v10-test/schema-strict_integer__reap_identity_starttime__float/audits/final-endpoint.txt	4de3fd1d1eeb08dd7976b911c02a38dba961cf2c27f9341b2c79ae214af5af25	13
file	preflight-logs/selfcheck/collector-v10-test/schema-strict_integer__reap_identity_starttime__float/final-status.txt	e30b53e570222c6f5f109414cb0bdf6dce7f8be3a575a95e0c2c4988d7e5022a	841
file	preflight-logs/selfcheck/collector-v10-test/schema-strict_integer__reap_identity_starttime__float/finalization-order.txt	03ad30618a52f1f535ed2a1fe167b029cca0bad0728bb66c7865c3445e1d5473	185
directory	preflight-logs/selfcheck/collector-v10-test/schema-strict_integer__reap_identity_starttime__float/hooks	-	0
file	preflight-logs/selfcheck/collector-v10-test/schema-strict_integer__reap_identity_starttime__float/outer-signals.json	4fb60ad7e50f3d3e74be335a9587702917d201cd33bc8e170399e8741bb33273	199
directory	preflight-logs/selfcheck/collector-v10-test/schema-strict_integer__reap_identity_starttime__float/raw	-	0
file	preflight-logs/selfcheck/collector-v10-test/schema-strict_integer__reap_identity_starttime__float/raw.seal.sha256	06c669871ee9d150740021fb8e10122bf5e288eb44e334b094400f77894713bb	795
directory	preflight-logs/selfcheck/collector-v10-test/schema-strict_integer__reap_identity_starttime__float/raw/preflight	-	0
file	preflight-logs/selfcheck/collector-v10-test/schema-strict_integer__reap_identity_starttime__float/raw/preflight.session-ready	39feceb2eced7e3165a8f7f40852708b835f274d4ff94896baface7efca6a52d	109
file	preflight-logs/selfcheck/collector-v10-test/schema-strict_integer__reap_identity_starttime__float/raw/preflight.session-ready.go	c2fc355f2b52e01ea670dc8b27f1c8f3a268d68b4b399a0cf91544cb975792df	3
file	preflight-logs/selfcheck/collector-v10-test/schema-strict_integer__reap_identity_starttime__float/raw/preflight/fixture.endpoints	2eadd75476b6a4eeba05e3eacf1d3a539e6464e756c068236a5e477c1ef8769b	27
file	preflight-logs/selfcheck/collector-v10-test/schema-strict_integer__reap_identity_starttime__float/raw/preflight/init.go	c2fc355f2b52e01ea670dc8b27f1c8f3a268d68b4b399a0cf91544cb975792df	3
file	preflight-logs/selfcheck/collector-v10-test/schema-strict_integer__reap_identity_starttime__float/raw/preflight/init.ready	fcce5a7e838ce7dccfb11a0f7ea2b2de5a88214be1c7fe3a7c540e611f597c0a	109
file	preflight-logs/selfcheck/collector-v10-test/schema-strict_integer__reap_identity_starttime__float/raw/stderr	e3b0c44298fc1c149afbf4c8996fb92427ae41e4649b934ca495991b7852b855	0
file	preflight-logs/selfcheck/collector-v10-test/schema-strict_integer__reap_identity_starttime__float/raw/stdout	e3b0c44298fc1c149afbf4c8996fb92427ae41e4649b934ca495991b7852b855	0
file	preflight-logs/selfcheck/collector-v10-test/schema-strict_integer__reap_identity_starttime__float/raw/supervisor.json	c79265525d398aaddd7e3100eeccfa0c388bc975941bc6fc5de776b593874053	8914
file	preflight-logs/selfcheck/collector-v10-test/schema-strict_integer__reap_identity_starttime__float/raw/supervisor.ready	ed1a545bb85e55816bbf9566b028b2a0bc456b88f49f6f266c0401048824194b	6
directory	preflight-logs/selfcheck/collector-v10-test/schema-strict_integer__reap_identity_starttime__float/tmp	-	0
directory	preflight-logs/selfcheck/collector-v10-test/schema-strict_integer__reap_returncode__bool	-	0
file	preflight-logs/selfcheck/collector-v10-test/schema-strict_integer__reap_returncode__bool.collector.stderr	90db2d7dfbbc5492fa0f158ca2a05c134bb02c7beebc828c385f054314b75e3a	85
file	preflight-logs/selfcheck/collector-v10-test/schema-strict_integer__reap_returncode__bool.collector.stdout	e3b0c44298fc1c149afbf4c8996fb92427ae41e4649b934ca495991b7852b855	0
directory	preflight-logs/selfcheck/collector-v10-test/schema-strict_integer__reap_returncode__bool/audits	-	0
file	preflight-logs/selfcheck/collector-v10-test/schema-strict_integer__reap_returncode__bool/audits/final-artifacts.tsv	07da53e6ddfcfadb97242fe031bc48a6b9361ca703d69f4d1443fa879e5a6a3d	28
file	preflight-logs/selfcheck/collector-v10-test/schema-strict_integer__reap_returncode__bool/audits/final-endpoint.txt	4de3fd1d1eeb08dd7976b911c02a38dba961cf2c27f9341b2c79ae214af5af25	13
file	preflight-logs/selfcheck/collector-v10-test/schema-strict_integer__reap_returncode__bool/final-status.txt	21c74da632b6f2b5686e976ce68624232c3f17d9165512a8362b866de142a145	820
file	preflight-logs/selfcheck/collector-v10-test/schema-strict_integer__reap_returncode__bool/finalization-order.txt	03ad30618a52f1f535ed2a1fe167b029cca0bad0728bb66c7865c3445e1d5473	185
directory	preflight-logs/selfcheck/collector-v10-test/schema-strict_integer__reap_returncode__bool/hooks	-	0
file	preflight-logs/selfcheck/collector-v10-test/schema-strict_integer__reap_returncode__bool/outer-signals.json	4fb60ad7e50f3d3e74be335a9587702917d201cd33bc8e170399e8741bb33273	199
directory	preflight-logs/selfcheck/collector-v10-test/schema-strict_integer__reap_returncode__bool/raw	-	0
file	preflight-logs/selfcheck/collector-v10-test/schema-strict_integer__reap_returncode__bool/raw.seal.sha256	a28d3c4490be95457f5174f0fa31bddd8639e483fe1722d8bd8aa910d414f83b	795
directory	preflight-logs/selfcheck/collector-v10-test/schema-strict_integer__reap_returncode__bool/raw/preflight	-	0
file	preflight-logs/selfcheck/collector-v10-test/schema-strict_integer__reap_returncode__bool/raw/preflight.session-ready	39feceb2eced7e3165a8f7f40852708b835f274d4ff94896baface7efca6a52d	109
file	preflight-logs/selfcheck/collector-v10-test/schema-strict_integer__reap_returncode__bool/raw/preflight.session-ready.go	c2fc355f2b52e01ea670dc8b27f1c8f3a268d68b4b399a0cf91544cb975792df	3
file	preflight-logs/selfcheck/collector-v10-test/schema-strict_integer__reap_returncode__bool/raw/preflight/fixture.endpoints	2eadd75476b6a4eeba05e3eacf1d3a539e6464e756c068236a5e477c1ef8769b	27
file	preflight-logs/selfcheck/collector-v10-test/schema-strict_integer__reap_returncode__bool/raw/preflight/init.go	c2fc355f2b52e01ea670dc8b27f1c8f3a268d68b4b399a0cf91544cb975792df	3
file	preflight-logs/selfcheck/collector-v10-test/schema-strict_integer__reap_returncode__bool/raw/preflight/init.ready	fcce5a7e838ce7dccfb11a0f7ea2b2de5a88214be1c7fe3a7c540e611f597c0a	109
file	preflight-logs/selfcheck/collector-v10-test/schema-strict_integer__reap_returncode__bool/raw/stderr	e3b0c44298fc1c149afbf4c8996fb92427ae41e4649b934ca495991b7852b855	0
file	preflight-logs/selfcheck/collector-v10-test/schema-strict_integer__reap_returncode__bool/raw/stdout	e3b0c44298fc1c149afbf4c8996fb92427ae41e4649b934ca495991b7852b855	0
file	preflight-logs/selfcheck/collector-v10-test/schema-strict_integer__reap_returncode__bool/raw/supervisor.json	2acadfadf720cd95d974bd539041dbbd4e684347a020a3f8457638f07e489eca	8851
file	preflight-logs/selfcheck/collector-v10-test/schema-strict_integer__reap_returncode__bool/raw/supervisor.ready	ed1a545bb85e55816bbf9566b028b2a0bc456b88f49f6f266c0401048824194b	6
directory	preflight-logs/selfcheck/collector-v10-test/schema-strict_integer__reap_returncode__bool/tmp	-	0
directory	preflight-logs/selfcheck/collector-v10-test/schema-strict_integer__reap_returncode__float	-	0
file	preflight-logs/selfcheck/collector-v10-test/schema-strict_integer__reap_returncode__float.collector.stderr	90db2d7dfbbc5492fa0f158ca2a05c134bb02c7beebc828c385f054314b75e3a	85
file	preflight-logs/selfcheck/collector-v10-test/schema-strict_integer__reap_returncode__float.collector.stdout	e3b0c44298fc1c149afbf4c8996fb92427ae41e4649b934ca495991b7852b855	0
directory	preflight-logs/selfcheck/collector-v10-test/schema-strict_integer__reap_returncode__float/audits	-	0
file	preflight-logs/selfcheck/collector-v10-test/schema-strict_integer__reap_returncode__float/audits/final-artifacts.tsv	07da53e6ddfcfadb97242fe031bc48a6b9361ca703d69f4d1443fa879e5a6a3d	28
file	preflight-logs/selfcheck/collector-v10-test/schema-strict_integer__reap_returncode__float/audits/final-endpoint.txt	4de3fd1d1eeb08dd7976b911c02a38dba961cf2c27f9341b2c79ae214af5af25	13
file	preflight-logs/selfcheck/collector-v10-test/schema-strict_integer__reap_returncode__float/final-status.txt	d33c75651f37cb186049d035e24477d29647d1ef3a45227204c45ef3e4e0a95b	821
file	preflight-logs/selfcheck/collector-v10-test/schema-strict_integer__reap_returncode__float/finalization-order.txt	03ad30618a52f1f535ed2a1fe167b029cca0bad0728bb66c7865c3445e1d5473	185
directory	preflight-logs/selfcheck/collector-v10-test/schema-strict_integer__reap_returncode__float/hooks	-	0
file	preflight-logs/selfcheck/collector-v10-test/schema-strict_integer__reap_returncode__float/outer-signals.json	4fb60ad7e50f3d3e74be335a9587702917d201cd33bc8e170399e8741bb33273	199
directory	preflight-logs/selfcheck/collector-v10-test/schema-strict_integer__reap_returncode__float/raw	-	0
file	preflight-logs/selfcheck/collector-v10-test/schema-strict_integer__reap_returncode__float/raw.seal.sha256	8963289628080eaf3433de685c9d10bec7004a9782b9d8cd0eec04d06b35a690	795
directory	preflight-logs/selfcheck/collector-v10-test/schema-strict_integer__reap_returncode__float/raw/preflight	-	0
file	preflight-logs/selfcheck/collector-v10-test/schema-strict_integer__reap_returncode__float/raw/preflight.session-ready	39feceb2eced7e3165a8f7f40852708b835f274d4ff94896baface7efca6a52d	109
file	preflight-logs/selfcheck/collector-v10-test/schema-strict_integer__reap_returncode__float/raw/preflight.session-ready.go	c2fc355f2b52e01ea670dc8b27f1c8f3a268d68b4b399a0cf91544cb975792df	3
file	preflight-logs/selfcheck/collector-v10-test/schema-strict_integer__reap_returncode__float/raw/preflight/fixture.endpoints	2eadd75476b6a4eeba05e3eacf1d3a539e6464e756c068236a5e477c1ef8769b	27
file	preflight-logs/selfcheck/collector-v10-test/schema-strict_integer__reap_returncode__float/raw/preflight/init.go	c2fc355f2b52e01ea670dc8b27f1c8f3a268d68b4b399a0cf91544cb975792df	3
file	preflight-logs/selfcheck/collector-v10-test/schema-strict_integer__reap_returncode__float/raw/preflight/init.ready	fcce5a7e838ce7dccfb11a0f7ea2b2de5a88214be1c7fe3a7c540e611f597c0a	109
file	preflight-logs/selfcheck/collector-v10-test/schema-strict_integer__reap_returncode__float/raw/stderr	e3b0c44298fc1c149afbf4c8996fb92427ae41e4649b934ca495991b7852b855	0
file	preflight-logs/selfcheck/collector-v10-test/schema-strict_integer__reap_returncode__float/raw/stdout	e3b0c44298fc1c149afbf4c8996fb92427ae41e4649b934ca495991b7852b855	0
file	preflight-logs/selfcheck/collector-v10-test/schema-strict_integer__reap_returncode__float/raw/supervisor.json	a232731e642cc93353c4ec7848a4485646cacb73f36f788fc9eaca4101db148f	8858
file	preflight-logs/selfcheck/collector-v10-test/schema-strict_integer__reap_returncode__float/raw/supervisor.ready	ed1a545bb85e55816bbf9566b028b2a0bc456b88f49f6f266c0401048824194b	6
directory	preflight-logs/selfcheck/collector-v10-test/schema-strict_integer__reap_returncode__float/tmp	-	0
directory	preflight-logs/selfcheck/collector-v10-test/schema-strict_integer__requested_outer_status__bool	-	0
file	preflight-logs/selfcheck/collector-v10-test/schema-strict_integer__requested_outer_status__bool.collector.stderr	df14d32d344611d0ca08ca75a8866450508d8e41905a793c973e5c8cb81d1335	92
file	preflight-logs/selfcheck/collector-v10-test/schema-strict_integer__requested_outer_status__bool.collector.stdout	e3b0c44298fc1c149afbf4c8996fb92427ae41e4649b934ca495991b7852b855	0
directory	preflight-logs/selfcheck/collector-v10-test/schema-strict_integer__requested_outer_status__bool/audits	-	0
file	preflight-logs/selfcheck/collector-v10-test/schema-strict_integer__requested_outer_status__bool/audits/final-artifacts.tsv	07da53e6ddfcfadb97242fe031bc48a6b9361ca703d69f4d1443fa879e5a6a3d	28
file	preflight-logs/selfcheck/collector-v10-test/schema-strict_integer__requested_outer_status__bool/audits/final-endpoint.txt	4de3fd1d1eeb08dd7976b911c02a38dba961cf2c27f9341b2c79ae214af5af25	13
file	preflight-logs/selfcheck/collector-v10-test/schema-strict_integer__requested_outer_status__bool/final-status.txt	c4babfe5d9435550e6fac358038f6a1963f57d15b8f819861e16bcf0d0c0bee8	834
file	preflight-logs/selfcheck/collector-v10-test/schema-strict_integer__requested_outer_status__bool/finalization-order.txt	03ad30618a52f1f535ed2a1fe167b029cca0bad0728bb66c7865c3445e1d5473	185
directory	preflight-logs/selfcheck/collector-v10-test/schema-strict_integer__requested_outer_status__bool/hooks	-	0
file	preflight-logs/selfcheck/collector-v10-test/schema-strict_integer__requested_outer_status__bool/outer-signals.json	4fb60ad7e50f3d3e74be335a9587702917d201cd33bc8e170399e8741bb33273	199
directory	preflight-logs/selfcheck/collector-v10-test/schema-strict_integer__requested_outer_status__bool/raw	-	0
file	preflight-logs/selfcheck/collector-v10-test/schema-strict_integer__requested_outer_status__bool/raw.seal.sha256	e40a4ae3f40ab6ca61825f6542c9a4186321c8187fc97b27af5bca007440c656	795
directory	preflight-logs/selfcheck/collector-v10-test/schema-strict_integer__requested_outer_status__bool/raw/preflight	-	0
file	preflight-logs/selfcheck/collector-v10-test/schema-strict_integer__requested_outer_status__bool/raw/preflight.session-ready	39feceb2eced7e3165a8f7f40852708b835f274d4ff94896baface7efca6a52d	109
file	preflight-logs/selfcheck/collector-v10-test/schema-strict_integer__requested_outer_status__bool/raw/preflight.session-ready.go	c2fc355f2b52e01ea670dc8b27f1c8f3a268d68b4b399a0cf91544cb975792df	3
file	preflight-logs/selfcheck/collector-v10-test/schema-strict_integer__requested_outer_status__bool/raw/preflight/fixture.endpoints	2eadd75476b6a4eeba05e3eacf1d3a539e6464e756c068236a5e477c1ef8769b	27
file	preflight-logs/selfcheck/collector-v10-test/schema-strict_integer__requested_outer_status__bool/raw/preflight/init.go	c2fc355f2b52e01ea670dc8b27f1c8f3a268d68b4b399a0cf91544cb975792df	3
file	preflight-logs/selfcheck/collector-v10-test/schema-strict_integer__requested_outer_status__bool/raw/preflight/init.ready	fcce5a7e838ce7dccfb11a0f7ea2b2de5a88214be1c7fe3a7c540e611f597c0a	109
file	preflight-logs/selfcheck/collector-v10-test/schema-strict_integer__requested_outer_status__bool/raw/stderr	e3b0c44298fc1c149afbf4c8996fb92427ae41e4649b934ca495991b7852b855	0
file	preflight-logs/selfcheck/collector-v10-test/schema-strict_integer__requested_outer_status__bool/raw/stdout	e3b0c44298fc1c149afbf4c8996fb92427ae41e4649b934ca495991b7852b855	0
file	preflight-logs/selfcheck/collector-v10-test/schema-strict_integer__requested_outer_status__bool/raw/supervisor.json	2035e530c426c70c5914b0b6fab29f205b6cc5acf752d7f7fee5275c0b2945c1	9024
file	preflight-logs/selfcheck/collector-v10-test/schema-strict_integer__requested_outer_status__bool/raw/supervisor.ready	ed1a545bb85e55816bbf9566b028b2a0bc456b88f49f6f266c0401048824194b	6
directory	preflight-logs/selfcheck/collector-v10-test/schema-strict_integer__requested_outer_status__bool/tmp	-	0
directory	preflight-logs/selfcheck/collector-v10-test/schema-strict_integer__requested_outer_status__float	-	0
file	preflight-logs/selfcheck/collector-v10-test/schema-strict_integer__requested_outer_status__float.collector.stderr	df14d32d344611d0ca08ca75a8866450508d8e41905a793c973e5c8cb81d1335	92
file	preflight-logs/selfcheck/collector-v10-test/schema-strict_integer__requested_outer_status__float.collector.stdout	e3b0c44298fc1c149afbf4c8996fb92427ae41e4649b934ca495991b7852b855	0
directory	preflight-logs/selfcheck/collector-v10-test/schema-strict_integer__requested_outer_status__float/audits	-	0
file	preflight-logs/selfcheck/collector-v10-test/schema-strict_integer__requested_outer_status__float/audits/final-artifacts.tsv	07da53e6ddfcfadb97242fe031bc48a6b9361ca703d69f4d1443fa879e5a6a3d	28
file	preflight-logs/selfcheck/collector-v10-test/schema-strict_integer__requested_outer_status__float/audits/final-endpoint.txt	4de3fd1d1eeb08dd7976b911c02a38dba961cf2c27f9341b2c79ae214af5af25	13
file	preflight-logs/selfcheck/collector-v10-test/schema-strict_integer__requested_outer_status__float/final-status.txt	9c3272edb8beb67fa1d76197ab687e518187309ba33c05fdaefb9c25f4f26961	835
file	preflight-logs/selfcheck/collector-v10-test/schema-strict_integer__requested_outer_status__float/finalization-order.txt	03ad30618a52f1f535ed2a1fe167b029cca0bad0728bb66c7865c3445e1d5473	185
directory	preflight-logs/selfcheck/collector-v10-test/schema-strict_integer__requested_outer_status__float/hooks	-	0
file	preflight-logs/selfcheck/collector-v10-test/schema-strict_integer__requested_outer_status__float/outer-signals.json	4fb60ad7e50f3d3e74be335a9587702917d201cd33bc8e170399e8741bb33273	199
directory	preflight-logs/selfcheck/collector-v10-test/schema-strict_integer__requested_outer_status__float/raw	-	0
file	preflight-logs/selfcheck/collector-v10-test/schema-strict_integer__requested_outer_status__float/raw.seal.sha256	cfd5c215d9be7e2841b222aa03634ca681b84328d151db6ff829dbe533b2e5ac	795
directory	preflight-logs/selfcheck/collector-v10-test/schema-strict_integer__requested_outer_status__float/raw/preflight	-	0
file	preflight-logs/selfcheck/collector-v10-test/schema-strict_integer__requested_outer_status__float/raw/preflight.session-ready	39feceb2eced7e3165a8f7f40852708b835f274d4ff94896baface7efca6a52d	109
file	preflight-logs/selfcheck/collector-v10-test/schema-strict_integer__requested_outer_status__float/raw/preflight.session-ready.go	c2fc355f2b52e01ea670dc8b27f1c8f3a268d68b4b399a0cf91544cb975792df	3
file	preflight-logs/selfcheck/collector-v10-test/schema-strict_integer__requested_outer_status__float/raw/preflight/fixture.endpoints	2eadd75476b6a4eeba05e3eacf1d3a539e6464e756c068236a5e477c1ef8769b	27
file	preflight-logs/selfcheck/collector-v10-test/schema-strict_integer__requested_outer_status__float/raw/preflight/init.go	c2fc355f2b52e01ea670dc8b27f1c8f3a268d68b4b399a0cf91544cb975792df	3
file	preflight-logs/selfcheck/collector-v10-test/schema-strict_integer__requested_outer_status__float/raw/preflight/init.ready	fcce5a7e838ce7dccfb11a0f7ea2b2de5a88214be1c7fe3a7c540e611f597c0a	109
file	preflight-logs/selfcheck/collector-v10-test/schema-strict_integer__requested_outer_status__float/raw/stderr	e3b0c44298fc1c149afbf4c8996fb92427ae41e4649b934ca495991b7852b855	0
file	preflight-logs/selfcheck/collector-v10-test/schema-strict_integer__requested_outer_status__float/raw/stdout	e3b0c44298fc1c149afbf4c8996fb92427ae41e4649b934ca495991b7852b855	0
file	preflight-logs/selfcheck/collector-v10-test/schema-strict_integer__requested_outer_status__float/raw/supervisor.json	3eba8defe6c068947b26d5c7538bcc620dbcaf7dd72d10e2e569996770d30b45	9032
file	preflight-logs/selfcheck/collector-v10-test/schema-strict_integer__requested_outer_status__float/raw/supervisor.ready	ed1a545bb85e55816bbf9566b028b2a0bc456b88f49f6f266c0401048824194b	6
directory	preflight-logs/selfcheck/collector-v10-test/schema-strict_integer__requested_outer_status__float/tmp	-	0
directory	preflight-logs/selfcheck/collector-v10-test/schema-strict_integer__requested_signal_requested_status__bool	-	0
file	preflight-logs/selfcheck/collector-v10-test/schema-strict_integer__requested_signal_requested_status__bool.collector.stderr	af42b899175a9feb8ff88381b939d3b1c24ff96373f89c5557c88d622d5583d0	93
file	preflight-logs/selfcheck/collector-v10-test/schema-strict_integer__requested_signal_requested_status__bool.collector.stdout	e3b0c44298fc1c149afbf4c8996fb92427ae41e4649b934ca495991b7852b855	0
directory	preflight-logs/selfcheck/collector-v10-test/schema-strict_integer__requested_signal_requested_status__bool/audits	-	0
file	preflight-logs/selfcheck/collector-v10-test/schema-strict_integer__requested_signal_requested_status__bool/audits/final-artifacts.tsv	07da53e6ddfcfadb97242fe031bc48a6b9361ca703d69f4d1443fa879e5a6a3d	28
file	preflight-logs/selfcheck/collector-v10-test/schema-strict_integer__requested_signal_requested_status__bool/audits/final-endpoint.txt	4de3fd1d1eeb08dd7976b911c02a38dba961cf2c27f9341b2c79ae214af5af25	13
file	preflight-logs/selfcheck/collector-v10-test/schema-strict_integer__requested_signal_requested_status__bool/final-status.txt	9a04b2575f3a2a8d2cafec29b907183c54df6c997e88a4a69ab7cc1b9817a2ce	846
file	preflight-logs/selfcheck/collector-v10-test/schema-strict_integer__requested_signal_requested_status__bool/finalization-order.txt	03ad30618a52f1f535ed2a1fe167b029cca0bad0728bb66c7865c3445e1d5473	185
directory	preflight-logs/selfcheck/collector-v10-test/schema-strict_integer__requested_signal_requested_status__bool/hooks	-	0
file	preflight-logs/selfcheck/collector-v10-test/schema-strict_integer__requested_signal_requested_status__bool/outer-signals.json	4fb60ad7e50f3d3e74be335a9587702917d201cd33bc8e170399e8741bb33273	199
directory	preflight-logs/selfcheck/collector-v10-test/schema-strict_integer__requested_signal_requested_status__bool/raw	-	0
file	preflight-logs/selfcheck/collector-v10-test/schema-strict_integer__requested_signal_requested_status__bool/raw.seal.sha256	9792533178f955a837fc163ea18ceb2f6b2692fe5b2ea0f06fdac583c1383098	795
directory	preflight-logs/selfcheck/collector-v10-test/schema-strict_integer__requested_signal_requested_status__bool/raw/preflight	-	0
file	preflight-logs/selfcheck/collector-v10-test/schema-strict_integer__requested_signal_requested_status__bool/raw/preflight.session-ready	39feceb2eced7e3165a8f7f40852708b835f274d4ff94896baface7efca6a52d	109
file	preflight-logs/selfcheck/collector-v10-test/schema-strict_integer__requested_signal_requested_status__bool/raw/preflight.session-ready.go	c2fc355f2b52e01ea670dc8b27f1c8f3a268d68b4b399a0cf91544cb975792df	3
file	preflight-logs/selfcheck/collector-v10-test/schema-strict_integer__requested_signal_requested_status__bool/raw/preflight/fixture.endpoints	2eadd75476b6a4eeba05e3eacf1d3a539e6464e756c068236a5e477c1ef8769b	27
file	preflight-logs/selfcheck/collector-v10-test/schema-strict_integer__requested_signal_requested_status__bool/raw/preflight/init.go	c2fc355f2b52e01ea670dc8b27f1c8f3a268d68b4b399a0cf91544cb975792df	3
file	preflight-logs/selfcheck/collector-v10-test/schema-strict_integer__requested_signal_requested_status__bool/raw/preflight/init.ready	fcce5a7e838ce7dccfb11a0f7ea2b2de5a88214be1c7fe3a7c540e611f597c0a	109
file	preflight-logs/selfcheck/collector-v10-test/schema-strict_integer__requested_signal_requested_status__bool/raw/stderr	e3b0c44298fc1c149afbf4c8996fb92427ae41e4649b934ca495991b7852b855	0
file	preflight-logs/selfcheck/collector-v10-test/schema-strict_integer__requested_signal_requested_status__bool/raw/stdout	e3b0c44298fc1c149afbf4c8996fb92427ae41e4649b934ca495991b7852b855	0
file	preflight-logs/selfcheck/collector-v10-test/schema-strict_integer__requested_signal_requested_status__bool/raw/supervisor.json	577a56d817a08550c24df58dfc2ef28207325b02eecc8258b9b65c17c4a1fbac	9099
file	preflight-logs/selfcheck/collector-v10-test/schema-strict_integer__requested_signal_requested_status__bool/raw/supervisor.ready	ed1a545bb85e55816bbf9566b028b2a0bc456b88f49f6f266c0401048824194b	6
directory	preflight-logs/selfcheck/collector-v10-test/schema-strict_integer__requested_signal_requested_status__bool/tmp	-	0
directory	preflight-logs/selfcheck/collector-v10-test/schema-strict_integer__requested_signal_requested_status__float	-	0
file	preflight-logs/selfcheck/collector-v10-test/schema-strict_integer__requested_signal_requested_status__float.collector.stderr	af42b899175a9feb8ff88381b939d3b1c24ff96373f89c5557c88d622d5583d0	93
file	preflight-logs/selfcheck/collector-v10-test/schema-strict_integer__requested_signal_requested_status__float.collector.stdout	e3b0c44298fc1c149afbf4c8996fb92427ae41e4649b934ca495991b7852b855	0
directory	preflight-logs/selfcheck/collector-v10-test/schema-strict_integer__requested_signal_requested_status__float/audits	-	0
file	preflight-logs/selfcheck/collector-v10-test/schema-strict_integer__requested_signal_requested_status__float/audits/final-artifacts.tsv	07da53e6ddfcfadb97242fe031bc48a6b9361ca703d69f4d1443fa879e5a6a3d	28
file	preflight-logs/selfcheck/collector-v10-test/schema-strict_integer__requested_signal_requested_status__float/audits/final-endpoint.txt	4de3fd1d1eeb08dd7976b911c02a38dba961cf2c27f9341b2c79ae214af5af25	13
file	preflight-logs/selfcheck/collector-v10-test/schema-strict_integer__requested_signal_requested_status__float/final-status.txt	1c7418256130fcf834ae87eabd9b198b9dd47112ea2aa64d72f62d1240d7555a	847
file	preflight-logs/selfcheck/collector-v10-test/schema-strict_integer__requested_signal_requested_status__float/finalization-order.txt	03ad30618a52f1f535ed2a1fe167b029cca0bad0728bb66c7865c3445e1d5473	185
directory	preflight-logs/selfcheck/collector-v10-test/schema-strict_integer__requested_signal_requested_status__float/hooks	-	0
file	preflight-logs/selfcheck/collector-v10-test/schema-strict_integer__requested_signal_requested_status__float/outer-signals.json	4fb60ad7e50f3d3e74be335a9587702917d201cd33bc8e170399e8741bb33273	199
directory	preflight-logs/selfcheck/collector-v10-test/schema-strict_integer__requested_signal_requested_status__float/raw	-	0
file	preflight-logs/selfcheck/collector-v10-test/schema-strict_integer__requested_signal_requested_status__float/raw.seal.sha256	02c2d8ce19304c027800d3717abb4b956d77a5cdaec1681490b5d7aa648857d5	795
directory	preflight-logs/selfcheck/collector-v10-test/schema-strict_integer__requested_signal_requested_status__float/raw/preflight	-	0
file	preflight-logs/selfcheck/collector-v10-test/schema-strict_integer__requested_signal_requested_status__float/raw/preflight.session-ready	39feceb2eced7e3165a8f7f40852708b835f274d4ff94896baface7efca6a52d	109
file	preflight-logs/selfcheck/collector-v10-test/schema-strict_integer__requested_signal_requested_status__float/raw/preflight.session-ready.go	c2fc355f2b52e01ea670dc8b27f1c8f3a268d68b4b399a0cf91544cb975792df	3
file	preflight-logs/selfcheck/collector-v10-test/schema-strict_integer__requested_signal_requested_status__float/raw/preflight/fixture.endpoints	2eadd75476b6a4eeba05e3eacf1d3a539e6464e756c068236a5e477c1ef8769b	27
file	preflight-logs/selfcheck/collector-v10-test/schema-strict_integer__requested_signal_requested_status__float/raw/preflight/init.go	c2fc355f2b52e01ea670dc8b27f1c8f3a268d68b4b399a0cf91544cb975792df	3
file	preflight-logs/selfcheck/collector-v10-test/schema-strict_integer__requested_signal_requested_status__float/raw/preflight/init.ready	fcce5a7e838ce7dccfb11a0f7ea2b2de5a88214be1c7fe3a7c540e611f597c0a	109
file	preflight-logs/selfcheck/collector-v10-test/schema-strict_integer__requested_signal_requested_status__float/raw/stderr	e3b0c44298fc1c149afbf4c8996fb92427ae41e4649b934ca495991b7852b855	0
file	preflight-logs/selfcheck/collector-v10-test/schema-strict_integer__requested_signal_requested_status__float/raw/stdout	e3b0c44298fc1c149afbf4c8996fb92427ae41e4649b934ca495991b7852b855	0
file	preflight-logs/selfcheck/collector-v10-test/schema-strict_integer__requested_signal_requested_status__float/raw/supervisor.json	6dfb14644381a9a3619d4dd02db8280e079e55cee89dc7bcaf3d145ac1362972	9109
file	preflight-logs/selfcheck/collector-v10-test/schema-strict_integer__requested_signal_requested_status__float/raw/supervisor.ready	ed1a545bb85e55816bbf9566b028b2a0bc456b88f49f6f266c0401048824194b	6
directory	preflight-logs/selfcheck/collector-v10-test/schema-strict_integer__requested_signal_requested_status__float/tmp	-	0
directory	preflight-logs/selfcheck/collector-v10-test/schema-strict_integer__requested_signal_sequence__bool	-	0
file	preflight-logs/selfcheck/collector-v10-test/schema-strict_integer__requested_signal_sequence__bool.collector.stderr	db3e2dcf5f41aedbb8648499471177901624f630c14411e59b5a2309341133a1	95
file	preflight-logs/selfcheck/collector-v10-test/schema-strict_integer__requested_signal_sequence__bool.collector.stdout	e3b0c44298fc1c149afbf4c8996fb92427ae41e4649b934ca495991b7852b855	0
directory	preflight-logs/selfcheck/collector-v10-test/schema-strict_integer__requested_signal_sequence__bool/audits	-	0
file	preflight-logs/selfcheck/collector-v10-test/schema-strict_integer__requested_signal_sequence__bool/audits/final-artifacts.tsv	07da53e6ddfcfadb97242fe031bc48a6b9361ca703d69f4d1443fa879e5a6a3d	28
file	preflight-logs/selfcheck/collector-v10-test/schema-strict_integer__requested_signal_sequence__bool/audits/final-endpoint.txt	4de3fd1d1eeb08dd7976b911c02a38dba961cf2c27f9341b2c79ae214af5af25	13
file	preflight-logs/selfcheck/collector-v10-test/schema-strict_integer__requested_signal_sequence__bool/final-status.txt	5299f75e15e0aeedaf413d405f7a0587e66bd8f15d80b9e2362aeff5d2544638	840
file	preflight-logs/selfcheck/collector-v10-test/schema-strict_integer__requested_signal_sequence__bool/finalization-order.txt	03ad30618a52f1f535ed2a1fe167b029cca0bad0728bb66c7865c3445e1d5473	185
directory	preflight-logs/selfcheck/collector-v10-test/schema-strict_integer__requested_signal_sequence__bool/hooks	-	0
file	preflight-logs/selfcheck/collector-v10-test/schema-strict_integer__requested_signal_sequence__bool/outer-signals.json	4fb60ad7e50f3d3e74be335a9587702917d201cd33bc8e170399e8741bb33273	199
directory	preflight-logs/selfcheck/collector-v10-test/schema-strict_integer__requested_signal_sequence__bool/raw	-	0
file	preflight-logs/selfcheck/collector-v10-test/schema-strict_integer__requested_signal_sequence__bool/raw.seal.sha256	6577768c9ce07cb7055243e7238b2cf2ddcb4b346c78105b3f3bcc711ef38638	795
directory	preflight-logs/selfcheck/collector-v10-test/schema-strict_integer__requested_signal_sequence__bool/raw/preflight	-	0
file	preflight-logs/selfcheck/collector-v10-test/schema-strict_integer__requested_signal_sequence__bool/raw/preflight.session-ready	39feceb2eced7e3165a8f7f40852708b835f274d4ff94896baface7efca6a52d	109
file	preflight-logs/selfcheck/collector-v10-test/schema-strict_integer__requested_signal_sequence__bool/raw/preflight.session-ready.go	c2fc355f2b52e01ea670dc8b27f1c8f3a268d68b4b399a0cf91544cb975792df	3
file	preflight-logs/selfcheck/collector-v10-test/schema-strict_integer__requested_signal_sequence__bool/raw/preflight/fixture.endpoints	2eadd75476b6a4eeba05e3eacf1d3a539e6464e756c068236a5e477c1ef8769b	27
file	preflight-logs/selfcheck/collector-v10-test/schema-strict_integer__requested_signal_sequence__bool/raw/preflight/init.go	c2fc355f2b52e01ea670dc8b27f1c8f3a268d68b4b399a0cf91544cb975792df	3
file	preflight-logs/selfcheck/collector-v10-test/schema-strict_integer__requested_signal_sequence__bool/raw/preflight/init.ready	fcce5a7e838ce7dccfb11a0f7ea2b2de5a88214be1c7fe3a7c540e611f597c0a	109
file	preflight-logs/selfcheck/collector-v10-test/schema-strict_integer__requested_signal_sequence__bool/raw/stderr	e3b0c44298fc1c149afbf4c8996fb92427ae41e4649b934ca495991b7852b855	0
file	preflight-logs/selfcheck/collector-v10-test/schema-strict_integer__requested_signal_sequence__bool/raw/stdout	e3b0c44298fc1c149afbf4c8996fb92427ae41e4649b934ca495991b7852b855	0
file	preflight-logs/selfcheck/collector-v10-test/schema-strict_integer__requested_signal_sequence__bool/raw/supervisor.json	b0ef2c7b696796c9881d8f1949cd10783f230b81cc29f70119079df4c556c695	9047
file	preflight-logs/selfcheck/collector-v10-test/schema-strict_integer__requested_signal_sequence__bool/raw/supervisor.ready	ed1a545bb85e55816bbf9566b028b2a0bc456b88f49f6f266c0401048824194b	6
directory	preflight-logs/selfcheck/collector-v10-test/schema-strict_integer__requested_signal_sequence__bool/tmp	-	0
directory	preflight-logs/selfcheck/collector-v10-test/schema-strict_integer__requested_signal_sequence__float	-	0
file	preflight-logs/selfcheck/collector-v10-test/schema-strict_integer__requested_signal_sequence__float.collector.stderr	db3e2dcf5f41aedbb8648499471177901624f630c14411e59b5a2309341133a1	95
file	preflight-logs/selfcheck/collector-v10-test/schema-strict_integer__requested_signal_sequence__float.collector.stdout	e3b0c44298fc1c149afbf4c8996fb92427ae41e4649b934ca495991b7852b855	0
directory	preflight-logs/selfcheck/collector-v10-test/schema-strict_integer__requested_signal_sequence__float/audits	-	0
file	preflight-logs/selfcheck/collector-v10-test/schema-strict_integer__requested_signal_sequence__float/audits/final-artifacts.tsv	07da53e6ddfcfadb97242fe031bc48a6b9361ca703d69f4d1443fa879e5a6a3d	28
file	preflight-logs/selfcheck/collector-v10-test/schema-strict_integer__requested_signal_sequence__float/audits/final-endpoint.txt	4de3fd1d1eeb08dd7976b911c02a38dba961cf2c27f9341b2c79ae214af5af25	13
file	preflight-logs/selfcheck/collector-v10-test/schema-strict_integer__requested_signal_sequence__float/final-status.txt	4f5f18706a1ca8fbea1b8ec80e90d1f7dcd1ac3c4ef669beac79b13621596074	841
file	preflight-logs/selfcheck/collector-v10-test/schema-strict_integer__requested_signal_sequence__float/finalization-order.txt	03ad30618a52f1f535ed2a1fe167b029cca0bad0728bb66c7865c3445e1d5473	185
directory	preflight-logs/selfcheck/collector-v10-test/schema-strict_integer__requested_signal_sequence__float/hooks	-	0
file	preflight-logs/selfcheck/collector-v10-test/schema-strict_integer__requested_signal_sequence__float/outer-signals.json	4fb60ad7e50f3d3e74be335a9587702917d201cd33bc8e170399e8741bb33273	199
directory	preflight-logs/selfcheck/collector-v10-test/schema-strict_integer__requested_signal_sequence__float/raw	-	0
file	preflight-logs/selfcheck/collector-v10-test/schema-strict_integer__requested_signal_sequence__float/raw.seal.sha256	0e971e47551bb2e259bda77000b56edc1b3b38970f334e920ef5c461d98620a5	795
directory	preflight-logs/selfcheck/collector-v10-test/schema-strict_integer__requested_signal_sequence__float/raw/preflight	-	0
file	preflight-logs/selfcheck/collector-v10-test/schema-strict_integer__requested_signal_sequence__float/raw/preflight.session-ready	39feceb2eced7e3165a8f7f40852708b835f274d4ff94896baface7efca6a52d	109
file	preflight-logs/selfcheck/collector-v10-test/schema-strict_integer__requested_signal_sequence__float/raw/preflight.session-ready.go	c2fc355f2b52e01ea670dc8b27f1c8f3a268d68b4b399a0cf91544cb975792df	3
file	preflight-logs/selfcheck/collector-v10-test/schema-strict_integer__requested_signal_sequence__float/raw/preflight/fixture.endpoints	2eadd75476b6a4eeba05e3eacf1d3a539e6464e756c068236a5e477c1ef8769b	27
file	preflight-logs/selfcheck/collector-v10-test/schema-strict_integer__requested_signal_sequence__float/raw/preflight/init.go	c2fc355f2b52e01ea670dc8b27f1c8f3a268d68b4b399a0cf91544cb975792df	3
file	preflight-logs/selfcheck/collector-v10-test/schema-strict_integer__requested_signal_sequence__float/raw/preflight/init.ready	fcce5a7e838ce7dccfb11a0f7ea2b2de5a88214be1c7fe3a7c540e611f597c0a	109
file	preflight-logs/selfcheck/collector-v10-test/schema-strict_integer__requested_signal_sequence__float/raw/stderr	e3b0c44298fc1c149afbf4c8996fb92427ae41e4649b934ca495991b7852b855	0
file	preflight-logs/selfcheck/collector-v10-test/schema-strict_integer__requested_signal_sequence__float/raw/stdout	e3b0c44298fc1c149afbf4c8996fb92427ae41e4649b934ca495991b7852b855	0
file	preflight-logs/selfcheck/collector-v10-test/schema-strict_integer__requested_signal_sequence__float/raw/supervisor.json	3214bb0c7f5883d106ed940988318c148fb004891117d9304bd863e45ab9f211	9053
file	preflight-logs/selfcheck/collector-v10-test/schema-strict_integer__requested_signal_sequence__float/raw/supervisor.ready	ed1a545bb85e55816bbf9566b028b2a0bc456b88f49f6f266c0401048824194b	6
directory	preflight-logs/selfcheck/collector-v10-test/schema-strict_integer__requested_signal_sequence__float/tmp	-	0
directory	preflight-logs/selfcheck/collector-v10-test/schema-strict_integer__requested_signal_signal_number__bool	-	0
file	preflight-logs/selfcheck/collector-v10-test/schema-strict_integer__requested_signal_signal_number__bool.collector.stderr	28838653ace6a4ab0878401d360ab65f3d938472f2b33445b8e1c621105b9200	93
file	preflight-logs/selfcheck/collector-v10-test/schema-strict_integer__requested_signal_signal_number__bool.collector.stdout	e3b0c44298fc1c149afbf4c8996fb92427ae41e4649b934ca495991b7852b855	0
directory	preflight-logs/selfcheck/collector-v10-test/schema-strict_integer__requested_signal_signal_number__bool/audits	-	0
file	preflight-logs/selfcheck/collector-v10-test/schema-strict_integer__requested_signal_signal_number__bool/audits/final-artifacts.tsv	07da53e6ddfcfadb97242fe031bc48a6b9361ca703d69f4d1443fa879e5a6a3d	28
file	preflight-logs/selfcheck/collector-v10-test/schema-strict_integer__requested_signal_signal_number__bool/audits/final-endpoint.txt	4de3fd1d1eeb08dd7976b911c02a38dba961cf2c27f9341b2c79ae214af5af25	13
file	preflight-logs/selfcheck/collector-v10-test/schema-strict_integer__requested_signal_signal_number__bool/final-status.txt	19d35b28493635e4659abb02e9ec440944656c3e6856e6b1897d47a9824e3c9a	843
file	preflight-logs/selfcheck/collector-v10-test/schema-strict_integer__requested_signal_signal_number__bool/finalization-order.txt	03ad30618a52f1f535ed2a1fe167b029cca0bad0728bb66c7865c3445e1d5473	185
directory	preflight-logs/selfcheck/collector-v10-test/schema-strict_integer__requested_signal_signal_number__bool/hooks	-	0
file	preflight-logs/selfcheck/collector-v10-test/schema-strict_integer__requested_signal_signal_number__bool/outer-signals.json	4fb60ad7e50f3d3e74be335a9587702917d201cd33bc8e170399e8741bb33273	199
directory	preflight-logs/selfcheck/collector-v10-test/schema-strict_integer__requested_signal_signal_number__bool/raw	-	0
file	preflight-logs/selfcheck/collector-v10-test/schema-strict_integer__requested_signal_signal_number__bool/raw.seal.sha256	5add8941a54ad70be3d15ef7f3b87267f5e133a44928f2dccd22bfcb85e0ab90	795
directory	preflight-logs/selfcheck/collector-v10-test/schema-strict_integer__requested_signal_signal_number__bool/raw/preflight	-	0
file	preflight-logs/selfcheck/collector-v10-test/schema-strict_integer__requested_signal_signal_number__bool/raw/preflight.session-ready	39feceb2eced7e3165a8f7f40852708b835f274d4ff94896baface7efca6a52d	109
file	preflight-logs/selfcheck/collector-v10-test/schema-strict_integer__requested_signal_signal_number__bool/raw/preflight.session-ready.go	c2fc355f2b52e01ea670dc8b27f1c8f3a268d68b4b399a0cf91544cb975792df	3
file	preflight-logs/selfcheck/collector-v10-test/schema-strict_integer__requested_signal_signal_number__bool/raw/preflight/fixture.endpoints	2eadd75476b6a4eeba05e3eacf1d3a539e6464e756c068236a5e477c1ef8769b	27
file	preflight-logs/selfcheck/collector-v10-test/schema-strict_integer__requested_signal_signal_number__bool/raw/preflight/init.go	c2fc355f2b52e01ea670dc8b27f1c8f3a268d68b4b399a0cf91544cb975792df	3
file	preflight-logs/selfcheck/collector-v10-test/schema-strict_integer__requested_signal_signal_number__bool/raw/preflight/init.ready	fcce5a7e838ce7dccfb11a0f7ea2b2de5a88214be1c7fe3a7c540e611f597c0a	109
file	preflight-logs/selfcheck/collector-v10-test/schema-strict_integer__requested_signal_signal_number__bool/raw/stderr	e3b0c44298fc1c149afbf4c8996fb92427ae41e4649b934ca495991b7852b855	0
file	preflight-logs/selfcheck/collector-v10-test/schema-strict_integer__requested_signal_signal_number__bool/raw/stdout	e3b0c44298fc1c149afbf4c8996fb92427ae41e4649b934ca495991b7852b855	0
file	preflight-logs/selfcheck/collector-v10-test/schema-strict_integer__requested_signal_signal_number__bool/raw/supervisor.json	242ae4e0a68c1f4274593eac76926fcfa6952030e89712fce1485fa27c3971dd	9082
file	preflight-logs/selfcheck/collector-v10-test/schema-strict_integer__requested_signal_signal_number__bool/raw/supervisor.ready	ed1a545bb85e55816bbf9566b028b2a0bc456b88f49f6f266c0401048824194b	6
directory	preflight-logs/selfcheck/collector-v10-test/schema-strict_integer__requested_signal_signal_number__bool/tmp	-	0
directory	preflight-logs/selfcheck/collector-v10-test/schema-strict_integer__requested_signal_signal_number__float	-	0
file	preflight-logs/selfcheck/collector-v10-test/schema-strict_integer__requested_signal_signal_number__float.collector.stderr	28838653ace6a4ab0878401d360ab65f3d938472f2b33445b8e1c621105b9200	93
file	preflight-logs/selfcheck/collector-v10-test/schema-strict_integer__requested_signal_signal_number__float.collector.stdout	e3b0c44298fc1c149afbf4c8996fb92427ae41e4649b934ca495991b7852b855	0
directory	preflight-logs/selfcheck/collector-v10-test/schema-strict_integer__requested_signal_signal_number__float/audits	-	0
file	preflight-logs/selfcheck/collector-v10-test/schema-strict_integer__requested_signal_signal_number__float/audits/final-artifacts.tsv	07da53e6ddfcfadb97242fe031bc48a6b9361ca703d69f4d1443fa879e5a6a3d	28
file	preflight-logs/selfcheck/collector-v10-test/schema-strict_integer__requested_signal_signal_number__float/audits/final-endpoint.txt	4de3fd1d1eeb08dd7976b911c02a38dba961cf2c27f9341b2c79ae214af5af25	13
file	preflight-logs/selfcheck/collector-v10-test/schema-strict_integer__requested_signal_signal_number__float/final-status.txt	563e474c1a452f89aeab51fe33e6194de7af2f5d0e0f7248f48c2a198c3238b1	844
file	preflight-logs/selfcheck/collector-v10-test/schema-strict_integer__requested_signal_signal_number__float/finalization-order.txt	03ad30618a52f1f535ed2a1fe167b029cca0bad0728bb66c7865c3445e1d5473	185
directory	preflight-logs/selfcheck/collector-v10-test/schema-strict_integer__requested_signal_signal_number__float/hooks	-	0
file	preflight-logs/selfcheck/collector-v10-test/schema-strict_integer__requested_signal_signal_number__float/outer-signals.json	4fb60ad7e50f3d3e74be335a9587702917d201cd33bc8e170399e8741bb33273	199
directory	preflight-logs/selfcheck/collector-v10-test/schema-strict_integer__requested_signal_signal_number__float/raw	-	0
file	preflight-logs/selfcheck/collector-v10-test/schema-strict_integer__requested_signal_signal_number__float/raw.seal.sha256	44cd29fd5d64fffeb21de687377672ee6c90c0a0c6b4646fb8cad454245bebc2	795
directory	preflight-logs/selfcheck/collector-v10-test/schema-strict_integer__requested_signal_signal_number__float/raw/preflight	-	0
file	preflight-logs/selfcheck/collector-v10-test/schema-strict_integer__requested_signal_signal_number__float/raw/preflight.session-ready	39feceb2eced7e3165a8f7f40852708b835f274d4ff94896baface7efca6a52d	109
file	preflight-logs/selfcheck/collector-v10-test/schema-strict_integer__requested_signal_signal_number__float/raw/preflight.session-ready.go	c2fc355f2b52e01ea670dc8b27f1c8f3a268d68b4b399a0cf91544cb975792df	3
file	preflight-logs/selfcheck/collector-v10-test/schema-strict_integer__requested_signal_signal_number__float/raw/preflight/fixture.endpoints	2eadd75476b6a4eeba05e3eacf1d3a539e6464e756c068236a5e477c1ef8769b	27
file	preflight-logs/selfcheck/collector-v10-test/schema-strict_integer__requested_signal_signal_number__float/raw/preflight/init.go	c2fc355f2b52e01ea670dc8b27f1c8f3a268d68b4b399a0cf91544cb975792df	3
file	preflight-logs/selfcheck/collector-v10-test/schema-strict_integer__requested_signal_signal_number__float/raw/preflight/init.ready	fcce5a7e838ce7dccfb11a0f7ea2b2de5a88214be1c7fe3a7c540e611f597c0a	109
file	preflight-logs/selfcheck/collector-v10-test/schema-strict_integer__requested_signal_signal_number__float/raw/stderr	e3b0c44298fc1c149afbf4c8996fb92427ae41e4649b934ca495991b7852b855	0
file	preflight-logs/selfcheck/collector-v10-test/schema-strict_integer__requested_signal_signal_number__float/raw/stdout	e3b0c44298fc1c149afbf4c8996fb92427ae41e4649b934ca495991b7852b855	0
file	preflight-logs/selfcheck/collector-v10-test/schema-strict_integer__requested_signal_signal_number__float/raw/supervisor.json	deb439fe3ffc4bab7dfe4758349498bdb8d9897dbb1b3131ffa9631e6624ddec	9088
file	preflight-logs/selfcheck/collector-v10-test/schema-strict_integer__requested_signal_signal_number__float/raw/supervisor.ready	ed1a545bb85e55816bbf9566b028b2a0bc456b88f49f6f266c0401048824194b	6
directory	preflight-logs/selfcheck/collector-v10-test/schema-strict_integer__requested_signal_signal_number__float/tmp	-	0
directory	preflight-logs/selfcheck/collector-v10-test/schema-strict_integer__scan_identity_pid__bool	-	0
file	preflight-logs/selfcheck/collector-v10-test/schema-strict_integer__scan_identity_pid__bool.collector.stderr	51405118bfc967035d8ae78aa1a76501f308132a08a6b8c6d7567ae01c622297	95
file	preflight-logs/selfcheck/collector-v10-test/schema-strict_integer__scan_identity_pid__bool.collector.stdout	e3b0c44298fc1c149afbf4c8996fb92427ae41e4649b934ca495991b7852b855	0
directory	preflight-logs/selfcheck/collector-v10-test/schema-strict_integer__scan_identity_pid__bool/audits	-	0
file	preflight-logs/selfcheck/collector-v10-test/schema-strict_integer__scan_identity_pid__bool/audits/final-artifacts.tsv	07da53e6ddfcfadb97242fe031bc48a6b9361ca703d69f4d1443fa879e5a6a3d	28
file	preflight-logs/selfcheck/collector-v10-test/schema-strict_integer__scan_identity_pid__bool/audits/final-endpoint.txt	4de3fd1d1eeb08dd7976b911c02a38dba961cf2c27f9341b2c79ae214af5af25	13
file	preflight-logs/selfcheck/collector-v10-test/schema-strict_integer__scan_identity_pid__bool/final-status.txt	366c6140f43f10c705c908b31532c77b31bdd4c5548e102d9efcb78e34d9b5ff	832
file	preflight-logs/selfcheck/collector-v10-test/schema-strict_integer__scan_identity_pid__bool/finalization-order.txt	03ad30618a52f1f535ed2a1fe167b029cca0bad0728bb66c7865c3445e1d5473	185
directory	preflight-logs/selfcheck/collector-v10-test/schema-strict_integer__scan_identity_pid__bool/hooks	-	0
file	preflight-logs/selfcheck/collector-v10-test/schema-strict_integer__scan_identity_pid__bool/outer-signals.json	4fb60ad7e50f3d3e74be335a9587702917d201cd33bc8e170399e8741bb33273	199
directory	preflight-logs/selfcheck/collector-v10-test/schema-strict_integer__scan_identity_pid__bool/raw	-	0
file	preflight-logs/selfcheck/collector-v10-test/schema-strict_integer__scan_identity_pid__bool/raw.seal.sha256	3165f5b9f37ef90250163f8938ccbd03878bb4940d3a63f6c593ea5d526b790c	795
directory	preflight-logs/selfcheck/collector-v10-test/schema-strict_integer__scan_identity_pid__bool/raw/preflight	-	0
file	preflight-logs/selfcheck/collector-v10-test/schema-strict_integer__scan_identity_pid__bool/raw/preflight.session-ready	39feceb2eced7e3165a8f7f40852708b835f274d4ff94896baface7efca6a52d	109
file	preflight-logs/selfcheck/collector-v10-test/schema-strict_integer__scan_identity_pid__bool/raw/preflight.session-ready.go	c2fc355f2b52e01ea670dc8b27f1c8f3a268d68b4b399a0cf91544cb975792df	3
file	preflight-logs/selfcheck/collector-v10-test/schema-strict_integer__scan_identity_pid__bool/raw/preflight/fixture.endpoints	2eadd75476b6a4eeba05e3eacf1d3a539e6464e756c068236a5e477c1ef8769b	27
file	preflight-logs/selfcheck/collector-v10-test/schema-strict_integer__scan_identity_pid__bool/raw/preflight/init.go	c2fc355f2b52e01ea670dc8b27f1c8f3a268d68b4b399a0cf91544cb975792df	3
file	preflight-logs/selfcheck/collector-v10-test/schema-strict_integer__scan_identity_pid__bool/raw/preflight/init.ready	fcce5a7e838ce7dccfb11a0f7ea2b2de5a88214be1c7fe3a7c540e611f597c0a	109
file	preflight-logs/selfcheck/collector-v10-test/schema-strict_integer__scan_identity_pid__bool/raw/stderr	e3b0c44298fc1c149afbf4c8996fb92427ae41e4649b934ca495991b7852b855	0
file	preflight-logs/selfcheck/collector-v10-test/schema-strict_integer__scan_identity_pid__bool/raw/stdout	e3b0c44298fc1c149afbf4c8996fb92427ae41e4649b934ca495991b7852b855	0
file	preflight-logs/selfcheck/collector-v10-test/schema-strict_integer__scan_identity_pid__bool/raw/supervisor.json	0997e0fa9f3bd5340ea6a9c497668739e0fe06b329c2090339d7007499ed601d	8964
file	preflight-logs/selfcheck/collector-v10-test/schema-strict_integer__scan_identity_pid__bool/raw/supervisor.ready	ed1a545bb85e55816bbf9566b028b2a0bc456b88f49f6f266c0401048824194b	6
directory	preflight-logs/selfcheck/collector-v10-test/schema-strict_integer__scan_identity_pid__bool/tmp	-	0
directory	preflight-logs/selfcheck/collector-v10-test/schema-strict_integer__scan_identity_pid__float	-	0
file	preflight-logs/selfcheck/collector-v10-test/schema-strict_integer__scan_identity_pid__float.collector.stderr	51405118bfc967035d8ae78aa1a76501f308132a08a6b8c6d7567ae01c622297	95
file	preflight-logs/selfcheck/collector-v10-test/schema-strict_integer__scan_identity_pid__float.collector.stdout	e3b0c44298fc1c149afbf4c8996fb92427ae41e4649b934ca495991b7852b855	0
directory	preflight-logs/selfcheck/collector-v10-test/schema-strict_integer__scan_identity_pid__float/audits	-	0
file	preflight-logs/selfcheck/collector-v10-test/schema-strict_integer__scan_identity_pid__float/audits/final-artifacts.tsv	07da53e6ddfcfadb97242fe031bc48a6b9361ca703d69f4d1443fa879e5a6a3d	28
file	preflight-logs/selfcheck/collector-v10-test/schema-strict_integer__scan_identity_pid__float/audits/final-endpoint.txt	4de3fd1d1eeb08dd7976b911c02a38dba961cf2c27f9341b2c79ae214af5af25	13
file	preflight-logs/selfcheck/collector-v10-test/schema-strict_integer__scan_identity_pid__float/final-status.txt	b103a819cd86aac139bb5132a65f09894a24636c9c22230fc511539dd5a56a5b	833
file	preflight-logs/selfcheck/collector-v10-test/schema-strict_integer__scan_identity_pid__float/finalization-order.txt	03ad30618a52f1f535ed2a1fe167b029cca0bad0728bb66c7865c3445e1d5473	185
directory	preflight-logs/selfcheck/collector-v10-test/schema-strict_integer__scan_identity_pid__float/hooks	-	0
file	preflight-logs/selfcheck/collector-v10-test/schema-strict_integer__scan_identity_pid__float/outer-signals.json	4fb60ad7e50f3d3e74be335a9587702917d201cd33bc8e170399e8741bb33273	199
directory	preflight-logs/selfcheck/collector-v10-test/schema-strict_integer__scan_identity_pid__float/raw	-	0
file	preflight-logs/selfcheck/collector-v10-test/schema-strict_integer__scan_identity_pid__float/raw.seal.sha256	6ed1dcaadbb20ad8b30171276c383d6c9657858bdbae7788d531daab3b6c1a46	795
directory	preflight-logs/selfcheck/collector-v10-test/schema-strict_integer__scan_identity_pid__float/raw/preflight	-	0
file	preflight-logs/selfcheck/collector-v10-test/schema-strict_integer__scan_identity_pid__float/raw/preflight.session-ready	39feceb2eced7e3165a8f7f40852708b835f274d4ff94896baface7efca6a52d	109
file	preflight-logs/selfcheck/collector-v10-test/schema-strict_integer__scan_identity_pid__float/raw/preflight.session-ready.go	c2fc355f2b52e01ea670dc8b27f1c8f3a268d68b4b399a0cf91544cb975792df	3
file	preflight-logs/selfcheck/collector-v10-test/schema-strict_integer__scan_identity_pid__float/raw/preflight/fixture.endpoints	2eadd75476b6a4eeba05e3eacf1d3a539e6464e756c068236a5e477c1ef8769b	27
file	preflight-logs/selfcheck/collector-v10-test/schema-strict_integer__scan_identity_pid__float/raw/preflight/init.go	c2fc355f2b52e01ea670dc8b27f1c8f3a268d68b4b399a0cf91544cb975792df	3
file	preflight-logs/selfcheck/collector-v10-test/schema-strict_integer__scan_identity_pid__float/raw/preflight/init.ready	fcce5a7e838ce7dccfb11a0f7ea2b2de5a88214be1c7fe3a7c540e611f597c0a	109
file	preflight-logs/selfcheck/collector-v10-test/schema-strict_integer__scan_identity_pid__float/raw/stderr	e3b0c44298fc1c149afbf4c8996fb92427ae41e4649b934ca495991b7852b855	0
file	preflight-logs/selfcheck/collector-v10-test/schema-strict_integer__scan_identity_pid__float/raw/stdout	e3b0c44298fc1c149afbf4c8996fb92427ae41e4649b934ca495991b7852b855	0
file	preflight-logs/selfcheck/collector-v10-test/schema-strict_integer__scan_identity_pid__float/raw/supervisor.json	82504d24bf2e47f8e9e6e66b499ab899acfd034f6067487afa857b5308d78b3b	8973
file	preflight-logs/selfcheck/collector-v10-test/schema-strict_integer__scan_identity_pid__float/raw/supervisor.ready	ed1a545bb85e55816bbf9566b028b2a0bc456b88f49f6f266c0401048824194b	6
directory	preflight-logs/selfcheck/collector-v10-test/schema-strict_integer__scan_identity_pid__float/tmp	-	0
directory	preflight-logs/selfcheck/collector-v10-test/schema-strict_integer__scan_identity_starttime__bool	-	0
file	preflight-logs/selfcheck/collector-v10-test/schema-strict_integer__scan_identity_starttime__bool.collector.stderr	52f7189c41d83192602389cef7575cdc74517fc335174d22c48e256666e425d7	101
file	preflight-logs/selfcheck/collector-v10-test/schema-strict_integer__scan_identity_starttime__bool.collector.stdout	e3b0c44298fc1c149afbf4c8996fb92427ae41e4649b934ca495991b7852b855	0
directory	preflight-logs/selfcheck/collector-v10-test/schema-strict_integer__scan_identity_starttime__bool/audits	-	0
file	preflight-logs/selfcheck/collector-v10-test/schema-strict_integer__scan_identity_starttime__bool/audits/final-artifacts.tsv	07da53e6ddfcfadb97242fe031bc48a6b9361ca703d69f4d1443fa879e5a6a3d	28
file	preflight-logs/selfcheck/collector-v10-test/schema-strict_integer__scan_identity_starttime__bool/audits/final-endpoint.txt	4de3fd1d1eeb08dd7976b911c02a38dba961cf2c27f9341b2c79ae214af5af25	13
file	preflight-logs/selfcheck/collector-v10-test/schema-strict_integer__scan_identity_starttime__bool/final-status.txt	4dd5674575a71731384d731081f3ef2f68d37ae675aaaa7506b0a5223167e8d4	844
file	preflight-logs/selfcheck/collector-v10-test/schema-strict_integer__scan_identity_starttime__bool/finalization-order.txt	03ad30618a52f1f535ed2a1fe167b029cca0bad0728bb66c7865c3445e1d5473	185
directory	preflight-logs/selfcheck/collector-v10-test/schema-strict_integer__scan_identity_starttime__bool/hooks	-	0
file	preflight-logs/selfcheck/collector-v10-test/schema-strict_integer__scan_identity_starttime__bool/outer-signals.json	4fb60ad7e50f3d3e74be335a9587702917d201cd33bc8e170399e8741bb33273	199
directory	preflight-logs/selfcheck/collector-v10-test/schema-strict_integer__scan_identity_starttime__bool/raw	-	0
file	preflight-logs/selfcheck/collector-v10-test/schema-strict_integer__scan_identity_starttime__bool/raw.seal.sha256	873eca471b692cd75f5fb63778cec12f6d8e067aad68a9840fbe12fdc8d23740	795
directory	preflight-logs/selfcheck/collector-v10-test/schema-strict_integer__scan_identity_starttime__bool/raw/preflight	-	0
file	preflight-logs/selfcheck/collector-v10-test/schema-strict_integer__scan_identity_starttime__bool/raw/preflight.session-ready	39feceb2eced7e3165a8f7f40852708b835f274d4ff94896baface7efca6a52d	109
file	preflight-logs/selfcheck/collector-v10-test/schema-strict_integer__scan_identity_starttime__bool/raw/preflight.session-ready.go	c2fc355f2b52e01ea670dc8b27f1c8f3a268d68b4b399a0cf91544cb975792df	3
file	preflight-logs/selfcheck/collector-v10-test/schema-strict_integer__scan_identity_starttime__bool/raw/preflight/fixture.endpoints	2eadd75476b6a4eeba05e3eacf1d3a539e6464e756c068236a5e477c1ef8769b	27
file	preflight-logs/selfcheck/collector-v10-test/schema-strict_integer__scan_identity_starttime__bool/raw/preflight/init.go	c2fc355f2b52e01ea670dc8b27f1c8f3a268d68b4b399a0cf91544cb975792df	3
file	preflight-logs/selfcheck/collector-v10-test/schema-strict_integer__scan_identity_starttime__bool/raw/preflight/init.ready	fcce5a7e838ce7dccfb11a0f7ea2b2de5a88214be1c7fe3a7c540e611f597c0a	109
file	preflight-logs/selfcheck/collector-v10-test/schema-strict_integer__scan_identity_starttime__bool/raw/stderr	e3b0c44298fc1c149afbf4c8996fb92427ae41e4649b934ca495991b7852b855	0
file	preflight-logs/selfcheck/collector-v10-test/schema-strict_integer__scan_identity_starttime__bool/raw/stdout	e3b0c44298fc1c149afbf4c8996fb92427ae41e4649b934ca495991b7852b855	0
file	preflight-logs/selfcheck/collector-v10-test/schema-strict_integer__scan_identity_starttime__bool/raw/supervisor.json	00c756dc4bfb0a952e5c3fd453813fc9e29fb8951b1f57d80250eef469866583	9001
file	preflight-logs/selfcheck/collector-v10-test/schema-strict_integer__scan_identity_starttime__bool/raw/supervisor.ready	ed1a545bb85e55816bbf9566b028b2a0bc456b88f49f6f266c0401048824194b	6
directory	preflight-logs/selfcheck/collector-v10-test/schema-strict_integer__scan_identity_starttime__bool/tmp	-	0
directory	preflight-logs/selfcheck/collector-v10-test/schema-strict_integer__scan_identity_starttime__float	-	0
file	preflight-logs/selfcheck/collector-v10-test/schema-strict_integer__scan_identity_starttime__float.collector.stderr	52f7189c41d83192602389cef7575cdc74517fc335174d22c48e256666e425d7	101
file	preflight-logs/selfcheck/collector-v10-test/schema-strict_integer__scan_identity_starttime__float.collector.stdout	e3b0c44298fc1c149afbf4c8996fb92427ae41e4649b934ca495991b7852b855	0
directory	preflight-logs/selfcheck/collector-v10-test/schema-strict_integer__scan_identity_starttime__float/audits	-	0
file	preflight-logs/selfcheck/collector-v10-test/schema-strict_integer__scan_identity_starttime__float/audits/final-artifacts.tsv	07da53e6ddfcfadb97242fe031bc48a6b9361ca703d69f4d1443fa879e5a6a3d	28
file	preflight-logs/selfcheck/collector-v10-test/schema-strict_integer__scan_identity_starttime__float/audits/final-endpoint.txt	4de3fd1d1eeb08dd7976b911c02a38dba961cf2c27f9341b2c79ae214af5af25	13
file	preflight-logs/selfcheck/collector-v10-test/schema-strict_integer__scan_identity_starttime__float/final-status.txt	19cf18717645e18dfd31c74a7e63eb3ed52eef93153f65066c6f27fac4ce06db	845
file	preflight-logs/selfcheck/collector-v10-test/schema-strict_integer__scan_identity_starttime__float/finalization-order.txt	03ad30618a52f1f535ed2a1fe167b029cca0bad0728bb66c7865c3445e1d5473	185
directory	preflight-logs/selfcheck/collector-v10-test/schema-strict_integer__scan_identity_starttime__float/hooks	-	0
file	preflight-logs/selfcheck/collector-v10-test/schema-strict_integer__scan_identity_starttime__float/outer-signals.json	4fb60ad7e50f3d3e74be335a9587702917d201cd33bc8e170399e8741bb33273	199
directory	preflight-logs/selfcheck/collector-v10-test/schema-strict_integer__scan_identity_starttime__float/raw	-	0
file	preflight-logs/selfcheck/collector-v10-test/schema-strict_integer__scan_identity_starttime__float/raw.seal.sha256	1f0104b21b4fe74da603737bc3bbcc257c5a3c6ae6967797bdacf3813673a5f3	795
directory	preflight-logs/selfcheck/collector-v10-test/schema-strict_integer__scan_identity_starttime__float/raw/preflight	-	0
file	preflight-logs/selfcheck/collector-v10-test/schema-strict_integer__scan_identity_starttime__float/raw/preflight.session-ready	39feceb2eced7e3165a8f7f40852708b835f274d4ff94896baface7efca6a52d	109
file	preflight-logs/selfcheck/collector-v10-test/schema-strict_integer__scan_identity_starttime__float/raw/preflight.session-ready.go	c2fc355f2b52e01ea670dc8b27f1c8f3a268d68b4b399a0cf91544cb975792df	3
file	preflight-logs/selfcheck/collector-v10-test/schema-strict_integer__scan_identity_starttime__float/raw/preflight/fixture.endpoints	2eadd75476b6a4eeba05e3eacf1d3a539e6464e756c068236a5e477c1ef8769b	27
file	preflight-logs/selfcheck/collector-v10-test/schema-strict_integer__scan_identity_starttime__float/raw/preflight/init.go	c2fc355f2b52e01ea670dc8b27f1c8f3a268d68b4b399a0cf91544cb975792df	3
file	preflight-logs/selfcheck/collector-v10-test/schema-strict_integer__scan_identity_starttime__float/raw/preflight/init.ready	fcce5a7e838ce7dccfb11a0f7ea2b2de5a88214be1c7fe3a7c540e611f597c0a	109
file	preflight-logs/selfcheck/collector-v10-test/schema-strict_integer__scan_identity_starttime__float/raw/stderr	e3b0c44298fc1c149afbf4c8996fb92427ae41e4649b934ca495991b7852b855	0
file	preflight-logs/selfcheck/collector-v10-test/schema-strict_integer__scan_identity_starttime__float/raw/stdout	e3b0c44298fc1c149afbf4c8996fb92427ae41e4649b934ca495991b7852b855	0
file	preflight-logs/selfcheck/collector-v10-test/schema-strict_integer__scan_identity_starttime__float/raw/supervisor.json	0ff5ae38106e73d7802e4caf272f9e613dbfe96c5eaf652cfbf8e19b2fd7843d	9015
file	preflight-logs/selfcheck/collector-v10-test/schema-strict_integer__scan_identity_starttime__float/raw/supervisor.ready	ed1a545bb85e55816bbf9566b028b2a0bc456b88f49f6f266c0401048824194b	6
directory	preflight-logs/selfcheck/collector-v10-test/schema-strict_integer__scan_identity_starttime__float/tmp	-	0
directory	preflight-logs/selfcheck/collector-v10-test/schema-strict_integer__signal_identity_pid__bool	-	0
file	preflight-logs/selfcheck/collector-v10-test/schema-strict_integer__signal_identity_pid__bool.collector.stderr	818691bec1f2d0c658f359d0c25881d7543e5aecbc8f4967e9128127bf7f1730	87
file	preflight-logs/selfcheck/collector-v10-test/schema-strict_integer__signal_identity_pid__bool.collector.stdout	e3b0c44298fc1c149afbf4c8996fb92427ae41e4649b934ca495991b7852b855	0
directory	preflight-logs/selfcheck/collector-v10-test/schema-strict_integer__signal_identity_pid__bool/audits	-	0
file	preflight-logs/selfcheck/collector-v10-test/schema-strict_integer__signal_identity_pid__bool/audits/final-artifacts.tsv	07da53e6ddfcfadb97242fe031bc48a6b9361ca703d69f4d1443fa879e5a6a3d	28
file	preflight-logs/selfcheck/collector-v10-test/schema-strict_integer__signal_identity_pid__bool/audits/final-endpoint.txt	4de3fd1d1eeb08dd7976b911c02a38dba961cf2c27f9341b2c79ae214af5af25	13
file	preflight-logs/selfcheck/collector-v10-test/schema-strict_integer__signal_identity_pid__bool/final-status.txt	926e11461b2bd7f3d1a542dc90192320eb9f596511d7326f9f3a823722d52290	826
file	preflight-logs/selfcheck/collector-v10-test/schema-strict_integer__signal_identity_pid__bool/finalization-order.txt	03ad30618a52f1f535ed2a1fe167b029cca0bad0728bb66c7865c3445e1d5473	185
directory	preflight-logs/selfcheck/collector-v10-test/schema-strict_integer__signal_identity_pid__bool/hooks	-	0
file	preflight-logs/selfcheck/collector-v10-test/schema-strict_integer__signal_identity_pid__bool/outer-signals.json	4fb60ad7e50f3d3e74be335a9587702917d201cd33bc8e170399e8741bb33273	199
directory	preflight-logs/selfcheck/collector-v10-test/schema-strict_integer__signal_identity_pid__bool/raw	-	0
file	preflight-logs/selfcheck/collector-v10-test/schema-strict_integer__signal_identity_pid__bool/raw.seal.sha256	b4a17cec050589fae65ffda52f04ea911b71dd8c46e0e6e2a0df4d9e26bbc3b1	795
directory	preflight-logs/selfcheck/collector-v10-test/schema-strict_integer__signal_identity_pid__bool/raw/preflight	-	0
file	preflight-logs/selfcheck/collector-v10-test/schema-strict_integer__signal_identity_pid__bool/raw/preflight.session-ready	39feceb2eced7e3165a8f7f40852708b835f274d4ff94896baface7efca6a52d	109
file	preflight-logs/selfcheck/collector-v10-test/schema-strict_integer__signal_identity_pid__bool/raw/preflight.session-ready.go	c2fc355f2b52e01ea670dc8b27f1c8f3a268d68b4b399a0cf91544cb975792df	3
file	preflight-logs/selfcheck/collector-v10-test/schema-strict_integer__signal_identity_pid__bool/raw/preflight/fixture.endpoints	2eadd75476b6a4eeba05e3eacf1d3a539e6464e756c068236a5e477c1ef8769b	27
file	preflight-logs/selfcheck/collector-v10-test/schema-strict_integer__signal_identity_pid__bool/raw/preflight/init.go	c2fc355f2b52e01ea670dc8b27f1c8f3a268d68b4b399a0cf91544cb975792df	3
file	preflight-logs/selfcheck/collector-v10-test/schema-strict_integer__signal_identity_pid__bool/raw/preflight/init.ready	fcce5a7e838ce7dccfb11a0f7ea2b2de5a88214be1c7fe3a7c540e611f597c0a	109
file	preflight-logs/selfcheck/collector-v10-test/schema-strict_integer__signal_identity_pid__bool/raw/stderr	e3b0c44298fc1c149afbf4c8996fb92427ae41e4649b934ca495991b7852b855	0
file	preflight-logs/selfcheck/collector-v10-test/schema-strict_integer__signal_identity_pid__bool/raw/stdout	e3b0c44298fc1c149afbf4c8996fb92427ae41e4649b934ca495991b7852b855	0
file	preflight-logs/selfcheck/collector-v10-test/schema-strict_integer__signal_identity_pid__bool/raw/supervisor.json	4974cedf9e12909b599a4cefabc9d3814c1ea4d6305a400acc0d07f0aedee133	9072
file	preflight-logs/selfcheck/collector-v10-test/schema-strict_integer__signal_identity_pid__bool/raw/supervisor.ready	ed1a545bb85e55816bbf9566b028b2a0bc456b88f49f6f266c0401048824194b	6
directory	preflight-logs/selfcheck/collector-v10-test/schema-strict_integer__signal_identity_pid__bool/tmp	-	0
directory	preflight-logs/selfcheck/collector-v10-test/schema-strict_integer__signal_identity_pid__float	-	0
file	preflight-logs/selfcheck/collector-v10-test/schema-strict_integer__signal_identity_pid__float.collector.stderr	818691bec1f2d0c658f359d0c25881d7543e5aecbc8f4967e9128127bf7f1730	87
file	preflight-logs/selfcheck/collector-v10-test/schema-strict_integer__signal_identity_pid__float.collector.stdout	e3b0c44298fc1c149afbf4c8996fb92427ae41e4649b934ca495991b7852b855	0
directory	preflight-logs/selfcheck/collector-v10-test/schema-strict_integer__signal_identity_pid__float/audits	-	0
file	preflight-logs/selfcheck/collector-v10-test/schema-strict_integer__signal_identity_pid__float/audits/final-artifacts.tsv	07da53e6ddfcfadb97242fe031bc48a6b9361ca703d69f4d1443fa879e5a6a3d	28
file	preflight-logs/selfcheck/collector-v10-test/schema-strict_integer__signal_identity_pid__float/audits/final-endpoint.txt	4de3fd1d1eeb08dd7976b911c02a38dba961cf2c27f9341b2c79ae214af5af25	13
file	preflight-logs/selfcheck/collector-v10-test/schema-strict_integer__signal_identity_pid__float/final-status.txt	b6b07771edb1751e4c3aed774dd7d8063644ea8847e88ccd0ae55ca4a5f970d7	827
file	preflight-logs/selfcheck/collector-v10-test/schema-strict_integer__signal_identity_pid__float/finalization-order.txt	03ad30618a52f1f535ed2a1fe167b029cca0bad0728bb66c7865c3445e1d5473	185
directory	preflight-logs/selfcheck/collector-v10-test/schema-strict_integer__signal_identity_pid__float/hooks	-	0
file	preflight-logs/selfcheck/collector-v10-test/schema-strict_integer__signal_identity_pid__float/outer-signals.json	4fb60ad7e50f3d3e74be335a9587702917d201cd33bc8e170399e8741bb33273	199
directory	preflight-logs/selfcheck/collector-v10-test/schema-strict_integer__signal_identity_pid__float/raw	-	0
file	preflight-logs/selfcheck/collector-v10-test/schema-strict_integer__signal_identity_pid__float/raw.seal.sha256	9d5d72654bfacc35260ca9d33aaef68b74c7a66b02e24ae619d41237d4236679	795
directory	preflight-logs/selfcheck/collector-v10-test/schema-strict_integer__signal_identity_pid__float/raw/preflight	-	0
file	preflight-logs/selfcheck/collector-v10-test/schema-strict_integer__signal_identity_pid__float/raw/preflight.session-ready	39feceb2eced7e3165a8f7f40852708b835f274d4ff94896baface7efca6a52d	109
file	preflight-logs/selfcheck/collector-v10-test/schema-strict_integer__signal_identity_pid__float/raw/preflight.session-ready.go	c2fc355f2b52e01ea670dc8b27f1c8f3a268d68b4b399a0cf91544cb975792df	3
file	preflight-logs/selfcheck/collector-v10-test/schema-strict_integer__signal_identity_pid__float/raw/preflight/fixture.endpoints	2eadd75476b6a4eeba05e3eacf1d3a539e6464e756c068236a5e477c1ef8769b	27
file	preflight-logs/selfcheck/collector-v10-test/schema-strict_integer__signal_identity_pid__float/raw/preflight/init.go	c2fc355f2b52e01ea670dc8b27f1c8f3a268d68b4b399a0cf91544cb975792df	3
file	preflight-logs/selfcheck/collector-v10-test/schema-strict_integer__signal_identity_pid__float/raw/preflight/init.ready	fcce5a7e838ce7dccfb11a0f7ea2b2de5a88214be1c7fe3a7c540e611f597c0a	109
file	preflight-logs/selfcheck/collector-v10-test/schema-strict_integer__signal_identity_pid__float/raw/stderr	e3b0c44298fc1c149afbf4c8996fb92427ae41e4649b934ca495991b7852b855	0
file	preflight-logs/selfcheck/collector-v10-test/schema-strict_integer__signal_identity_pid__float/raw/stdout	e3b0c44298fc1c149afbf4c8996fb92427ae41e4649b934ca495991b7852b855	0
file	preflight-logs/selfcheck/collector-v10-test/schema-strict_integer__signal_identity_pid__float/raw/supervisor.json	f31f86af1005298ec4d706b112cfa35e67d62a89b896f8cbf354d7dcf1098db1	9081
file	preflight-logs/selfcheck/collector-v10-test/schema-strict_integer__signal_identity_pid__float/raw/supervisor.ready	ed1a545bb85e55816bbf9566b028b2a0bc456b88f49f6f266c0401048824194b	6
directory	preflight-logs/selfcheck/collector-v10-test/schema-strict_integer__signal_identity_pid__float/tmp	-	0
directory	preflight-logs/selfcheck/collector-v10-test/schema-strict_integer__signal_identity_starttime__bool	-	0
file	preflight-logs/selfcheck/collector-v10-test/schema-strict_integer__signal_identity_starttime__bool.collector.stderr	f4c7838d452721189ad97ccb9ca7746a6b6f7a2dc9b21a5f0c430f3973d788b0	93
file	preflight-logs/selfcheck/collector-v10-test/schema-strict_integer__signal_identity_starttime__bool.collector.stdout	e3b0c44298fc1c149afbf4c8996fb92427ae41e4649b934ca495991b7852b855	0
directory	preflight-logs/selfcheck/collector-v10-test/schema-strict_integer__signal_identity_starttime__bool/audits	-	0
file	preflight-logs/selfcheck/collector-v10-test/schema-strict_integer__signal_identity_starttime__bool/audits/final-artifacts.tsv	07da53e6ddfcfadb97242fe031bc48a6b9361ca703d69f4d1443fa879e5a6a3d	28
file	preflight-logs/selfcheck/collector-v10-test/schema-strict_integer__signal_identity_starttime__bool/audits/final-endpoint.txt	4de3fd1d1eeb08dd7976b911c02a38dba961cf2c27f9341b2c79ae214af5af25	13
file	preflight-logs/selfcheck/collector-v10-test/schema-strict_integer__signal_identity_starttime__bool/final-status.txt	8b106825f9e3df1326689f844d7886f5f673359e3244ba55443bbc95fd04803b	838
file	preflight-logs/selfcheck/collector-v10-test/schema-strict_integer__signal_identity_starttime__bool/finalization-order.txt	03ad30618a52f1f535ed2a1fe167b029cca0bad0728bb66c7865c3445e1d5473	185
directory	preflight-logs/selfcheck/collector-v10-test/schema-strict_integer__signal_identity_starttime__bool/hooks	-	0
file	preflight-logs/selfcheck/collector-v10-test/schema-strict_integer__signal_identity_starttime__bool/outer-signals.json	4fb60ad7e50f3d3e74be335a9587702917d201cd33bc8e170399e8741bb33273	199
directory	preflight-logs/selfcheck/collector-v10-test/schema-strict_integer__signal_identity_starttime__bool/raw	-	0
file	preflight-logs/selfcheck/collector-v10-test/schema-strict_integer__signal_identity_starttime__bool/raw.seal.sha256	fad5842d9c3d8a9e9707bba3102598087cb589d1aec1201ca3052c7238ca2fdf	795
directory	preflight-logs/selfcheck/collector-v10-test/schema-strict_integer__signal_identity_starttime__bool/raw/preflight	-	0
file	preflight-logs/selfcheck/collector-v10-test/schema-strict_integer__signal_identity_starttime__bool/raw/preflight.session-ready	39feceb2eced7e3165a8f7f40852708b835f274d4ff94896baface7efca6a52d	109
file	preflight-logs/selfcheck/collector-v10-test/schema-strict_integer__signal_identity_starttime__bool/raw/preflight.session-ready.go	c2fc355f2b52e01ea670dc8b27f1c8f3a268d68b4b399a0cf91544cb975792df	3
file	preflight-logs/selfcheck/collector-v10-test/schema-strict_integer__signal_identity_starttime__bool/raw/preflight/fixture.endpoints	2eadd75476b6a4eeba05e3eacf1d3a539e6464e756c068236a5e477c1ef8769b	27
file	preflight-logs/selfcheck/collector-v10-test/schema-strict_integer__signal_identity_starttime__bool/raw/preflight/init.go	c2fc355f2b52e01ea670dc8b27f1c8f3a268d68b4b399a0cf91544cb975792df	3
file	preflight-logs/selfcheck/collector-v10-test/schema-strict_integer__signal_identity_starttime__bool/raw/preflight/init.ready	fcce5a7e838ce7dccfb11a0f7ea2b2de5a88214be1c7fe3a7c540e611f597c0a	109
file	preflight-logs/selfcheck/collector-v10-test/schema-strict_integer__signal_identity_starttime__bool/raw/stderr	e3b0c44298fc1c149afbf4c8996fb92427ae41e4649b934ca495991b7852b855	0
file	preflight-logs/selfcheck/collector-v10-test/schema-strict_integer__signal_identity_starttime__bool/raw/stdout	e3b0c44298fc1c149afbf4c8996fb92427ae41e4649b934ca495991b7852b855	0
file	preflight-logs/selfcheck/collector-v10-test/schema-strict_integer__signal_identity_starttime__bool/raw/supervisor.json	b27d27cefc2b7ed543bf62434e5b6e518551caaeb2057499d4125f9ab82767fb	9109
file	preflight-logs/selfcheck/collector-v10-test/schema-strict_integer__signal_identity_starttime__bool/raw/supervisor.ready	ed1a545bb85e55816bbf9566b028b2a0bc456b88f49f6f266c0401048824194b	6
directory	preflight-logs/selfcheck/collector-v10-test/schema-strict_integer__signal_identity_starttime__bool/tmp	-	0
directory	preflight-logs/selfcheck/collector-v10-test/schema-strict_integer__signal_identity_starttime__float	-	0
file	preflight-logs/selfcheck/collector-v10-test/schema-strict_integer__signal_identity_starttime__float.collector.stderr	f4c7838d452721189ad97ccb9ca7746a6b6f7a2dc9b21a5f0c430f3973d788b0	93
file	preflight-logs/selfcheck/collector-v10-test/schema-strict_integer__signal_identity_starttime__float.collector.stdout	e3b0c44298fc1c149afbf4c8996fb92427ae41e4649b934ca495991b7852b855	0
directory	preflight-logs/selfcheck/collector-v10-test/schema-strict_integer__signal_identity_starttime__float/audits	-	0
file	preflight-logs/selfcheck/collector-v10-test/schema-strict_integer__signal_identity_starttime__float/audits/final-artifacts.tsv	07da53e6ddfcfadb97242fe031bc48a6b9361ca703d69f4d1443fa879e5a6a3d	28
file	preflight-logs/selfcheck/collector-v10-test/schema-strict_integer__signal_identity_starttime__float/audits/final-endpoint.txt	4de3fd1d1eeb08dd7976b911c02a38dba961cf2c27f9341b2c79ae214af5af25	13
file	preflight-logs/selfcheck/collector-v10-test/schema-strict_integer__signal_identity_starttime__float/final-status.txt	439ff621ef795a8a28d375ae057385f43b3ee744f921671de4428304cd08472d	839
file	preflight-logs/selfcheck/collector-v10-test/schema-strict_integer__signal_identity_starttime__float/finalization-order.txt	03ad30618a52f1f535ed2a1fe167b029cca0bad0728bb66c7865c3445e1d5473	185
directory	preflight-logs/selfcheck/collector-v10-test/schema-strict_integer__signal_identity_starttime__float/hooks	-	0
file	preflight-logs/selfcheck/collector-v10-test/schema-strict_integer__signal_identity_starttime__float/outer-signals.json	4fb60ad7e50f3d3e74be335a9587702917d201cd33bc8e170399e8741bb33273	199
directory	preflight-logs/selfcheck/collector-v10-test/schema-strict_integer__signal_identity_starttime__float/raw	-	0
file	preflight-logs/selfcheck/collector-v10-test/schema-strict_integer__signal_identity_starttime__float/raw.seal.sha256	3adb7f75bd12bc93e7f6ccfd5337da3ccd13dd03c59f3b4b0e38d6428037723c	795
directory	preflight-logs/selfcheck/collector-v10-test/schema-strict_integer__signal_identity_starttime__float/raw/preflight	-	0
file	preflight-logs/selfcheck/collector-v10-test/schema-strict_integer__signal_identity_starttime__float/raw/preflight.session-ready	39feceb2eced7e3165a8f7f40852708b835f274d4ff94896baface7efca6a52d	109
file	preflight-logs/selfcheck/collector-v10-test/schema-strict_integer__signal_identity_starttime__float/raw/preflight.session-ready.go	c2fc355f2b52e01ea670dc8b27f1c8f3a268d68b4b399a0cf91544cb975792df	3
file	preflight-logs/selfcheck/collector-v10-test/schema-strict_integer__signal_identity_starttime__float/raw/preflight/fixture.endpoints	2eadd75476b6a4eeba05e3eacf1d3a539e6464e756c068236a5e477c1ef8769b	27
file	preflight-logs/selfcheck/collector-v10-test/schema-strict_integer__signal_identity_starttime__float/raw/preflight/init.go	c2fc355f2b52e01ea670dc8b27f1c8f3a268d68b4b399a0cf91544cb975792df	3
file	preflight-logs/selfcheck/collector-v10-test/schema-strict_integer__signal_identity_starttime__float/raw/preflight/init.ready	fcce5a7e838ce7dccfb11a0f7ea2b2de5a88214be1c7fe3a7c540e611f597c0a	109
file	preflight-logs/selfcheck/collector-v10-test/schema-strict_integer__signal_identity_starttime__float/raw/stderr	e3b0c44298fc1c149afbf4c8996fb92427ae41e4649b934ca495991b7852b855	0
file	preflight-logs/selfcheck/collector-v10-test/schema-strict_integer__signal_identity_starttime__float/raw/stdout	e3b0c44298fc1c149afbf4c8996fb92427ae41e4649b934ca495991b7852b855	0
file	preflight-logs/selfcheck/collector-v10-test/schema-strict_integer__signal_identity_starttime__float/raw/supervisor.json	30bac834c52fc144200cd429b8d025d57e97b8105f6d4fc50953704534dd7017	9122
file	preflight-logs/selfcheck/collector-v10-test/schema-strict_integer__signal_identity_starttime__float/raw/supervisor.ready	ed1a545bb85e55816bbf9566b028b2a0bc456b88f49f6f266c0401048824194b	6
directory	preflight-logs/selfcheck/collector-v10-test/schema-strict_integer__signal_identity_starttime__float/tmp	-	0
directory	preflight-logs/selfcheck/collector-v10-test/schema-strict_integer__signal_number__bool	-	0
file	preflight-logs/selfcheck/collector-v10-test/schema-strict_integer__signal_number__bool.collector.stderr	07eb487fa4cfdd96dcb1a7c24b740e2fdbad8ee622d4bef09907d6e641baf7dc	83
file	preflight-logs/selfcheck/collector-v10-test/schema-strict_integer__signal_number__bool.collector.stdout	e3b0c44298fc1c149afbf4c8996fb92427ae41e4649b934ca495991b7852b855	0
directory	preflight-logs/selfcheck/collector-v10-test/schema-strict_integer__signal_number__bool/audits	-	0
file	preflight-logs/selfcheck/collector-v10-test/schema-strict_integer__signal_number__bool/audits/final-artifacts.tsv	07da53e6ddfcfadb97242fe031bc48a6b9361ca703d69f4d1443fa879e5a6a3d	28
file	preflight-logs/selfcheck/collector-v10-test/schema-strict_integer__signal_number__bool/audits/final-endpoint.txt	4de3fd1d1eeb08dd7976b911c02a38dba961cf2c27f9341b2c79ae214af5af25	13
file	preflight-logs/selfcheck/collector-v10-test/schema-strict_integer__signal_number__bool/final-status.txt	7efee43627afd126475afcd3b1f3c673d44da3d464dc36bf12e2a29d8d803b18	816
file	preflight-logs/selfcheck/collector-v10-test/schema-strict_integer__signal_number__bool/finalization-order.txt	03ad30618a52f1f535ed2a1fe167b029cca0bad0728bb66c7865c3445e1d5473	185
directory	preflight-logs/selfcheck/collector-v10-test/schema-strict_integer__signal_number__bool/hooks	-	0
file	preflight-logs/selfcheck/collector-v10-test/schema-strict_integer__signal_number__bool/outer-signals.json	4fb60ad7e50f3d3e74be335a9587702917d201cd33bc8e170399e8741bb33273	199
directory	preflight-logs/selfcheck/collector-v10-test/schema-strict_integer__signal_number__bool/raw	-	0
file	preflight-logs/selfcheck/collector-v10-test/schema-strict_integer__signal_number__bool/raw.seal.sha256	625f2c99e76ab37b8d7134adf107847594333a9b97db01211d686b7d23a01936	795
directory	preflight-logs/selfcheck/collector-v10-test/schema-strict_integer__signal_number__bool/raw/preflight	-	0
file	preflight-logs/selfcheck/collector-v10-test/schema-strict_integer__signal_number__bool/raw/preflight.session-ready	39feceb2eced7e3165a8f7f40852708b835f274d4ff94896baface7efca6a52d	109
file	preflight-logs/selfcheck/collector-v10-test/schema-strict_integer__signal_number__bool/raw/preflight.session-ready.go	c2fc355f2b52e01ea670dc8b27f1c8f3a268d68b4b399a0cf91544cb975792df	3
file	preflight-logs/selfcheck/collector-v10-test/schema-strict_integer__signal_number__bool/raw/preflight/fixture.endpoints	2eadd75476b6a4eeba05e3eacf1d3a539e6464e756c068236a5e477c1ef8769b	27
file	preflight-logs/selfcheck/collector-v10-test/schema-strict_integer__signal_number__bool/raw/preflight/init.go	c2fc355f2b52e01ea670dc8b27f1c8f3a268d68b4b399a0cf91544cb975792df	3
file	preflight-logs/selfcheck/collector-v10-test/schema-strict_integer__signal_number__bool/raw/preflight/init.ready	fcce5a7e838ce7dccfb11a0f7ea2b2de5a88214be1c7fe3a7c540e611f597c0a	109
file	preflight-logs/selfcheck/collector-v10-test/schema-strict_integer__signal_number__bool/raw/stderr	e3b0c44298fc1c149afbf4c8996fb92427ae41e4649b934ca495991b7852b855	0
file	preflight-logs/selfcheck/collector-v10-test/schema-strict_integer__signal_number__bool/raw/stdout	e3b0c44298fc1c149afbf4c8996fb92427ae41e4649b934ca495991b7852b855	0
file	preflight-logs/selfcheck/collector-v10-test/schema-strict_integer__signal_number__bool/raw/supervisor.json	f28f839946d45d1823b4c9159964e6de964b3191e7413beb84dc62084a4be9e0	9028
file	preflight-logs/selfcheck/collector-v10-test/schema-strict_integer__signal_number__bool/raw/supervisor.ready	ed1a545bb85e55816bbf9566b028b2a0bc456b88f49f6f266c0401048824194b	6
directory	preflight-logs/selfcheck/collector-v10-test/schema-strict_integer__signal_number__bool/tmp	-	0
directory	preflight-logs/selfcheck/collector-v10-test/schema-strict_integer__signal_number__float	-	0
file	preflight-logs/selfcheck/collector-v10-test/schema-strict_integer__signal_number__float.collector.stderr	07eb487fa4cfdd96dcb1a7c24b740e2fdbad8ee622d4bef09907d6e641baf7dc	83
file	preflight-logs/selfcheck/collector-v10-test/schema-strict_integer__signal_number__float.collector.stdout	e3b0c44298fc1c149afbf4c8996fb92427ae41e4649b934ca495991b7852b855	0
directory	preflight-logs/selfcheck/collector-v10-test/schema-strict_integer__signal_number__float/audits	-	0
file	preflight-logs/selfcheck/collector-v10-test/schema-strict_integer__signal_number__float/audits/final-artifacts.tsv	07da53e6ddfcfadb97242fe031bc48a6b9361ca703d69f4d1443fa879e5a6a3d	28
file	preflight-logs/selfcheck/collector-v10-test/schema-strict_integer__signal_number__float/audits/final-endpoint.txt	4de3fd1d1eeb08dd7976b911c02a38dba961cf2c27f9341b2c79ae214af5af25	13
file	preflight-logs/selfcheck/collector-v10-test/schema-strict_integer__signal_number__float/final-status.txt	fcf408e9027f8da7256e7e313db0ae5ab14e052e4d1e2e5eea1e3abb727cd3ae	817
file	preflight-logs/selfcheck/collector-v10-test/schema-strict_integer__signal_number__float/finalization-order.txt	03ad30618a52f1f535ed2a1fe167b029cca0bad0728bb66c7865c3445e1d5473	185
directory	preflight-logs/selfcheck/collector-v10-test/schema-strict_integer__signal_number__float/hooks	-	0
file	preflight-logs/selfcheck/collector-v10-test/schema-strict_integer__signal_number__float/outer-signals.json	4fb60ad7e50f3d3e74be335a9587702917d201cd33bc8e170399e8741bb33273	199
directory	preflight-logs/selfcheck/collector-v10-test/schema-strict_integer__signal_number__float/raw	-	0
file	preflight-logs/selfcheck/collector-v10-test/schema-strict_integer__signal_number__float/raw.seal.sha256	b07d816b8469735400b9f0915be4d0c38fcf71d38123b90c405839c848667992	795
directory	preflight-logs/selfcheck/collector-v10-test/schema-strict_integer__signal_number__float/raw/preflight	-	0
file	preflight-logs/selfcheck/collector-v10-test/schema-strict_integer__signal_number__float/raw/preflight.session-ready	39feceb2eced7e3165a8f7f40852708b835f274d4ff94896baface7efca6a52d	109
file	preflight-logs/selfcheck/collector-v10-test/schema-strict_integer__signal_number__float/raw/preflight.session-ready.go	c2fc355f2b52e01ea670dc8b27f1c8f3a268d68b4b399a0cf91544cb975792df	3
file	preflight-logs/selfcheck/collector-v10-test/schema-strict_integer__signal_number__float/raw/preflight/fixture.endpoints	2eadd75476b6a4eeba05e3eacf1d3a539e6464e756c068236a5e477c1ef8769b	27
file	preflight-logs/selfcheck/collector-v10-test/schema-strict_integer__signal_number__float/raw/preflight/init.go	c2fc355f2b52e01ea670dc8b27f1c8f3a268d68b4b399a0cf91544cb975792df	3
file	preflight-logs/selfcheck/collector-v10-test/schema-strict_integer__signal_number__float/raw/preflight/init.ready	fcce5a7e838ce7dccfb11a0f7ea2b2de5a88214be1c7fe3a7c540e611f597c0a	109
file	preflight-logs/selfcheck/collector-v10-test/schema-strict_integer__signal_number__float/raw/stderr	e3b0c44298fc1c149afbf4c8996fb92427ae41e4649b934ca495991b7852b855	0
file	preflight-logs/selfcheck/collector-v10-test/schema-strict_integer__signal_number__float/raw/stdout	e3b0c44298fc1c149afbf4c8996fb92427ae41e4649b934ca495991b7852b855	0
file	preflight-logs/selfcheck/collector-v10-test/schema-strict_integer__signal_number__float/raw/supervisor.json	3f6d9e1d8c9b6c18e3641a94ebe564cccc89711be3334810c9975b2d7eabc7bb	9033
file	preflight-logs/selfcheck/collector-v10-test/schema-strict_integer__signal_number__float/raw/supervisor.ready	ed1a545bb85e55816bbf9566b028b2a0bc456b88f49f6f266c0401048824194b	6
directory	preflight-logs/selfcheck/collector-v10-test/schema-strict_integer__signal_number__float/tmp	-	0
directory	preflight-logs/selfcheck/collector-v10-test/schema-strict_integer__signal_target_pgid__bool	-	0
file	preflight-logs/selfcheck/collector-v10-test/schema-strict_integer__signal_target_pgid__bool.collector.stderr	95d0d3f59e7bbe61db477eca83de7244fde616f8eaff7339ba8fbde0b0725938	81
file	preflight-logs/selfcheck/collector-v10-test/schema-strict_integer__signal_target_pgid__bool.collector.stdout	e3b0c44298fc1c149afbf4c8996fb92427ae41e4649b934ca495991b7852b855	0
directory	preflight-logs/selfcheck/collector-v10-test/schema-strict_integer__signal_target_pgid__bool/audits	-	0
file	preflight-logs/selfcheck/collector-v10-test/schema-strict_integer__signal_target_pgid__bool/audits/final-artifacts.tsv	07da53e6ddfcfadb97242fe031bc48a6b9361ca703d69f4d1443fa879e5a6a3d	28
file	preflight-logs/selfcheck/collector-v10-test/schema-strict_integer__signal_target_pgid__bool/audits/final-endpoint.txt	4de3fd1d1eeb08dd7976b911c02a38dba961cf2c27f9341b2c79ae214af5af25	13
file	preflight-logs/selfcheck/collector-v10-test/schema-strict_integer__signal_target_pgid__bool/final-status.txt	e098441f65b0a90c61a22a4e5f94fa177977aa85483a0e602fc4ec7d5579815d	819
file	preflight-logs/selfcheck/collector-v10-test/schema-strict_integer__signal_target_pgid__bool/finalization-order.txt	03ad30618a52f1f535ed2a1fe167b029cca0bad0728bb66c7865c3445e1d5473	185
directory	preflight-logs/selfcheck/collector-v10-test/schema-strict_integer__signal_target_pgid__bool/hooks	-	0
file	preflight-logs/selfcheck/collector-v10-test/schema-strict_integer__signal_target_pgid__bool/outer-signals.json	4fb60ad7e50f3d3e74be335a9587702917d201cd33bc8e170399e8741bb33273	199
directory	preflight-logs/selfcheck/collector-v10-test/schema-strict_integer__signal_target_pgid__bool/raw	-	0
file	preflight-logs/selfcheck/collector-v10-test/schema-strict_integer__signal_target_pgid__bool/raw.seal.sha256	aa909111ecdf6ecd4ce1f57b11ac3fc5c80de7ba474102a167518d070f7ff9d8	795
directory	preflight-logs/selfcheck/collector-v10-test/schema-strict_integer__signal_target_pgid__bool/raw/preflight	-	0
file	preflight-logs/selfcheck/collector-v10-test/schema-strict_integer__signal_target_pgid__bool/raw/preflight.session-ready	39feceb2eced7e3165a8f7f40852708b835f274d4ff94896baface7efca6a52d	109
file	preflight-logs/selfcheck/collector-v10-test/schema-strict_integer__signal_target_pgid__bool/raw/preflight.session-ready.go	c2fc355f2b52e01ea670dc8b27f1c8f3a268d68b4b399a0cf91544cb975792df	3
file	preflight-logs/selfcheck/collector-v10-test/schema-strict_integer__signal_target_pgid__bool/raw/preflight/fixture.endpoints	2eadd75476b6a4eeba05e3eacf1d3a539e6464e756c068236a5e477c1ef8769b	27
file	preflight-logs/selfcheck/collector-v10-test/schema-strict_integer__signal_target_pgid__bool/raw/preflight/init.go	c2fc355f2b52e01ea670dc8b27f1c8f3a268d68b4b399a0cf91544cb975792df	3
file	preflight-logs/selfcheck/collector-v10-test/schema-strict_integer__signal_target_pgid__bool/raw/preflight/init.ready	a34aa4cda3eb398d395d160d796385d01b8d0e71796e4be2383cfc94cb257b89	109
file	preflight-logs/selfcheck/collector-v10-test/schema-strict_integer__signal_target_pgid__bool/raw/stderr	e3b0c44298fc1c149afbf4c8996fb92427ae41e4649b934ca495991b7852b855	0
file	preflight-logs/selfcheck/collector-v10-test/schema-strict_integer__signal_target_pgid__bool/raw/stdout	e3b0c44298fc1c149afbf4c8996fb92427ae41e4649b934ca495991b7852b855	0
file	preflight-logs/selfcheck/collector-v10-test/schema-strict_integer__signal_target_pgid__bool/raw/supervisor.json	28e829c0b442262de1fe5332c2acd8c4ed2607c7f870774cddf0584d918fdead	9061
file	preflight-logs/selfcheck/collector-v10-test/schema-strict_integer__signal_target_pgid__bool/raw/supervisor.ready	ed1a545bb85e55816bbf9566b028b2a0bc456b88f49f6f266c0401048824194b	6
directory	preflight-logs/selfcheck/collector-v10-test/schema-strict_integer__signal_target_pgid__bool/tmp	-	0
directory	preflight-logs/selfcheck/collector-v10-test/schema-strict_integer__signal_target_pgid__float	-	0
file	preflight-logs/selfcheck/collector-v10-test/schema-strict_integer__signal_target_pgid__float.collector.stderr	95d0d3f59e7bbe61db477eca83de7244fde616f8eaff7339ba8fbde0b0725938	81
file	preflight-logs/selfcheck/collector-v10-test/schema-strict_integer__signal_target_pgid__float.collector.stdout	e3b0c44298fc1c149afbf4c8996fb92427ae41e4649b934ca495991b7852b855	0
directory	preflight-logs/selfcheck/collector-v10-test/schema-strict_integer__signal_target_pgid__float/audits	-	0
file	preflight-logs/selfcheck/collector-v10-test/schema-strict_integer__signal_target_pgid__float/audits/final-artifacts.tsv	07da53e6ddfcfadb97242fe031bc48a6b9361ca703d69f4d1443fa879e5a6a3d	28
file	preflight-logs/selfcheck/collector-v10-test/schema-strict_integer__signal_target_pgid__float/audits/final-endpoint.txt	4de3fd1d1eeb08dd7976b911c02a38dba961cf2c27f9341b2c79ae214af5af25	13
file	preflight-logs/selfcheck/collector-v10-test/schema-strict_integer__signal_target_pgid__float/final-status.txt	aaf74271b3f28845ecc44489e4f4413a08c0c710202904aaf2820a2f3a7bf9e4	820
file	preflight-logs/selfcheck/collector-v10-test/schema-strict_integer__signal_target_pgid__float/finalization-order.txt	03ad30618a52f1f535ed2a1fe167b029cca0bad0728bb66c7865c3445e1d5473	185
directory	preflight-logs/selfcheck/collector-v10-test/schema-strict_integer__signal_target_pgid__float/hooks	-	0
file	preflight-logs/selfcheck/collector-v10-test/schema-strict_integer__signal_target_pgid__float/outer-signals.json	4fb60ad7e50f3d3e74be335a9587702917d201cd33bc8e170399e8741bb33273	199
directory	preflight-logs/selfcheck/collector-v10-test/schema-strict_integer__signal_target_pgid__float/raw	-	0
file	preflight-logs/selfcheck/collector-v10-test/schema-strict_integer__signal_target_pgid__float/raw.seal.sha256	c3eb0d1d1b5a31ec73fab8dcdf9431812256b3b3182552e55f3fb9253bdf8a29	795
directory	preflight-logs/selfcheck/collector-v10-test/schema-strict_integer__signal_target_pgid__float/raw/preflight	-	0
file	preflight-logs/selfcheck/collector-v10-test/schema-strict_integer__signal_target_pgid__float/raw/preflight.session-ready	39feceb2eced7e3165a8f7f40852708b835f274d4ff94896baface7efca6a52d	109
file	preflight-logs/selfcheck/collector-v10-test/schema-strict_integer__signal_target_pgid__float/raw/preflight.session-ready.go	c2fc355f2b52e01ea670dc8b27f1c8f3a268d68b4b399a0cf91544cb975792df	3
file	preflight-logs/selfcheck/collector-v10-test/schema-strict_integer__signal_target_pgid__float/raw/preflight/fixture.endpoints	2eadd75476b6a4eeba05e3eacf1d3a539e6464e756c068236a5e477c1ef8769b	27
file	preflight-logs/selfcheck/collector-v10-test/schema-strict_integer__signal_target_pgid__float/raw/preflight/init.go	c2fc355f2b52e01ea670dc8b27f1c8f3a268d68b4b399a0cf91544cb975792df	3
file	preflight-logs/selfcheck/collector-v10-test/schema-strict_integer__signal_target_pgid__float/raw/preflight/init.ready	fcce5a7e838ce7dccfb11a0f7ea2b2de5a88214be1c7fe3a7c540e611f597c0a	109
file	preflight-logs/selfcheck/collector-v10-test/schema-strict_integer__signal_target_pgid__float/raw/stderr	e3b0c44298fc1c149afbf4c8996fb92427ae41e4649b934ca495991b7852b855	0
file	preflight-logs/selfcheck/collector-v10-test/schema-strict_integer__signal_target_pgid__float/raw/stdout	e3b0c44298fc1c149afbf4c8996fb92427ae41e4649b934ca495991b7852b855	0
file	preflight-logs/selfcheck/collector-v10-test/schema-strict_integer__signal_target_pgid__float/raw/supervisor.json	0670228547a925dd0a37639ec07e957e0c61672b3ab8610a267feb3a488cb360	9069
file	preflight-logs/selfcheck/collector-v10-test/schema-strict_integer__signal_target_pgid__float/raw/supervisor.ready	ed1a545bb85e55816bbf9566b028b2a0bc456b88f49f6f266c0401048824194b	6
directory	preflight-logs/selfcheck/collector-v10-test/schema-strict_integer__signal_target_pgid__float/tmp	-	0
directory	preflight-logs/selfcheck/collector-v10-test/schema-strict_integer__supervisor_return_status__bool	-	0
file	preflight-logs/selfcheck/collector-v10-test/schema-strict_integer__supervisor_return_status__bool.collector.stderr	844b5033a4e447dd1d9bc8f1cf7a119cd635fbc39c4ab5e8d3560327407d6915	94
file	preflight-logs/selfcheck/collector-v10-test/schema-strict_integer__supervisor_return_status__bool.collector.stdout	e3b0c44298fc1c149afbf4c8996fb92427ae41e4649b934ca495991b7852b855	0
directory	preflight-logs/selfcheck/collector-v10-test/schema-strict_integer__supervisor_return_status__bool/audits	-	0
file	preflight-logs/selfcheck/collector-v10-test/schema-strict_integer__supervisor_return_status__bool/audits/final-artifacts.tsv	07da53e6ddfcfadb97242fe031bc48a6b9361ca703d69f4d1443fa879e5a6a3d	28
file	preflight-logs/selfcheck/collector-v10-test/schema-strict_integer__supervisor_return_status__bool/audits/final-endpoint.txt	4de3fd1d1eeb08dd7976b911c02a38dba961cf2c27f9341b2c79ae214af5af25	13
file	preflight-logs/selfcheck/collector-v10-test/schema-strict_integer__supervisor_return_status__bool/final-status.txt	bff3898bd315f2e808f5f621eba7d3746db53b06dd658dc644ec40e8bedfbe9f	838
file	preflight-logs/selfcheck/collector-v10-test/schema-strict_integer__supervisor_return_status__bool/finalization-order.txt	03ad30618a52f1f535ed2a1fe167b029cca0bad0728bb66c7865c3445e1d5473	185
directory	preflight-logs/selfcheck/collector-v10-test/schema-strict_integer__supervisor_return_status__bool/hooks	-	0
file	preflight-logs/selfcheck/collector-v10-test/schema-strict_integer__supervisor_return_status__bool/outer-signals.json	4fb60ad7e50f3d3e74be335a9587702917d201cd33bc8e170399e8741bb33273	199
directory	preflight-logs/selfcheck/collector-v10-test/schema-strict_integer__supervisor_return_status__bool/raw	-	0
file	preflight-logs/selfcheck/collector-v10-test/schema-strict_integer__supervisor_return_status__bool/raw.seal.sha256	6a1ca2d79b413b800e8dc0f75799dd1747e6463cd38dddff6cc088e61a21310f	795
directory	preflight-logs/selfcheck/collector-v10-test/schema-strict_integer__supervisor_return_status__bool/raw/preflight	-	0
file	preflight-logs/selfcheck/collector-v10-test/schema-strict_integer__supervisor_return_status__bool/raw/preflight.session-ready	39feceb2eced7e3165a8f7f40852708b835f274d4ff94896baface7efca6a52d	109
file	preflight-logs/selfcheck/collector-v10-test/schema-strict_integer__supervisor_return_status__bool/raw/preflight.session-ready.go	c2fc355f2b52e01ea670dc8b27f1c8f3a268d68b4b399a0cf91544cb975792df	3
file	preflight-logs/selfcheck/collector-v10-test/schema-strict_integer__supervisor_return_status__bool/raw/preflight/fixture.endpoints	2eadd75476b6a4eeba05e3eacf1d3a539e6464e756c068236a5e477c1ef8769b	27
file	preflight-logs/selfcheck/collector-v10-test/schema-strict_integer__supervisor_return_status__bool/raw/preflight/init.go	c2fc355f2b52e01ea670dc8b27f1c8f3a268d68b4b399a0cf91544cb975792df	3
file	preflight-logs/selfcheck/collector-v10-test/schema-strict_integer__supervisor_return_status__bool/raw/preflight/init.ready	fcce5a7e838ce7dccfb11a0f7ea2b2de5a88214be1c7fe3a7c540e611f597c0a	109
file	preflight-logs/selfcheck/collector-v10-test/schema-strict_integer__supervisor_return_status__bool/raw/stderr	e3b0c44298fc1c149afbf4c8996fb92427ae41e4649b934ca495991b7852b855	0
file	preflight-logs/selfcheck/collector-v10-test/schema-strict_integer__supervisor_return_status__bool/raw/stdout	e3b0c44298fc1c149afbf4c8996fb92427ae41e4649b934ca495991b7852b855	0
file	preflight-logs/selfcheck/collector-v10-test/schema-strict_integer__supervisor_return_status__bool/raw/supervisor.json	11a75aef418d13a09faec690fad531693faf04aa5639b32407a76193a8077789	8916
file	preflight-logs/selfcheck/collector-v10-test/schema-strict_integer__supervisor_return_status__bool/raw/supervisor.ready	ed1a545bb85e55816bbf9566b028b2a0bc456b88f49f6f266c0401048824194b	6
directory	preflight-logs/selfcheck/collector-v10-test/schema-strict_integer__supervisor_return_status__bool/tmp	-	0
directory	preflight-logs/selfcheck/collector-v10-test/schema-strict_integer__supervisor_return_status__float	-	0
file	preflight-logs/selfcheck/collector-v10-test/schema-strict_integer__supervisor_return_status__float.collector.stderr	844b5033a4e447dd1d9bc8f1cf7a119cd635fbc39c4ab5e8d3560327407d6915	94
file	preflight-logs/selfcheck/collector-v10-test/schema-strict_integer__supervisor_return_status__float.collector.stdout	e3b0c44298fc1c149afbf4c8996fb92427ae41e4649b934ca495991b7852b855	0
directory	preflight-logs/selfcheck/collector-v10-test/schema-strict_integer__supervisor_return_status__float/audits	-	0
file	preflight-logs/selfcheck/collector-v10-test/schema-strict_integer__supervisor_return_status__float/audits/final-artifacts.tsv	07da53e6ddfcfadb97242fe031bc48a6b9361ca703d69f4d1443fa879e5a6a3d	28
file	preflight-logs/selfcheck/collector-v10-test/schema-strict_integer__supervisor_return_status__float/audits/final-endpoint.txt	4de3fd1d1eeb08dd7976b911c02a38dba961cf2c27f9341b2c79ae214af5af25	13
file	preflight-logs/selfcheck/collector-v10-test/schema-strict_integer__supervisor_return_status__float/final-status.txt	28ded0c550a200783b11e0bd44d8c971841aa6da579dcbc807d0886b0188c660	839
file	preflight-logs/selfcheck/collector-v10-test/schema-strict_integer__supervisor_return_status__float/finalization-order.txt	03ad30618a52f1f535ed2a1fe167b029cca0bad0728bb66c7865c3445e1d5473	185
directory	preflight-logs/selfcheck/collector-v10-test/schema-strict_integer__supervisor_return_status__float/hooks	-	0
file	preflight-logs/selfcheck/collector-v10-test/schema-strict_integer__supervisor_return_status__float/outer-signals.json	4fb60ad7e50f3d3e74be335a9587702917d201cd33bc8e170399e8741bb33273	199
directory	preflight-logs/selfcheck/collector-v10-test/schema-strict_integer__supervisor_return_status__float/raw	-	0
file	preflight-logs/selfcheck/collector-v10-test/schema-strict_integer__supervisor_return_status__float/raw.seal.sha256	20db3047de36453894552241d1336b82183de9d1b989073f76dfe190f5784d9e	795
directory	preflight-logs/selfcheck/collector-v10-test/schema-strict_integer__supervisor_return_status__float/raw/preflight	-	0
file	preflight-logs/selfcheck/collector-v10-test/schema-strict_integer__supervisor_return_status__float/raw/preflight.session-ready	39feceb2eced7e3165a8f7f40852708b835f274d4ff94896baface7efca6a52d	109
file	preflight-logs/selfcheck/collector-v10-test/schema-strict_integer__supervisor_return_status__float/raw/preflight.session-ready.go	c2fc355f2b52e01ea670dc8b27f1c8f3a268d68b4b399a0cf91544cb975792df	3
file	preflight-logs/selfcheck/collector-v10-test/schema-strict_integer__supervisor_return_status__float/raw/preflight/fixture.endpoints	2eadd75476b6a4eeba05e3eacf1d3a539e6464e756c068236a5e477c1ef8769b	27
file	preflight-logs/selfcheck/collector-v10-test/schema-strict_integer__supervisor_return_status__float/raw/preflight/init.go	c2fc355f2b52e01ea670dc8b27f1c8f3a268d68b4b399a0cf91544cb975792df	3
file	preflight-logs/selfcheck/collector-v10-test/schema-strict_integer__supervisor_return_status__float/raw/preflight/init.ready	fcce5a7e838ce7dccfb11a0f7ea2b2de5a88214be1c7fe3a7c540e611f597c0a	109
file	preflight-logs/selfcheck/collector-v10-test/schema-strict_integer__supervisor_return_status__float/raw/stderr	e3b0c44298fc1c149afbf4c8996fb92427ae41e4649b934ca495991b7852b855	0
file	preflight-logs/selfcheck/collector-v10-test/schema-strict_integer__supervisor_return_status__float/raw/stdout	e3b0c44298fc1c149afbf4c8996fb92427ae41e4649b934ca495991b7852b855	0
file	preflight-logs/selfcheck/collector-v10-test/schema-strict_integer__supervisor_return_status__float/raw/supervisor.json	ec76ed4412fcf5afa9d7dd7dbb10d636944e1336ff90cfa9f7915e72b7aa2198	8921
file	preflight-logs/selfcheck/collector-v10-test/schema-strict_integer__supervisor_return_status__float/raw/supervisor.ready	ed1a545bb85e55816bbf9566b028b2a0bc456b88f49f6f266c0401048824194b	6
directory	preflight-logs/selfcheck/collector-v10-test/schema-strict_integer__supervisor_return_status__float/tmp	-	0
directory	preflight-logs/selfcheck/collector-v10-test/schema-strict_integer__wrapper_identity_pid__bool	-	0
file	preflight-logs/selfcheck/collector-v10-test/schema-strict_integer__wrapper_identity_pid__bool.collector.stderr	913b3b85834fc504da2d472c8de61cce91f2d359a0cb22493229e41f126b3cd6	90
file	preflight-logs/selfcheck/collector-v10-test/schema-strict_integer__wrapper_identity_pid__bool.collector.stdout	e3b0c44298fc1c149afbf4c8996fb92427ae41e4649b934ca495991b7852b855	0
directory	preflight-logs/selfcheck/collector-v10-test/schema-strict_integer__wrapper_identity_pid__bool/audits	-	0
file	preflight-logs/selfcheck/collector-v10-test/schema-strict_integer__wrapper_identity_pid__bool/audits/final-artifacts.tsv	07da53e6ddfcfadb97242fe031bc48a6b9361ca703d69f4d1443fa879e5a6a3d	28
file	preflight-logs/selfcheck/collector-v10-test/schema-strict_integer__wrapper_identity_pid__bool/audits/final-endpoint.txt	4de3fd1d1eeb08dd7976b911c02a38dba961cf2c27f9341b2c79ae214af5af25	13
file	preflight-logs/selfcheck/collector-v10-test/schema-strict_integer__wrapper_identity_pid__bool/final-status.txt	1ec01d04b481c6fcc1c46da8c5e853a815f1c064b11c2f464d1f515dcd743589	830
file	preflight-logs/selfcheck/collector-v10-test/schema-strict_integer__wrapper_identity_pid__bool/finalization-order.txt	03ad30618a52f1f535ed2a1fe167b029cca0bad0728bb66c7865c3445e1d5473	185
directory	preflight-logs/selfcheck/collector-v10-test/schema-strict_integer__wrapper_identity_pid__bool/hooks	-	0
file	preflight-logs/selfcheck/collector-v10-test/schema-strict_integer__wrapper_identity_pid__bool/outer-signals.json	4fb60ad7e50f3d3e74be335a9587702917d201cd33bc8e170399e8741bb33273	199
directory	preflight-logs/selfcheck/collector-v10-test/schema-strict_integer__wrapper_identity_pid__bool/raw	-	0
file	preflight-logs/selfcheck/collector-v10-test/schema-strict_integer__wrapper_identity_pid__bool/raw.seal.sha256	92c15e9f8554a60edaf5187e6f777e4e9bad8cf23bdf74455495126abc57272e	795
directory	preflight-logs/selfcheck/collector-v10-test/schema-strict_integer__wrapper_identity_pid__bool/raw/preflight	-	0
file	preflight-logs/selfcheck/collector-v10-test/schema-strict_integer__wrapper_identity_pid__bool/raw/preflight.session-ready	39feceb2eced7e3165a8f7f40852708b835f274d4ff94896baface7efca6a52d	109
file	preflight-logs/selfcheck/collector-v10-test/schema-strict_integer__wrapper_identity_pid__bool/raw/preflight.session-ready.go	c2fc355f2b52e01ea670dc8b27f1c8f3a268d68b4b399a0cf91544cb975792df	3
file	preflight-logs/selfcheck/collector-v10-test/schema-strict_integer__wrapper_identity_pid__bool/raw/preflight/fixture.endpoints	2eadd75476b6a4eeba05e3eacf1d3a539e6464e756c068236a5e477c1ef8769b	27
file	preflight-logs/selfcheck/collector-v10-test/schema-strict_integer__wrapper_identity_pid__bool/raw/preflight/init.go	c2fc355f2b52e01ea670dc8b27f1c8f3a268d68b4b399a0cf91544cb975792df	3
file	preflight-logs/selfcheck/collector-v10-test/schema-strict_integer__wrapper_identity_pid__bool/raw/preflight/init.ready	fcce5a7e838ce7dccfb11a0f7ea2b2de5a88214be1c7fe3a7c540e611f597c0a	109
file	preflight-logs/selfcheck/collector-v10-test/schema-strict_integer__wrapper_identity_pid__bool/raw/stderr	e3b0c44298fc1c149afbf4c8996fb92427ae41e4649b934ca495991b7852b855	0
file	preflight-logs/selfcheck/collector-v10-test/schema-strict_integer__wrapper_identity_pid__bool/raw/stdout	e3b0c44298fc1c149afbf4c8996fb92427ae41e4649b934ca495991b7852b855	0
file	preflight-logs/selfcheck/collector-v10-test/schema-strict_integer__wrapper_identity_pid__bool/raw/supervisor.json	a3a675e2b2a4290284a4aa92ab6d9400f44f2206ed485abf9aaccab9d9464205	8884
file	preflight-logs/selfcheck/collector-v10-test/schema-strict_integer__wrapper_identity_pid__bool/raw/supervisor.ready	ed1a545bb85e55816bbf9566b028b2a0bc456b88f49f6f266c0401048824194b	6
directory	preflight-logs/selfcheck/collector-v10-test/schema-strict_integer__wrapper_identity_pid__bool/tmp	-	0
directory	preflight-logs/selfcheck/collector-v10-test/schema-strict_integer__wrapper_identity_pid__float	-	0
file	preflight-logs/selfcheck/collector-v10-test/schema-strict_integer__wrapper_identity_pid__float.collector.stderr	913b3b85834fc504da2d472c8de61cce91f2d359a0cb22493229e41f126b3cd6	90
file	preflight-logs/selfcheck/collector-v10-test/schema-strict_integer__wrapper_identity_pid__float.collector.stdout	e3b0c44298fc1c149afbf4c8996fb92427ae41e4649b934ca495991b7852b855	0
directory	preflight-logs/selfcheck/collector-v10-test/schema-strict_integer__wrapper_identity_pid__float/audits	-	0
file	preflight-logs/selfcheck/collector-v10-test/schema-strict_integer__wrapper_identity_pid__float/audits/final-artifacts.tsv	07da53e6ddfcfadb97242fe031bc48a6b9361ca703d69f4d1443fa879e5a6a3d	28
file	preflight-logs/selfcheck/collector-v10-test/schema-strict_integer__wrapper_identity_pid__float/audits/final-endpoint.txt	4de3fd1d1eeb08dd7976b911c02a38dba961cf2c27f9341b2c79ae214af5af25	13
file	preflight-logs/selfcheck/collector-v10-test/schema-strict_integer__wrapper_identity_pid__float/final-status.txt	8d17409b62533137bc90af2b7b4f278f32c7ae5872941129097c6c9a1cbf3516	831
file	preflight-logs/selfcheck/collector-v10-test/schema-strict_integer__wrapper_identity_pid__float/finalization-order.txt	03ad30618a52f1f535ed2a1fe167b029cca0bad0728bb66c7865c3445e1d5473	185
directory	preflight-logs/selfcheck/collector-v10-test/schema-strict_integer__wrapper_identity_pid__float/hooks	-	0
file	preflight-logs/selfcheck/collector-v10-test/schema-strict_integer__wrapper_identity_pid__float/outer-signals.json	4fb60ad7e50f3d3e74be335a9587702917d201cd33bc8e170399e8741bb33273	199
directory	preflight-logs/selfcheck/collector-v10-test/schema-strict_integer__wrapper_identity_pid__float/raw	-	0
file	preflight-logs/selfcheck/collector-v10-test/schema-strict_integer__wrapper_identity_pid__float/raw.seal.sha256	704f2647b382fbb659181d25224f62324d9142f7de1efdcf060d217c045f71f1	795
directory	preflight-logs/selfcheck/collector-v10-test/schema-strict_integer__wrapper_identity_pid__float/raw/preflight	-	0
file	preflight-logs/selfcheck/collector-v10-test/schema-strict_integer__wrapper_identity_pid__float/raw/preflight.session-ready	39feceb2eced7e3165a8f7f40852708b835f274d4ff94896baface7efca6a52d	109
file	preflight-logs/selfcheck/collector-v10-test/schema-strict_integer__wrapper_identity_pid__float/raw/preflight.session-ready.go	c2fc355f2b52e01ea670dc8b27f1c8f3a268d68b4b399a0cf91544cb975792df	3
file	preflight-logs/selfcheck/collector-v10-test/schema-strict_integer__wrapper_identity_pid__float/raw/preflight/fixture.endpoints	2eadd75476b6a4eeba05e3eacf1d3a539e6464e756c068236a5e477c1ef8769b	27
file	preflight-logs/selfcheck/collector-v10-test/schema-strict_integer__wrapper_identity_pid__float/raw/preflight/init.go	c2fc355f2b52e01ea670dc8b27f1c8f3a268d68b4b399a0cf91544cb975792df	3
file	preflight-logs/selfcheck/collector-v10-test/schema-strict_integer__wrapper_identity_pid__float/raw/preflight/init.ready	fcce5a7e838ce7dccfb11a0f7ea2b2de5a88214be1c7fe3a7c540e611f597c0a	109
file	preflight-logs/selfcheck/collector-v10-test/schema-strict_integer__wrapper_identity_pid__float/raw/stderr	e3b0c44298fc1c149afbf4c8996fb92427ae41e4649b934ca495991b7852b855	0
file	preflight-logs/selfcheck/collector-v10-test/schema-strict_integer__wrapper_identity_pid__float/raw/stdout	e3b0c44298fc1c149afbf4c8996fb92427ae41e4649b934ca495991b7852b855	0
file	preflight-logs/selfcheck/collector-v10-test/schema-strict_integer__wrapper_identity_pid__float/raw/supervisor.json	d983b508dd9a9e25ae2bf0c42f9284142939a7f98898dbe326ac37348b0ba702	8893
file	preflight-logs/selfcheck/collector-v10-test/schema-strict_integer__wrapper_identity_pid__float/raw/supervisor.ready	ed1a545bb85e55816bbf9566b028b2a0bc456b88f49f6f266c0401048824194b	6
directory	preflight-logs/selfcheck/collector-v10-test/schema-strict_integer__wrapper_identity_pid__float/tmp	-	0
directory	preflight-logs/selfcheck/collector-v10-test/schema-strict_integer__wrapper_identity_starttime__bool	-	0
file	preflight-logs/selfcheck/collector-v10-test/schema-strict_integer__wrapper_identity_starttime__bool.collector.stderr	72b769dc21c4457e82afa9fdcc304dc57eda60294104933465e404000be68f2d	96
file	preflight-logs/selfcheck/collector-v10-test/schema-strict_integer__wrapper_identity_starttime__bool.collector.stdout	e3b0c44298fc1c149afbf4c8996fb92427ae41e4649b934ca495991b7852b855	0
directory	preflight-logs/selfcheck/collector-v10-test/schema-strict_integer__wrapper_identity_starttime__bool/audits	-	0
file	preflight-logs/selfcheck/collector-v10-test/schema-strict_integer__wrapper_identity_starttime__bool/audits/final-artifacts.tsv	07da53e6ddfcfadb97242fe031bc48a6b9361ca703d69f4d1443fa879e5a6a3d	28
file	preflight-logs/selfcheck/collector-v10-test/schema-strict_integer__wrapper_identity_starttime__bool/audits/final-endpoint.txt	4de3fd1d1eeb08dd7976b911c02a38dba961cf2c27f9341b2c79ae214af5af25	13
file	preflight-logs/selfcheck/collector-v10-test/schema-strict_integer__wrapper_identity_starttime__bool/final-status.txt	4e3651b7d547c25f080fd32650ffabeb982e3adc10206ad14e3f1a44900ce599	842
file	preflight-logs/selfcheck/collector-v10-test/schema-strict_integer__wrapper_identity_starttime__bool/finalization-order.txt	03ad30618a52f1f535ed2a1fe167b029cca0bad0728bb66c7865c3445e1d5473	185
directory	preflight-logs/selfcheck/collector-v10-test/schema-strict_integer__wrapper_identity_starttime__bool/hooks	-	0
file	preflight-logs/selfcheck/collector-v10-test/schema-strict_integer__wrapper_identity_starttime__bool/outer-signals.json	4fb60ad7e50f3d3e74be335a9587702917d201cd33bc8e170399e8741bb33273	199
directory	preflight-logs/selfcheck/collector-v10-test/schema-strict_integer__wrapper_identity_starttime__bool/raw	-	0
file	preflight-logs/selfcheck/collector-v10-test/schema-strict_integer__wrapper_identity_starttime__bool/raw.seal.sha256	f0ec7accd293e67725b5d1721a006738531d7ba91e28db28845eed2b12b18ad7	795
directory	preflight-logs/selfcheck/collector-v10-test/schema-strict_integer__wrapper_identity_starttime__bool/raw/preflight	-	0
file	preflight-logs/selfcheck/collector-v10-test/schema-strict_integer__wrapper_identity_starttime__bool/raw/preflight.session-ready	39feceb2eced7e3165a8f7f40852708b835f274d4ff94896baface7efca6a52d	109
file	preflight-logs/selfcheck/collector-v10-test/schema-strict_integer__wrapper_identity_starttime__bool/raw/preflight.session-ready.go	c2fc355f2b52e01ea670dc8b27f1c8f3a268d68b4b399a0cf91544cb975792df	3
file	preflight-logs/selfcheck/collector-v10-test/schema-strict_integer__wrapper_identity_starttime__bool/raw/preflight/fixture.endpoints	2eadd75476b6a4eeba05e3eacf1d3a539e6464e756c068236a5e477c1ef8769b	27
file	preflight-logs/selfcheck/collector-v10-test/schema-strict_integer__wrapper_identity_starttime__bool/raw/preflight/init.go	c2fc355f2b52e01ea670dc8b27f1c8f3a268d68b4b399a0cf91544cb975792df	3
file	preflight-logs/selfcheck/collector-v10-test/schema-strict_integer__wrapper_identity_starttime__bool/raw/preflight/init.ready	fcce5a7e838ce7dccfb11a0f7ea2b2de5a88214be1c7fe3a7c540e611f597c0a	109
file	preflight-logs/selfcheck/collector-v10-test/schema-strict_integer__wrapper_identity_starttime__bool/raw/stderr	e3b0c44298fc1c149afbf4c8996fb92427ae41e4649b934ca495991b7852b855	0
file	preflight-logs/selfcheck/collector-v10-test/schema-strict_integer__wrapper_identity_starttime__bool/raw/stdout	e3b0c44298fc1c149afbf4c8996fb92427ae41e4649b934ca495991b7852b855	0
file	preflight-logs/selfcheck/collector-v10-test/schema-strict_integer__wrapper_identity_starttime__bool/raw/supervisor.json	354869f508f162526fc9121f0685608bc1aee3478fd1c8aa71b33ba232c52095	8921
file	preflight-logs/selfcheck/collector-v10-test/schema-strict_integer__wrapper_identity_starttime__bool/raw/supervisor.ready	ed1a545bb85e55816bbf9566b028b2a0bc456b88f49f6f266c0401048824194b	6
directory	preflight-logs/selfcheck/collector-v10-test/schema-strict_integer__wrapper_identity_starttime__bool/tmp	-	0
directory	preflight-logs/selfcheck/collector-v10-test/schema-strict_integer__wrapper_identity_starttime__float	-	0
file	preflight-logs/selfcheck/collector-v10-test/schema-strict_integer__wrapper_identity_starttime__float.collector.stderr	72b769dc21c4457e82afa9fdcc304dc57eda60294104933465e404000be68f2d	96
file	preflight-logs/selfcheck/collector-v10-test/schema-strict_integer__wrapper_identity_starttime__float.collector.stdout	e3b0c44298fc1c149afbf4c8996fb92427ae41e4649b934ca495991b7852b855	0
directory	preflight-logs/selfcheck/collector-v10-test/schema-strict_integer__wrapper_identity_starttime__float/audits	-	0
file	preflight-logs/selfcheck/collector-v10-test/schema-strict_integer__wrapper_identity_starttime__float/audits/final-artifacts.tsv	07da53e6ddfcfadb97242fe031bc48a6b9361ca703d69f4d1443fa879e5a6a3d	28
file	preflight-logs/selfcheck/collector-v10-test/schema-strict_integer__wrapper_identity_starttime__float/audits/final-endpoint.txt	4de3fd1d1eeb08dd7976b911c02a38dba961cf2c27f9341b2c79ae214af5af25	13
file	preflight-logs/selfcheck/collector-v10-test/schema-strict_integer__wrapper_identity_starttime__float/final-status.txt	82e8f14ee5fcc5843b1a67e649e88fa82865bed8804e4beca746e948eafc0491	843
file	preflight-logs/selfcheck/collector-v10-test/schema-strict_integer__wrapper_identity_starttime__float/finalization-order.txt	03ad30618a52f1f535ed2a1fe167b029cca0bad0728bb66c7865c3445e1d5473	185
directory	preflight-logs/selfcheck/collector-v10-test/schema-strict_integer__wrapper_identity_starttime__float/hooks	-	0
file	preflight-logs/selfcheck/collector-v10-test/schema-strict_integer__wrapper_identity_starttime__float/outer-signals.json	4fb60ad7e50f3d3e74be335a9587702917d201cd33bc8e170399e8741bb33273	199
directory	preflight-logs/selfcheck/collector-v10-test/schema-strict_integer__wrapper_identity_starttime__float/raw	-	0
file	preflight-logs/selfcheck/collector-v10-test/schema-strict_integer__wrapper_identity_starttime__float/raw.seal.sha256	ce66efd1121a50562a39be58b72b47c248aef56260ee99221d73935770c1645a	795
directory	preflight-logs/selfcheck/collector-v10-test/schema-strict_integer__wrapper_identity_starttime__float/raw/preflight	-	0
file	preflight-logs/selfcheck/collector-v10-test/schema-strict_integer__wrapper_identity_starttime__float/raw/preflight.session-ready	39feceb2eced7e3165a8f7f40852708b835f274d4ff94896baface7efca6a52d	109
file	preflight-logs/selfcheck/collector-v10-test/schema-strict_integer__wrapper_identity_starttime__float/raw/preflight.session-ready.go	c2fc355f2b52e01ea670dc8b27f1c8f3a268d68b4b399a0cf91544cb975792df	3
file	preflight-logs/selfcheck/collector-v10-test/schema-strict_integer__wrapper_identity_starttime__float/raw/preflight/fixture.endpoints	2eadd75476b6a4eeba05e3eacf1d3a539e6464e756c068236a5e477c1ef8769b	27
file	preflight-logs/selfcheck/collector-v10-test/schema-strict_integer__wrapper_identity_starttime__float/raw/preflight/init.go	c2fc355f2b52e01ea670dc8b27f1c8f3a268d68b4b399a0cf91544cb975792df	3
file	preflight-logs/selfcheck/collector-v10-test/schema-strict_integer__wrapper_identity_starttime__float/raw/preflight/init.ready	fcce5a7e838ce7dccfb11a0f7ea2b2de5a88214be1c7fe3a7c540e611f597c0a	109
file	preflight-logs/selfcheck/collector-v10-test/schema-strict_integer__wrapper_identity_starttime__float/raw/stderr	e3b0c44298fc1c149afbf4c8996fb92427ae41e4649b934ca495991b7852b855	0
file	preflight-logs/selfcheck/collector-v10-test/schema-strict_integer__wrapper_identity_starttime__float/raw/stdout	e3b0c44298fc1c149afbf4c8996fb92427ae41e4649b934ca495991b7852b855	0
file	preflight-logs/selfcheck/collector-v10-test/schema-strict_integer__wrapper_identity_starttime__float/raw/supervisor.json	a2044aaed30480945bb1ff51359cd9d1c69f038c48f15b1048d96966763ba902	8934
file	preflight-logs/selfcheck/collector-v10-test/schema-strict_integer__wrapper_identity_starttime__float/raw/supervisor.ready	ed1a545bb85e55816bbf9566b028b2a0bc456b88f49f6f266c0401048824194b	6
directory	preflight-logs/selfcheck/collector-v10-test/schema-strict_integer__wrapper_identity_starttime__float/tmp	-	0
directory	preflight-logs/selfcheck/collector-v10-test/schema-strict_integer__wrapper_returncode__bool	-	0
file	preflight-logs/selfcheck/collector-v10-test/schema-strict_integer__wrapper_returncode__bool.collector.stderr	58182e9c1cb26d224939d39346c3090664890458236be2415c1d812e1f0f468d	88
file	preflight-logs/selfcheck/collector-v10-test/schema-strict_integer__wrapper_returncode__bool.collector.stdout	e3b0c44298fc1c149afbf4c8996fb92427ae41e4649b934ca495991b7852b855	0
directory	preflight-logs/selfcheck/collector-v10-test/schema-strict_integer__wrapper_returncode__bool/audits	-	0
file	preflight-logs/selfcheck/collector-v10-test/schema-strict_integer__wrapper_returncode__bool/audits/final-artifacts.tsv	07da53e6ddfcfadb97242fe031bc48a6b9361ca703d69f4d1443fa879e5a6a3d	28
file	preflight-logs/selfcheck/collector-v10-test/schema-strict_integer__wrapper_returncode__bool/audits/final-endpoint.txt	4de3fd1d1eeb08dd7976b911c02a38dba961cf2c27f9341b2c79ae214af5af25	13
file	preflight-logs/selfcheck/collector-v10-test/schema-strict_integer__wrapper_returncode__bool/final-status.txt	3873277bcfd2eeee327665901d568639cd164646697bdcd1b07e23de418ca414	826
file	preflight-logs/selfcheck/collector-v10-test/schema-strict_integer__wrapper_returncode__bool/finalization-order.txt	03ad30618a52f1f535ed2a1fe167b029cca0bad0728bb66c7865c3445e1d5473	185
directory	preflight-logs/selfcheck/collector-v10-test/schema-strict_integer__wrapper_returncode__bool/hooks	-	0
file	preflight-logs/selfcheck/collector-v10-test/schema-strict_integer__wrapper_returncode__bool/outer-signals.json	4fb60ad7e50f3d3e74be335a9587702917d201cd33bc8e170399e8741bb33273	199
directory	preflight-logs/selfcheck/collector-v10-test/schema-strict_integer__wrapper_returncode__bool/raw	-	0
file	preflight-logs/selfcheck/collector-v10-test/schema-strict_integer__wrapper_returncode__bool/raw.seal.sha256	775c0e37e42dce521a829d3c6f20458351f26058d9542c057916bb65cc4b36e0	795
directory	preflight-logs/selfcheck/collector-v10-test/schema-strict_integer__wrapper_returncode__bool/raw/preflight	-	0
file	preflight-logs/selfcheck/collector-v10-test/schema-strict_integer__wrapper_returncode__bool/raw/preflight.session-ready	39feceb2eced7e3165a8f7f40852708b835f274d4ff94896baface7efca6a52d	109
file	preflight-logs/selfcheck/collector-v10-test/schema-strict_integer__wrapper_returncode__bool/raw/preflight.session-ready.go	c2fc355f2b52e01ea670dc8b27f1c8f3a268d68b4b399a0cf91544cb975792df	3
file	preflight-logs/selfcheck/collector-v10-test/schema-strict_integer__wrapper_returncode__bool/raw/preflight/fixture.endpoints	2eadd75476b6a4eeba05e3eacf1d3a539e6464e756c068236a5e477c1ef8769b	27
file	preflight-logs/selfcheck/collector-v10-test/schema-strict_integer__wrapper_returncode__bool/raw/preflight/init.go	c2fc355f2b52e01ea670dc8b27f1c8f3a268d68b4b399a0cf91544cb975792df	3
file	preflight-logs/selfcheck/collector-v10-test/schema-strict_integer__wrapper_returncode__bool/raw/preflight/init.ready	fcce5a7e838ce7dccfb11a0f7ea2b2de5a88214be1c7fe3a7c540e611f597c0a	109
file	preflight-logs/selfcheck/collector-v10-test/schema-strict_integer__wrapper_returncode__bool/raw/stderr	e3b0c44298fc1c149afbf4c8996fb92427ae41e4649b934ca495991b7852b855	0
file	preflight-logs/selfcheck/collector-v10-test/schema-strict_integer__wrapper_returncode__bool/raw/stdout	e3b0c44298fc1c149afbf4c8996fb92427ae41e4649b934ca495991b7852b855	0
file	preflight-logs/selfcheck/collector-v10-test/schema-strict_integer__wrapper_returncode__bool/raw/supervisor.json	176056040a6f93b3ba67d26d7c7b7ca0ef3a9113b14a946a151b4c36bcd7a3c1	8874
file	preflight-logs/selfcheck/collector-v10-test/schema-strict_integer__wrapper_returncode__bool/raw/supervisor.ready	ed1a545bb85e55816bbf9566b028b2a0bc456b88f49f6f266c0401048824194b	6
directory	preflight-logs/selfcheck/collector-v10-test/schema-strict_integer__wrapper_returncode__bool/tmp	-	0
directory	preflight-logs/selfcheck/collector-v10-test/schema-strict_integer__wrapper_returncode__float	-	0
file	preflight-logs/selfcheck/collector-v10-test/schema-strict_integer__wrapper_returncode__float.collector.stderr	58182e9c1cb26d224939d39346c3090664890458236be2415c1d812e1f0f468d	88
file	preflight-logs/selfcheck/collector-v10-test/schema-strict_integer__wrapper_returncode__float.collector.stdout	e3b0c44298fc1c149afbf4c8996fb92427ae41e4649b934ca495991b7852b855	0
directory	preflight-logs/selfcheck/collector-v10-test/schema-strict_integer__wrapper_returncode__float/audits	-	0
file	preflight-logs/selfcheck/collector-v10-test/schema-strict_integer__wrapper_returncode__float/audits/final-artifacts.tsv	07da53e6ddfcfadb97242fe031bc48a6b9361ca703d69f4d1443fa879e5a6a3d	28
file	preflight-logs/selfcheck/collector-v10-test/schema-strict_integer__wrapper_returncode__float/audits/final-endpoint.txt	4de3fd1d1eeb08dd7976b911c02a38dba961cf2c27f9341b2c79ae214af5af25	13
file	preflight-logs/selfcheck/collector-v10-test/schema-strict_integer__wrapper_returncode__float/final-status.txt	81f36396de80bcac9ec2609dd0d6bb0722712fae452eec970d601679adea5c27	827
file	preflight-logs/selfcheck/collector-v10-test/schema-strict_integer__wrapper_returncode__float/finalization-order.txt	03ad30618a52f1f535ed2a1fe167b029cca0bad0728bb66c7865c3445e1d5473	185
directory	preflight-logs/selfcheck/collector-v10-test/schema-strict_integer__wrapper_returncode__float/hooks	-	0
file	preflight-logs/selfcheck/collector-v10-test/schema-strict_integer__wrapper_returncode__float/outer-signals.json	4fb60ad7e50f3d3e74be335a9587702917d201cd33bc8e170399e8741bb33273	199
directory	preflight-logs/selfcheck/collector-v10-test/schema-strict_integer__wrapper_returncode__float/raw	-	0
file	preflight-logs/selfcheck/collector-v10-test/schema-strict_integer__wrapper_returncode__float/raw.seal.sha256	a9c19b7cfdd6de70543b108ae81ab327b3c925a28e5d7ba49a96ecbb73ea9f31	795
directory	preflight-logs/selfcheck/collector-v10-test/schema-strict_integer__wrapper_returncode__float/raw/preflight	-	0
file	preflight-logs/selfcheck/collector-v10-test/schema-strict_integer__wrapper_returncode__float/raw/preflight.session-ready	39feceb2eced7e3165a8f7f40852708b835f274d4ff94896baface7efca6a52d	109
file	preflight-logs/selfcheck/collector-v10-test/schema-strict_integer__wrapper_returncode__float/raw/preflight.session-ready.go	c2fc355f2b52e01ea670dc8b27f1c8f3a268d68b4b399a0cf91544cb975792df	3
file	preflight-logs/selfcheck/collector-v10-test/schema-strict_integer__wrapper_returncode__float/raw/preflight/fixture.endpoints	2eadd75476b6a4eeba05e3eacf1d3a539e6464e756c068236a5e477c1ef8769b	27
file	preflight-logs/selfcheck/collector-v10-test/schema-strict_integer__wrapper_returncode__float/raw/preflight/init.go	c2fc355f2b52e01ea670dc8b27f1c8f3a268d68b4b399a0cf91544cb975792df	3
file	preflight-logs/selfcheck/collector-v10-test/schema-strict_integer__wrapper_returncode__float/raw/preflight/init.ready	fcce5a7e838ce7dccfb11a0f7ea2b2de5a88214be1c7fe3a7c540e611f597c0a	109
file	preflight-logs/selfcheck/collector-v10-test/schema-strict_integer__wrapper_returncode__float/raw/stderr	e3b0c44298fc1c149afbf4c8996fb92427ae41e4649b934ca495991b7852b855	0
file	preflight-logs/selfcheck/collector-v10-test/schema-strict_integer__wrapper_returncode__float/raw/stdout	e3b0c44298fc1c149afbf4c8996fb92427ae41e4649b934ca495991b7852b855	0
file	preflight-logs/selfcheck/collector-v10-test/schema-strict_integer__wrapper_returncode__float/raw/supervisor.json	84af5330e7228f1fc21b55cb03635d683d454ad8b65f529a5f1125e62122d8f9	8878
file	preflight-logs/selfcheck/collector-v10-test/schema-strict_integer__wrapper_returncode__float/raw/supervisor.ready	ed1a545bb85e55816bbf9566b028b2a0bc456b88f49f6f266c0401048824194b	6
directory	preflight-logs/selfcheck/collector-v10-test/schema-strict_integer__wrapper_returncode__float/tmp	-	0
directory	preflight-logs/selfcheck/collector-v10-test/schema-suffix	-	0
file	preflight-logs/selfcheck/collector-v10-test/schema-suffix.collector.stderr	38af2214718b202e253572f384a8a4d420b227ef7e998e6bdaed657c1c397437	75
file	preflight-logs/selfcheck/collector-v10-test/schema-suffix.collector.stdout	e3b0c44298fc1c149afbf4c8996fb92427ae41e4649b934ca495991b7852b855	0
directory	preflight-logs/selfcheck/collector-v10-test/schema-suffix/audits	-	0
file	preflight-logs/selfcheck/collector-v10-test/schema-suffix/audits/final-artifacts.tsv	07da53e6ddfcfadb97242fe031bc48a6b9361ca703d69f4d1443fa879e5a6a3d	28
file	preflight-logs/selfcheck/collector-v10-test/schema-suffix/audits/final-endpoint.txt	4de3fd1d1eeb08dd7976b911c02a38dba961cf2c27f9341b2c79ae214af5af25	13
file	preflight-logs/selfcheck/collector-v10-test/schema-suffix/final-status.txt	c5c3e181eda5793d940223f415a9e53f257c84e21b9aed2341e7962b63253046	779
file	preflight-logs/selfcheck/collector-v10-test/schema-suffix/finalization-order.txt	03ad30618a52f1f535ed2a1fe167b029cca0bad0728bb66c7865c3445e1d5473	185
directory	preflight-logs/selfcheck/collector-v10-test/schema-suffix/hooks	-	0
file	preflight-logs/selfcheck/collector-v10-test/schema-suffix/outer-signals.json	4fb60ad7e50f3d3e74be335a9587702917d201cd33bc8e170399e8741bb33273	199
directory	preflight-logs/selfcheck/collector-v10-test/schema-suffix/raw	-	0
file	preflight-logs/selfcheck/collector-v10-test/schema-suffix/raw.seal.sha256	e58da658b0055ee949c297b17fac96338040f51937f398d1c9d9ac378ad2baaa	795
directory	preflight-logs/selfcheck/collector-v10-test/schema-suffix/raw/preflight	-	0
file	preflight-logs/selfcheck/collector-v10-test/schema-suffix/raw/preflight.session-ready	39feceb2eced7e3165a8f7f40852708b835f274d4ff94896baface7efca6a52d	109
file	preflight-logs/selfcheck/collector-v10-test/schema-suffix/raw/preflight.session-ready.go	c2fc355f2b52e01ea670dc8b27f1c8f3a268d68b4b399a0cf91544cb975792df	3
file	preflight-logs/selfcheck/collector-v10-test/schema-suffix/raw/preflight/fixture.endpoints	2eadd75476b6a4eeba05e3eacf1d3a539e6464e756c068236a5e477c1ef8769b	27
file	preflight-logs/selfcheck/collector-v10-test/schema-suffix/raw/preflight/init.go	c2fc355f2b52e01ea670dc8b27f1c8f3a268d68b4b399a0cf91544cb975792df	3
file	preflight-logs/selfcheck/collector-v10-test/schema-suffix/raw/preflight/init.ready	fcce5a7e838ce7dccfb11a0f7ea2b2de5a88214be1c7fe3a7c540e611f597c0a	109
file	preflight-logs/selfcheck/collector-v10-test/schema-suffix/raw/stderr	e3b0c44298fc1c149afbf4c8996fb92427ae41e4649b934ca495991b7852b855	0
file	preflight-logs/selfcheck/collector-v10-test/schema-suffix/raw/stdout	e3b0c44298fc1c149afbf4c8996fb92427ae41e4649b934ca495991b7852b855	0
file	preflight-logs/selfcheck/collector-v10-test/schema-suffix/raw/supervisor.json	086d91aeb4d7d0d42b0557953971454d92483bf6246884f608fac1f630d457da	8623
file	preflight-logs/selfcheck/collector-v10-test/schema-suffix/raw/supervisor.ready	ed1a545bb85e55816bbf9566b028b2a0bc456b88f49f6f266c0401048824194b	6
directory	preflight-logs/selfcheck/collector-v10-test/schema-suffix/tmp	-	0
directory	preflight-logs/selfcheck/collector-v10-test/setup-fsync_dir_setup_work	-	0
file	preflight-logs/selfcheck/collector-v10-test/setup-fsync_dir_setup_work.collector.stderr	e053c9ba1c54de913e29ea67334bb4ac1801faeb93db92b2bd46260231db968d	77
file	preflight-logs/selfcheck/collector-v10-test/setup-fsync_dir_setup_work.collector.stdout	e3b0c44298fc1c149afbf4c8996fb92427ae41e4649b934ca495991b7852b855	0
file	preflight-logs/selfcheck/collector-v10-test/setup-fsync_dir_setup_work/final-status.txt	4dde878f92326304d5037b2f312cfefeb459d91e2a1c63c0fa8018963fe9f425	155
directory	preflight-logs/selfcheck/collector-v10-test/setup-fsync_file_setup_probe_0	-	0
file	preflight-logs/selfcheck/collector-v10-test/setup-fsync_file_setup_probe_0.collector.stderr	03fbd0d20fb9781fee2116af843d91021a23e7b59151c4afaa1b971d553d9e71	81
file	preflight-logs/selfcheck/collector-v10-test/setup-fsync_file_setup_probe_0.collector.stdout	e3b0c44298fc1c149afbf4c8996fb92427ae41e4649b934ca495991b7852b855	0
directory	preflight-logs/selfcheck/collector-v10-test/setup-fsync_file_setup_probe_0/audits	-	0
file	preflight-logs/selfcheck/collector-v10-test/setup-fsync_file_setup_probe_0/final-status.txt	4dde878f92326304d5037b2f312cfefeb459d91e2a1c63c0fa8018963fe9f425	155
directory	preflight-logs/selfcheck/collector-v10-test/setup-fsync_file_setup_probe_0/hooks	-	0
directory	preflight-logs/selfcheck/collector-v10-test/setup-fsync_file_setup_probe_0/raw	-	0
directory	preflight-logs/selfcheck/collector-v10-test/setup-fsync_file_setup_probe_0/tmp	-	0
directory	preflight-logs/selfcheck/collector-v10-test/setup-persistent_fsync	-	0
file	preflight-logs/selfcheck/collector-v10-test/setup-persistent_fsync.collector.stderr	ed1c7d791aefb3537d974e22ef88d4b06d381f724259fb4a12d0dc43951ddd9b	143
file	preflight-logs/selfcheck/collector-v10-test/setup-persistent_fsync.collector.stdout	e3b0c44298fc1c149afbf4c8996fb92427ae41e4649b934ca495991b7852b855	0
directory	preflight-logs/selfcheck/collector-v10-test/setup-persistent_write	-	0
file	preflight-logs/selfcheck/collector-v10-test/setup-persistent_write.collector.stderr	0c6dd07d86be704b97b1cd5a544f11d3425b83f4118baf83016a3ba998e184c2	143
file	preflight-logs/selfcheck/collector-v10-test/setup-persistent_write.collector.stdout	e3b0c44298fc1c149afbf4c8996fb92427ae41e4649b934ca495991b7852b855	0
directory	preflight-logs/selfcheck/collector-v10-test/setup-persistent_write/audits	-	0
directory	preflight-logs/selfcheck/collector-v10-test/setup-persistent_write/hooks	-	0
directory	preflight-logs/selfcheck/collector-v10-test/setup-persistent_write/raw	-	0
directory	preflight-logs/selfcheck/collector-v10-test/setup-persistent_write/tmp	-	0
file	preflight-logs/selfcheck/collector-v10-test/setup-setup_mkdir.collector.stderr	077bc68224015219a0c04704f5aa9106097e6803be5f130e61c34a7bf462385a	68
file	preflight-logs/selfcheck/collector-v10-test/setup-setup_mkdir.collector.stdout	e3b0c44298fc1c149afbf4c8996fb92427ae41e4649b934ca495991b7852b855	0
directory	preflight-logs/selfcheck/collector-v10-test/setup-signal	-	0
file	preflight-logs/selfcheck/collector-v10-test/setup-signal-result.json	ce0dc104d0f2a06585327df103fada1650d6fc71eff4dc52edd05cd0e4871d4f	16
directory	preflight-logs/selfcheck/collector-v10-test/setup-signal/audits	-	0
file	preflight-logs/selfcheck/collector-v10-test/setup-signal/final-status.txt	53641895dbf4c953fdbbcac49dd2b6c2a6b6a648849d75c07a9ac134b85f04ff	155
directory	preflight-logs/selfcheck/collector-v10-test/setup-signal/hooks	-	0
file	preflight-logs/selfcheck/collector-v10-test/setup-signal/hooks/setup.ready	ed1a545bb85e55816bbf9566b028b2a0bc456b88f49f6f266c0401048824194b	6
file	preflight-logs/selfcheck/collector-v10-test/setup-signal/hooks/setup.release	3933e3274b63dc01fd286d6d939a626867c83a4603fc4347e0f8b8856f1b98fd	8
directory	preflight-logs/selfcheck/collector-v10-test/setup-signal/raw	-	0
directory	preflight-logs/selfcheck/collector-v10-test/setup-signal/tmp	-	0
directory	preflight-logs/selfcheck/collector-v10-test/terminal-mixed	-	0
file	preflight-logs/selfcheck/collector-v10-test/terminal-mixed-result.json	4aeec560b1c99c5f79c0e4a7e9121a60ee08534d4fc2e045909073ff5de71b47	16
directory	preflight-logs/selfcheck/collector-v10-test/terminal-mixed/audits	-	0
file	preflight-logs/selfcheck/collector-v10-test/terminal-mixed/audits/final-artifacts.tsv	07da53e6ddfcfadb97242fe031bc48a6b9361ca703d69f4d1443fa879e5a6a3d	28
file	preflight-logs/selfcheck/collector-v10-test/terminal-mixed/audits/final-endpoint.txt	4de3fd1d1eeb08dd7976b911c02a38dba961cf2c27f9341b2c79ae214af5af25	13
file	preflight-logs/selfcheck/collector-v10-test/terminal-mixed/final-status.txt	dccd6b7882cda5d6c84016a3310a4b2252304a90cc8177c279b888fd3a8c28ea	754
file	preflight-logs/selfcheck/collector-v10-test/terminal-mixed/finalization-order.txt	03ad30618a52f1f535ed2a1fe167b029cca0bad0728bb66c7865c3445e1d5473	185
directory	preflight-logs/selfcheck/collector-v10-test/terminal-mixed/hooks	-	0
file	preflight-logs/selfcheck/collector-v10-test/terminal-mixed/hooks/terminal_status_boundary.ready	ed1a545bb85e55816bbf9566b028b2a0bc456b88f49f6f266c0401048824194b	6
file	preflight-logs/selfcheck/collector-v10-test/terminal-mixed/hooks/terminal_status_boundary.release	3933e3274b63dc01fd286d6d939a626867c83a4603fc4347e0f8b8856f1b98fd	8
file	preflight-logs/selfcheck/collector-v10-test/terminal-mixed/outer-signals.json	4628477c8a71852c13de9646932ecd857c45d10667478782f5ecc767add5970f	813
directory	preflight-logs/selfcheck/collector-v10-test/terminal-mixed/raw	-	0
file	preflight-logs/selfcheck/collector-v10-test/terminal-mixed/raw.seal.sha256	8822dfedb0a96491126f9d25a587f514799547b3468fb76e191197ff1bcf38f0	795
directory	preflight-logs/selfcheck/collector-v10-test/terminal-mixed/raw/preflight	-	0
file	preflight-logs/selfcheck/collector-v10-test/terminal-mixed/raw/preflight.session-ready	39feceb2eced7e3165a8f7f40852708b835f274d4ff94896baface7efca6a52d	109
file	preflight-logs/selfcheck/collector-v10-test/terminal-mixed/raw/preflight.session-ready.go	c2fc355f2b52e01ea670dc8b27f1c8f3a268d68b4b399a0cf91544cb975792df	3
file	preflight-logs/selfcheck/collector-v10-test/terminal-mixed/raw/preflight/fixture.endpoints	2eadd75476b6a4eeba05e3eacf1d3a539e6464e756c068236a5e477c1ef8769b	27
file	preflight-logs/selfcheck/collector-v10-test/terminal-mixed/raw/preflight/init.go	c2fc355f2b52e01ea670dc8b27f1c8f3a268d68b4b399a0cf91544cb975792df	3
file	preflight-logs/selfcheck/collector-v10-test/terminal-mixed/raw/preflight/init.ready	fcce5a7e838ce7dccfb11a0f7ea2b2de5a88214be1c7fe3a7c540e611f597c0a	109
file	preflight-logs/selfcheck/collector-v10-test/terminal-mixed/raw/stderr	e3b0c44298fc1c149afbf4c8996fb92427ae41e4649b934ca495991b7852b855	0
file	preflight-logs/selfcheck/collector-v10-test/terminal-mixed/raw/stdout	e3b0c44298fc1c149afbf4c8996fb92427ae41e4649b934ca495991b7852b855	0
file	preflight-logs/selfcheck/collector-v10-test/terminal-mixed/raw/supervisor.json	f9403eff83d5cb5cbb7e975d0a5572fbe2087f00235f40b360bff9ee45978520	8639
file	preflight-logs/selfcheck/collector-v10-test/terminal-mixed/raw/supervisor.ready	ed1a545bb85e55816bbf9566b028b2a0bc456b88f49f6f266c0401048824194b	6
directory	preflight-logs/selfcheck/collector-v10-test/terminal-mixed/tmp	-	0
file	preflight-logs/selfcheck/collector-v10.log	58e4fd652048cc5ad9d9b2bcb6d9fe8198919109a266fe69bcd2547434e0caa9	101
directory	preflight-logs/selfcheck/supervisor-v10	-	0
file	preflight-logs/selfcheck/supervisor-v10.log	8c03ce3064edf57be7ae49e3e614219671f13faddb3276aa3d28cbff1296da1e	330
directory	preflight-logs/selfcheck/supervisor-v10/class-int-hook	-	0
file	preflight-logs/selfcheck/supervisor-v10/class-int-hook/classification.ready	ed1a545bb85e55816bbf9566b028b2a0bc456b88f49f6f266c0401048824194b	6
file	preflight-logs/selfcheck/supervisor-v10/class-int-hook/classification.release	3933e3274b63dc01fd286d6d939a626867c83a4603fc4347e0f8b8856f1b98fd	8
directory	preflight-logs/selfcheck/supervisor-v10/class-int-preflight	-	0
file	preflight-logs/selfcheck/supervisor-v10/class-int-preflight.session-ready	39feceb2eced7e3165a8f7f40852708b835f274d4ff94896baface7efca6a52d	109
file	preflight-logs/selfcheck/supervisor-v10/class-int-preflight.session-ready.go	c2fc355f2b52e01ea670dc8b27f1c8f3a268d68b4b399a0cf91544cb975792df	3
file	preflight-logs/selfcheck/supervisor-v10/class-int-preflight/fixture.endpoints	2eadd75476b6a4eeba05e3eacf1d3a539e6464e756c068236a5e477c1ef8769b	27
file	preflight-logs/selfcheck/supervisor-v10/class-int-preflight/init.go	c2fc355f2b52e01ea670dc8b27f1c8f3a268d68b4b399a0cf91544cb975792df	3
file	preflight-logs/selfcheck/supervisor-v10/class-int-preflight/init.ready	fcce5a7e838ce7dccfb11a0f7ea2b2de5a88214be1c7fe3a7c540e611f597c0a	109
file	preflight-logs/selfcheck/supervisor-v10/class-int-result.json	5544a7e1b1f8341f7210501401b5ad9dcd8c13c21c0dd79a705049313860f0be	16
file	preflight-logs/selfcheck/supervisor-v10/class-int.json	0a4c89491157b7650ced31cb69b8b29f6412fd462e5f225e16f56d5cd5f99a66	8547
file	preflight-logs/selfcheck/supervisor-v10/class-int.stderr	e3b0c44298fc1c149afbf4c8996fb92427ae41e4649b934ca495991b7852b855	0
file	preflight-logs/selfcheck/supervisor-v10/class-int.stdout	e3b0c44298fc1c149afbf4c8996fb92427ae41e4649b934ca495991b7852b855	0
directory	preflight-logs/selfcheck/supervisor-v10/close-hup-hook	-	0
file	preflight-logs/selfcheck/supervisor-v10/close-hup-hook/pidfd_close.ready	ed1a545bb85e55816bbf9566b028b2a0bc456b88f49f6f266c0401048824194b	6
file	preflight-logs/selfcheck/supervisor-v10/close-hup-hook/pidfd_close.release	3933e3274b63dc01fd286d6d939a626867c83a4603fc4347e0f8b8856f1b98fd	8
directory	preflight-logs/selfcheck/supervisor-v10/close-hup-preflight	-	0
file	preflight-logs/selfcheck/supervisor-v10/close-hup-preflight.session-ready	39feceb2eced7e3165a8f7f40852708b835f274d4ff94896baface7efca6a52d	109
file	preflight-logs/selfcheck/supervisor-v10/close-hup-preflight.session-ready.go	c2fc355f2b52e01ea670dc8b27f1c8f3a268d68b4b399a0cf91544cb975792df	3
file	preflight-logs/selfcheck/supervisor-v10/close-hup-preflight/fixture.endpoints	2eadd75476b6a4eeba05e3eacf1d3a539e6464e756c068236a5e477c1ef8769b	27
file	preflight-logs/selfcheck/supervisor-v10/close-hup-preflight/init.go	c2fc355f2b52e01ea670dc8b27f1c8f3a268d68b4b399a0cf91544cb975792df	3
file	preflight-logs/selfcheck/supervisor-v10/close-hup-preflight/init.ready	fcce5a7e838ce7dccfb11a0f7ea2b2de5a88214be1c7fe3a7c540e611f597c0a	109
file	preflight-logs/selfcheck/supervisor-v10/close-hup-result.json	ce0dc104d0f2a06585327df103fada1650d6fc71eff4dc52edd05cd0e4871d4f	16
file	preflight-logs/selfcheck/supervisor-v10/close-hup.json	6ac1bb0f3254995092b1c5e1f85107d1c9a103707f455f3b7d63e98fc55df615	8547
file	preflight-logs/selfcheck/supervisor-v10/close-hup.stderr	e3b0c44298fc1c149afbf4c8996fb92427ae41e4649b934ca495991b7852b855	0
file	preflight-logs/selfcheck/supervisor-v10/close-hup.stdout	e3b0c44298fc1c149afbf4c8996fb92427ae41e4649b934ca495991b7852b855	0
directory	preflight-logs/selfcheck/supervisor-v10/exec_failure-preflight	-	0
file	preflight-logs/selfcheck/supervisor-v10/exec_failure-preflight/fixture.endpoints	2eadd75476b6a4eeba05e3eacf1d3a539e6464e756c068236a5e477c1ef8769b	27
file	preflight-logs/selfcheck/supervisor-v10/exec_failure-preflight/init.go	c2fc355f2b52e01ea670dc8b27f1c8f3a268d68b4b399a0cf91544cb975792df	3
file	preflight-logs/selfcheck/supervisor-v10/exec_failure-preflight/init.ready	a34aa4cda3eb398d395d160d796385d01b8d0e71796e4be2383cfc94cb257b89	109
file	preflight-logs/selfcheck/supervisor-v10/exec_failure.json	67875f9a740dc6cf0d413146c8fe651b86ce0e1c19ba4685cdbcde527ca45845	17025
file	preflight-logs/selfcheck/supervisor-v10/exec_failure.stderr	bbceac6a67be653644eda8af797b2988e7aa55278209b27f9911c228e792d095	511
file	preflight-logs/selfcheck/supervisor-v10/exec_failure.stdout	e3b0c44298fc1c149afbf4c8996fb92427ae41e4649b934ca495991b7852b855	0
directory	preflight-logs/selfcheck/supervisor-v10/fsync-status_directory_fsync-preflight	-	0
file	preflight-logs/selfcheck/supervisor-v10/fsync-status_directory_fsync-preflight.session-ready	39feceb2eced7e3165a8f7f40852708b835f274d4ff94896baface7efca6a52d	109
file	preflight-logs/selfcheck/supervisor-v10/fsync-status_directory_fsync-preflight.session-ready.go	c2fc355f2b52e01ea670dc8b27f1c8f3a268d68b4b399a0cf91544cb975792df	3
file	preflight-logs/selfcheck/supervisor-v10/fsync-status_directory_fsync-preflight/fixture.endpoints	2eadd75476b6a4eeba05e3eacf1d3a539e6464e756c068236a5e477c1ef8769b	27
file	preflight-logs/selfcheck/supervisor-v10/fsync-status_directory_fsync-preflight/init.go	c2fc355f2b52e01ea670dc8b27f1c8f3a268d68b4b399a0cf91544cb975792df	3
file	preflight-logs/selfcheck/supervisor-v10/fsync-status_directory_fsync-preflight/init.ready	fcce5a7e838ce7dccfb11a0f7ea2b2de5a88214be1c7fe3a7c540e611f597c0a	109
file	preflight-logs/selfcheck/supervisor-v10/fsync-status_directory_fsync.json	a46b369c88d7030a2ccb2109ccff870ad71da1c95d835fdb8d7794193d557f9b	8509
file	preflight-logs/selfcheck/supervisor-v10/fsync-status_directory_fsync.stderr	e3b0c44298fc1c149afbf4c8996fb92427ae41e4649b934ca495991b7852b855	0
file	preflight-logs/selfcheck/supervisor-v10/fsync-status_directory_fsync.stdout	e3b0c44298fc1c149afbf4c8996fb92427ae41e4649b934ca495991b7852b855	0
directory	preflight-logs/selfcheck/supervisor-v10/fsync-status_file_fsync-preflight	-	0
file	preflight-logs/selfcheck/supervisor-v10/fsync-status_file_fsync-preflight.session-ready	39feceb2eced7e3165a8f7f40852708b835f274d4ff94896baface7efca6a52d	109
file	preflight-logs/selfcheck/supervisor-v10/fsync-status_file_fsync-preflight.session-ready.go	c2fc355f2b52e01ea670dc8b27f1c8f3a268d68b4b399a0cf91544cb975792df	3
file	preflight-logs/selfcheck/supervisor-v10/fsync-status_file_fsync-preflight/fixture.endpoints	2eadd75476b6a4eeba05e3eacf1d3a539e6464e756c068236a5e477c1ef8769b	27
file	preflight-logs/selfcheck/supervisor-v10/fsync-status_file_fsync-preflight/init.go	c2fc355f2b52e01ea670dc8b27f1c8f3a268d68b4b399a0cf91544cb975792df	3
file	preflight-logs/selfcheck/supervisor-v10/fsync-status_file_fsync-preflight/init.ready	fcce5a7e838ce7dccfb11a0f7ea2b2de5a88214be1c7fe3a7c540e611f597c0a	109
file	preflight-logs/selfcheck/supervisor-v10/fsync-status_file_fsync.stderr	e3b0c44298fc1c149afbf4c8996fb92427ae41e4649b934ca495991b7852b855	0
file	preflight-logs/selfcheck/supervisor-v10/fsync-status_file_fsync.stdout	e3b0c44298fc1c149afbf4c8996fb92427ae41e4649b934ca495991b7852b855	0
directory	preflight-logs/selfcheck/supervisor-v10/live-pidfd-preflight	-	0
file	preflight-logs/selfcheck/supervisor-v10/live-pidfd-preflight/fixture.endpoints	2eadd75476b6a4eeba05e3eacf1d3a539e6464e756c068236a5e477c1ef8769b	27
file	preflight-logs/selfcheck/supervisor-v10/live-pidfd-preflight/init.go	c2fc355f2b52e01ea670dc8b27f1c8f3a268d68b4b399a0cf91544cb975792df	3
file	preflight-logs/selfcheck/supervisor-v10/live-pidfd-preflight/init.ready	39feceb2eced7e3165a8f7f40852708b835f274d4ff94896baface7efca6a52d	109
file	preflight-logs/selfcheck/supervisor-v10/live-pidfd.json	e8d4b0c8a59e66b128dd8c2f906c0dbfb51b9b6c7c3c8b2610822e4a2d7aa78b	4528
file	preflight-logs/selfcheck/supervisor-v10/live-pidfd.stderr	e3b0c44298fc1c149afbf4c8996fb92427ae41e4649b934ca495991b7852b855	0
file	preflight-logs/selfcheck/supervisor-v10/live-pidfd.stdout	e3b0c44298fc1c149afbf4c8996fb92427ae41e4649b934ca495991b7852b855	0
directory	preflight-logs/selfcheck/supervisor-v10/mixed-classification-hook	-	0
file	preflight-logs/selfcheck/supervisor-v10/mixed-classification-hook/classification.ready	ed1a545bb85e55816bbf9566b028b2a0bc456b88f49f6f266c0401048824194b	6
file	preflight-logs/selfcheck/supervisor-v10/mixed-classification-hook/classification.release	3933e3274b63dc01fd286d6d939a626867c83a4603fc4347e0f8b8856f1b98fd	8
directory	preflight-logs/selfcheck/supervisor-v10/mixed-classification-preflight	-	0
file	preflight-logs/selfcheck/supervisor-v10/mixed-classification-preflight.session-ready	39feceb2eced7e3165a8f7f40852708b835f274d4ff94896baface7efca6a52d	109
file	preflight-logs/selfcheck/supervisor-v10/mixed-classification-preflight.session-ready.go	c2fc355f2b52e01ea670dc8b27f1c8f3a268d68b4b399a0cf91544cb975792df	3
file	preflight-logs/selfcheck/supervisor-v10/mixed-classification-preflight/fixture.endpoints	2eadd75476b6a4eeba05e3eacf1d3a539e6464e756c068236a5e477c1ef8769b	27
file	preflight-logs/selfcheck/supervisor-v10/mixed-classification-preflight/init.go	c2fc355f2b52e01ea670dc8b27f1c8f3a268d68b4b399a0cf91544cb975792df	3
file	preflight-logs/selfcheck/supervisor-v10/mixed-classification-preflight/init.ready	fcce5a7e838ce7dccfb11a0f7ea2b2de5a88214be1c7fe3a7c540e611f597c0a	109
file	preflight-logs/selfcheck/supervisor-v10/mixed-classification-result.json	ce0dc104d0f2a06585327df103fada1650d6fc71eff4dc52edd05cd0e4871d4f	16
file	preflight-logs/selfcheck/supervisor-v10/mixed-classification.json	d3a73bc9864cfeb11d723538354af79521e05b3f9d78ab15875fd53e1215d481	8933
file	preflight-logs/selfcheck/supervisor-v10/mixed-classification.stderr	e3b0c44298fc1c149afbf4c8996fb92427ae41e4649b934ca495991b7852b855	0
file	preflight-logs/selfcheck/supervisor-v10/mixed-classification.stdout	e3b0c44298fc1c149afbf4c8996fb92427ae41e4649b934ca495991b7852b855	0
directory	preflight-logs/selfcheck/supervisor-v10/mixed-pidfd_close-hook	-	0
file	preflight-logs/selfcheck/supervisor-v10/mixed-pidfd_close-hook/pidfd_close.ready	ed1a545bb85e55816bbf9566b028b2a0bc456b88f49f6f266c0401048824194b	6
file	preflight-logs/selfcheck/supervisor-v10/mixed-pidfd_close-hook/pidfd_close.release	3933e3274b63dc01fd286d6d939a626867c83a4603fc4347e0f8b8856f1b98fd	8
directory	preflight-logs/selfcheck/supervisor-v10/mixed-pidfd_close-preflight	-	0
file	preflight-logs/selfcheck/supervisor-v10/mixed-pidfd_close-preflight.session-ready	39feceb2eced7e3165a8f7f40852708b835f274d4ff94896baface7efca6a52d	109
file	preflight-logs/selfcheck/supervisor-v10/mixed-pidfd_close-preflight.session-ready.go	c2fc355f2b52e01ea670dc8b27f1c8f3a268d68b4b399a0cf91544cb975792df	3
file	preflight-logs/selfcheck/supervisor-v10/mixed-pidfd_close-preflight/fixture.endpoints	2eadd75476b6a4eeba05e3eacf1d3a539e6464e756c068236a5e477c1ef8769b	27
file	preflight-logs/selfcheck/supervisor-v10/mixed-pidfd_close-preflight/init.go	c2fc355f2b52e01ea670dc8b27f1c8f3a268d68b4b399a0cf91544cb975792df	3
file	preflight-logs/selfcheck/supervisor-v10/mixed-pidfd_close-preflight/init.ready	fcce5a7e838ce7dccfb11a0f7ea2b2de5a88214be1c7fe3a7c540e611f597c0a	109
file	preflight-logs/selfcheck/supervisor-v10/mixed-pidfd_close-result.json	ce0dc104d0f2a06585327df103fada1650d6fc71eff4dc52edd05cd0e4871d4f	16
file	preflight-logs/selfcheck/supervisor-v10/mixed-pidfd_close.json	413bb09702be34e178a22c6442d3ce28f7a0afb0860afc63da1fb51dd7aa90de	8913
file	preflight-logs/selfcheck/supervisor-v10/mixed-pidfd_close.stderr	e3b0c44298fc1c149afbf4c8996fb92427ae41e4649b934ca495991b7852b855	0
file	preflight-logs/selfcheck/supervisor-v10/mixed-pidfd_close.stdout	e3b0c44298fc1c149afbf4c8996fb92427ae41e4649b934ca495991b7852b855	0
directory	preflight-logs/selfcheck/supervisor-v10/mixed-status_write_boundary-hook	-	0
file	preflight-logs/selfcheck/supervisor-v10/mixed-status_write_boundary-hook/status_write_boundary.ready	ed1a545bb85e55816bbf9566b028b2a0bc456b88f49f6f266c0401048824194b	6
file	preflight-logs/selfcheck/supervisor-v10/mixed-status_write_boundary-hook/status_write_boundary.release	3933e3274b63dc01fd286d6d939a626867c83a4603fc4347e0f8b8856f1b98fd	8
directory	preflight-logs/selfcheck/supervisor-v10/mixed-status_write_boundary-preflight	-	0
file	preflight-logs/selfcheck/supervisor-v10/mixed-status_write_boundary-preflight.session-ready	39feceb2eced7e3165a8f7f40852708b835f274d4ff94896baface7efca6a52d	109
file	preflight-logs/selfcheck/supervisor-v10/mixed-status_write_boundary-preflight.session-ready.go	c2fc355f2b52e01ea670dc8b27f1c8f3a268d68b4b399a0cf91544cb975792df	3
file	preflight-logs/selfcheck/supervisor-v10/mixed-status_write_boundary-preflight/fixture.endpoints	2eadd75476b6a4eeba05e3eacf1d3a539e6464e756c068236a5e477c1ef8769b	27
file	preflight-logs/selfcheck/supervisor-v10/mixed-status_write_boundary-preflight/init.go	c2fc355f2b52e01ea670dc8b27f1c8f3a268d68b4b399a0cf91544cb975792df	3
file	preflight-logs/selfcheck/supervisor-v10/mixed-status_write_boundary-preflight/init.ready	fcce5a7e838ce7dccfb11a0f7ea2b2de5a88214be1c7fe3a7c540e611f597c0a	109
file	preflight-logs/selfcheck/supervisor-v10/mixed-status_write_boundary-result.json	ce0dc104d0f2a06585327df103fada1650d6fc71eff4dc52edd05cd0e4871d4f	16
file	preflight-logs/selfcheck/supervisor-v10/mixed-status_write_boundary.json	b856eed9fdc2cf787fa356dcd653868d729e505edfcd47643b2496f4adc6af06	8982
file	preflight-logs/selfcheck/supervisor-v10/mixed-status_write_boundary.stderr	e3b0c44298fc1c149afbf4c8996fb92427ae41e4649b934ca495991b7852b855	0
file	preflight-logs/selfcheck/supervisor-v10/mixed-status_write_boundary.stdout	e3b0c44298fc1c149afbf4c8996fb92427ae41e4649b934ca495991b7852b855	0
directory	preflight-logs/selfcheck/supervisor-v10/nonzero-preflight	-	0
file	preflight-logs/selfcheck/supervisor-v10/nonzero-preflight.session-ready	39feceb2eced7e3165a8f7f40852708b835f274d4ff94896baface7efca6a52d	109
file	preflight-logs/selfcheck/supervisor-v10/nonzero-preflight.session-ready.go	c2fc355f2b52e01ea670dc8b27f1c8f3a268d68b4b399a0cf91544cb975792df	3
file	preflight-logs/selfcheck/supervisor-v10/nonzero-preflight/fixture.endpoints	2eadd75476b6a4eeba05e3eacf1d3a539e6464e756c068236a5e477c1ef8769b	27
file	preflight-logs/selfcheck/supervisor-v10/nonzero-preflight/init.go	c2fc355f2b52e01ea670dc8b27f1c8f3a268d68b4b399a0cf91544cb975792df	3
file	preflight-logs/selfcheck/supervisor-v10/nonzero-preflight/init.ready	a34aa4cda3eb398d395d160d796385d01b8d0e71796e4be2383cfc94cb257b89	109
file	preflight-logs/selfcheck/supervisor-v10/nonzero.json	fc03153f4ec2780be2d433a733887cfe01fe3fe3ed3caca9fd697a8d8fb952de	8410
file	preflight-logs/selfcheck/supervisor-v10/nonzero.stderr	e3b0c44298fc1c149afbf4c8996fb92427ae41e4649b934ca495991b7852b855	0
file	preflight-logs/selfcheck/supervisor-v10/nonzero.stdout	e3b0c44298fc1c149afbf4c8996fb92427ae41e4649b934ca495991b7852b855	0
directory	preflight-logs/selfcheck/supervisor-v10/ordinary-preflight	-	0
file	preflight-logs/selfcheck/supervisor-v10/ordinary-preflight.session-ready	39feceb2eced7e3165a8f7f40852708b835f274d4ff94896baface7efca6a52d	109
file	preflight-logs/selfcheck/supervisor-v10/ordinary-preflight.session-ready.go	c2fc355f2b52e01ea670dc8b27f1c8f3a268d68b4b399a0cf91544cb975792df	3
file	preflight-logs/selfcheck/supervisor-v10/ordinary-preflight/fixture.endpoints	2eadd75476b6a4eeba05e3eacf1d3a539e6464e756c068236a5e477c1ef8769b	27
file	preflight-logs/selfcheck/supervisor-v10/ordinary-preflight/init.go	c2fc355f2b52e01ea670dc8b27f1c8f3a268d68b4b399a0cf91544cb975792df	3
file	preflight-logs/selfcheck/supervisor-v10/ordinary-preflight/init.ready	fcce5a7e838ce7dccfb11a0f7ea2b2de5a88214be1c7fe3a7c540e611f597c0a	109
file	preflight-logs/selfcheck/supervisor-v10/ordinary.json	07359007526e57f836213082002182fb7fde1474f659f57434fa34fcd915a5ed	8369
file	preflight-logs/selfcheck/supervisor-v10/ordinary.stderr	e3b0c44298fc1c149afbf4c8996fb92427ae41e4649b934ca495991b7852b855	0
file	preflight-logs/selfcheck/supervisor-v10/ordinary.stdout	e3b0c44298fc1c149afbf4c8996fb92427ae41e4649b934ca495991b7852b855	0
directory	preflight-logs/selfcheck/supervisor-v10/readiness-namespace_pid_bool-preflight	-	0
file	preflight-logs/selfcheck/supervisor-v10/readiness-namespace_pid_bool-preflight.session-ready	39feceb2eced7e3165a8f7f40852708b835f274d4ff94896baface7efca6a52d	109
file	preflight-logs/selfcheck/supervisor-v10/readiness-namespace_pid_bool-preflight/fixture.endpoints	2eadd75476b6a4eeba05e3eacf1d3a539e6464e756c068236a5e477c1ef8769b	27
file	preflight-logs/selfcheck/supervisor-v10/readiness-namespace_pid_bool-preflight/init.go	c2fc355f2b52e01ea670dc8b27f1c8f3a268d68b4b399a0cf91544cb975792df	3
file	preflight-logs/selfcheck/supervisor-v10/readiness-namespace_pid_bool-preflight/init.ready	fcce5a7e838ce7dccfb11a0f7ea2b2de5a88214be1c7fe3a7c540e611f597c0a	109
file	preflight-logs/selfcheck/supervisor-v10/readiness-namespace_pid_bool.json	46d7eab4bb55e665343e5cc73b20254e83f05dffd74d700e9794f03153a10161	11048
file	preflight-logs/selfcheck/supervisor-v10/readiness-namespace_pid_bool.stderr	e3b0c44298fc1c149afbf4c8996fb92427ae41e4649b934ca495991b7852b855	0
file	preflight-logs/selfcheck/supervisor-v10/readiness-namespace_pid_bool.stdout	e3b0c44298fc1c149afbf4c8996fb92427ae41e4649b934ca495991b7852b855	0
directory	preflight-logs/selfcheck/supervisor-v10/readiness-namespace_pid_float-preflight	-	0
file	preflight-logs/selfcheck/supervisor-v10/readiness-namespace_pid_float-preflight.session-ready	39feceb2eced7e3165a8f7f40852708b835f274d4ff94896baface7efca6a52d	109
file	preflight-logs/selfcheck/supervisor-v10/readiness-namespace_pid_float-preflight/fixture.endpoints	2eadd75476b6a4eeba05e3eacf1d3a539e6464e756c068236a5e477c1ef8769b	27
file	preflight-logs/selfcheck/supervisor-v10/readiness-namespace_pid_float-preflight/init.go	c2fc355f2b52e01ea670dc8b27f1c8f3a268d68b4b399a0cf91544cb975792df	3
file	preflight-logs/selfcheck/supervisor-v10/readiness-namespace_pid_float-preflight/init.ready	a34aa4cda3eb398d395d160d796385d01b8d0e71796e4be2383cfc94cb257b89	109
file	preflight-logs/selfcheck/supervisor-v10/readiness-namespace_pid_float.json	bb2dbaf12d680aec9e0f8e4e1309d4317eac6e91269385fadb5053422cdd213d	11057
file	preflight-logs/selfcheck/supervisor-v10/readiness-namespace_pid_float.stderr	e3b0c44298fc1c149afbf4c8996fb92427ae41e4649b934ca495991b7852b855	0
file	preflight-logs/selfcheck/supervisor-v10/readiness-namespace_pid_float.stdout	e3b0c44298fc1c149afbf4c8996fb92427ae41e4649b934ca495991b7852b855	0
directory	preflight-logs/selfcheck/supervisor-v10/readiness-protocol_version_bool-preflight	-	0
file	preflight-logs/selfcheck/supervisor-v10/readiness-protocol_version_bool-preflight.session-ready	39feceb2eced7e3165a8f7f40852708b835f274d4ff94896baface7efca6a52d	109
file	preflight-logs/selfcheck/supervisor-v10/readiness-protocol_version_bool-preflight/fixture.endpoints	2eadd75476b6a4eeba05e3eacf1d3a539e6464e756c068236a5e477c1ef8769b	27
file	preflight-logs/selfcheck/supervisor-v10/readiness-protocol_version_bool-preflight/init.go	c2fc355f2b52e01ea670dc8b27f1c8f3a268d68b4b399a0cf91544cb975792df	3
file	preflight-logs/selfcheck/supervisor-v10/readiness-protocol_version_bool-preflight/init.ready	a34aa4cda3eb398d395d160d796385d01b8d0e71796e4be2383cfc94cb257b89	109
file	preflight-logs/selfcheck/supervisor-v10/readiness-protocol_version_bool.json	6e5e307f3e17c449bad2d6b25ae86af419c98956747a217d7f1f1ea90e5a3bcc	11084
file	preflight-logs/selfcheck/supervisor-v10/readiness-protocol_version_bool.stderr	e3b0c44298fc1c149afbf4c8996fb92427ae41e4649b934ca495991b7852b855	0
file	preflight-logs/selfcheck/supervisor-v10/readiness-protocol_version_bool.stdout	e3b0c44298fc1c149afbf4c8996fb92427ae41e4649b934ca495991b7852b855	0
directory	preflight-logs/selfcheck/supervisor-v10/readiness-protocol_version_float-preflight	-	0
file	preflight-logs/selfcheck/supervisor-v10/readiness-protocol_version_float-preflight.session-ready	a34aa4cda3eb398d395d160d796385d01b8d0e71796e4be2383cfc94cb257b89	109
file	preflight-logs/selfcheck/supervisor-v10/readiness-protocol_version_float-preflight/fixture.endpoints	2eadd75476b6a4eeba05e3eacf1d3a539e6464e756c068236a5e477c1ef8769b	27
file	preflight-logs/selfcheck/supervisor-v10/readiness-protocol_version_float-preflight/init.go	c2fc355f2b52e01ea670dc8b27f1c8f3a268d68b4b399a0cf91544cb975792df	3
file	preflight-logs/selfcheck/supervisor-v10/readiness-protocol_version_float-preflight/init.ready	39feceb2eced7e3165a8f7f40852708b835f274d4ff94896baface7efca6a52d	109
file	preflight-logs/selfcheck/supervisor-v10/readiness-protocol_version_float.json	48ece76656fcfcb98b5356e5657caeb426bcd7beb3d70b65dd75d637880280a7	11093
file	preflight-logs/selfcheck/supervisor-v10/readiness-protocol_version_float.stderr	e3b0c44298fc1c149afbf4c8996fb92427ae41e4649b934ca495991b7852b855	0
file	preflight-logs/selfcheck/supervisor-v10/readiness-protocol_version_float.stdout	e3b0c44298fc1c149afbf4c8996fb92427ae41e4649b934ca495991b7852b855	0
directory	preflight-logs/selfcheck/supervisor-v10/slow-preflight	-	0
file	preflight-logs/selfcheck/supervisor-v10/slow-preflight.session-ready	fcce5a7e838ce7dccfb11a0f7ea2b2de5a88214be1c7fe3a7c540e611f597c0a	109
file	preflight-logs/selfcheck/supervisor-v10/slow-preflight.session-ready.go	c2fc355f2b52e01ea670dc8b27f1c8f3a268d68b4b399a0cf91544cb975792df	3
file	preflight-logs/selfcheck/supervisor-v10/slow-preflight/fixture.endpoints	2eadd75476b6a4eeba05e3eacf1d3a539e6464e756c068236a5e477c1ef8769b	27
file	preflight-logs/selfcheck/supervisor-v10/slow-preflight/init.go	c2fc355f2b52e01ea670dc8b27f1c8f3a268d68b4b399a0cf91544cb975792df	3
file	preflight-logs/selfcheck/supervisor-v10/slow-preflight/init.ready	e26f96668f6ac3c0b7fb7e1619259e9b1dd464bd6fbe2ebf3140430c3871a25b	109
file	preflight-logs/selfcheck/supervisor-v10/slow.json	1453f7674bb552642fe1feda3c03a8ac347d3cddcc142b86d51142d9bdbbb2e2	8341
file	preflight-logs/selfcheck/supervisor-v10/slow.stderr	e3b0c44298fc1c149afbf4c8996fb92427ae41e4649b934ca495991b7852b855	0
file	preflight-logs/selfcheck/supervisor-v10/slow.stdout	e3b0c44298fc1c149afbf4c8996fb92427ae41e4649b934ca495991b7852b855	0
directory	preflight-logs/selfcheck/supervisor-v10/stuck-preflight	-	0
file	preflight-logs/selfcheck/supervisor-v10/stuck-preflight/fixture.endpoints	2eadd75476b6a4eeba05e3eacf1d3a539e6464e756c068236a5e477c1ef8769b	27
file	preflight-logs/selfcheck/supervisor-v10/stuck-preflight/init.go	c2fc355f2b52e01ea670dc8b27f1c8f3a268d68b4b399a0cf91544cb975792df	3
file	preflight-logs/selfcheck/supervisor-v10/stuck-preflight/init.ready	a34aa4cda3eb398d395d160d796385d01b8d0e71796e4be2383cfc94cb257b89	109
file	preflight-logs/selfcheck/supervisor-v10/stuck.json	f7f8d22059285397d602b852e629aa8afac490c4bafc1852bcf10b5b9e3122fc	17423
file	preflight-logs/selfcheck/supervisor-v10/stuck.stderr	e3b0c44298fc1c149afbf4c8996fb92427ae41e4649b934ca495991b7852b855	0
file	preflight-logs/selfcheck/supervisor-v10/stuck.stdout	e3b0c44298fc1c149afbf4c8996fb92427ae41e4649b934ca495991b7852b855	0
directory	preflight-logs/selfcheck/supervisor-v10/timeout-preflight	-	0
file	preflight-logs/selfcheck/supervisor-v10/timeout-preflight.session-ready	39feceb2eced7e3165a8f7f40852708b835f274d4ff94896baface7efca6a52d	109
file	preflight-logs/selfcheck/supervisor-v10/timeout-preflight.session-ready.go	c2fc355f2b52e01ea670dc8b27f1c8f3a268d68b4b399a0cf91544cb975792df	3
file	preflight-logs/selfcheck/supervisor-v10/timeout-preflight/fixture.endpoints	2eadd75476b6a4eeba05e3eacf1d3a539e6464e756c068236a5e477c1ef8769b	27
file	preflight-logs/selfcheck/supervisor-v10/timeout-preflight/init.go	c2fc355f2b52e01ea670dc8b27f1c8f3a268d68b4b399a0cf91544cb975792df	3
file	preflight-logs/selfcheck/supervisor-v10/timeout-preflight/init.ready	fcce5a7e838ce7dccfb11a0f7ea2b2de5a88214be1c7fe3a7c540e611f597c0a	109
file	preflight-logs/selfcheck/supervisor-v10/timeout.json	7843ebce814fe1d1ce6fd5f76db8152d9990e0c34496b2dd364d66f423d50be7	11081
file	preflight-logs/selfcheck/supervisor-v10/timeout.stderr	e3b0c44298fc1c149afbf4c8996fb92427ae41e4649b934ca495991b7852b855	0
file	preflight-logs/selfcheck/supervisor-v10/timeout.stdout	e3b0c44298fc1c149afbf4c8996fb92427ae41e4649b934ca495991b7852b855	0
directory	preflight-logs/selfcheck/supervisor-v10/write-term-hook	-	0
file	preflight-logs/selfcheck/supervisor-v10/write-term-hook/status_write_boundary.ready	ed1a545bb85e55816bbf9566b028b2a0bc456b88f49f6f266c0401048824194b	6
file	preflight-logs/selfcheck/supervisor-v10/write-term-hook/status_write_boundary.release	3933e3274b63dc01fd286d6d939a626867c83a4603fc4347e0f8b8856f1b98fd	8
directory	preflight-logs/selfcheck/supervisor-v10/write-term-preflight	-	0
file	preflight-logs/selfcheck/supervisor-v10/write-term-preflight.session-ready	39feceb2eced7e3165a8f7f40852708b835f274d4ff94896baface7efca6a52d	109
file	preflight-logs/selfcheck/supervisor-v10/write-term-preflight.session-ready.go	c2fc355f2b52e01ea670dc8b27f1c8f3a268d68b4b399a0cf91544cb975792df	3
file	preflight-logs/selfcheck/supervisor-v10/write-term-preflight/fixture.endpoints	2eadd75476b6a4eeba05e3eacf1d3a539e6464e756c068236a5e477c1ef8769b	27
file	preflight-logs/selfcheck/supervisor-v10/write-term-preflight/init.go	c2fc355f2b52e01ea670dc8b27f1c8f3a268d68b4b399a0cf91544cb975792df	3
file	preflight-logs/selfcheck/supervisor-v10/write-term-preflight/init.ready	fcce5a7e838ce7dccfb11a0f7ea2b2de5a88214be1c7fe3a7c540e611f597c0a	109
file	preflight-logs/selfcheck/supervisor-v10/write-term-result.json	4aeec560b1c99c5f79c0e4a7e9121a60ee08534d4fc2e045909073ff5de71b47	16
file	preflight-logs/selfcheck/supervisor-v10/write-term.json	6b765a0e9e8587d0fb57fb90681f37b012453a7eb7234a124a147913dfc1cef4	8557
file	preflight-logs/selfcheck/supervisor-v10/write-term.stderr	e3b0c44298fc1c149afbf4c8996fb92427ae41e4649b934ca495991b7852b855	0
file	preflight-logs/selfcheck/supervisor-v10/write-term.stdout	e3b0c44298fc1c149afbf4c8996fb92427ae41e4649b934ca495991b7852b855	0
directory	preflight-logs/selfcheck/validators	-	0
file	preflight-logs/selfcheck/validators.log	6c2935df2376a1de889a6eaf3a2bf70a80264d4137504d783f32beef3b74b161	52
file	preflight-logs/selfcheck/validators/append.stderr	8eb8bec2cdc48ddd096317dbe488c59c715463609d7a42e8f5f8bdacfcd1f625	55
file	preflight-logs/selfcheck/validators/append.stdout	e3b0c44298fc1c149afbf4c8996fb92427ae41e4649b934ca495991b7852b855	0
file	preflight-logs/selfcheck/validators/append.tsv	eb32e5f7991f0ac5c0085ed8b1c68ca11deeb0a817a04a92012d2ea2ca7d9852	3767
file	preflight-logs/selfcheck/validators/bad-schedule.tsv	e8ab193fcc4a52f00218a2ae9c80cea055a1762a4afce3db99f93389291909ee	270
file	preflight-logs/selfcheck/validators/clock.stderr	603f713d909afdf222801312528594f0135c91772d5d42b1a4630dc796c66426	49
file	preflight-logs/selfcheck/validators/clock.stdout	e3b0c44298fc1c149afbf4c8996fb92427ae41e4649b934ca495991b7852b855	0
file	preflight-logs/selfcheck/validators/clock.tsv	c0b423ae5caf1ecb8fc6c577f702bbca133148a3397e2ee85a6b6d5c715c8310	3760
file	preflight-logs/selfcheck/validators/eof.stderr	8eb8bec2cdc48ddd096317dbe488c59c715463609d7a42e8f5f8bdacfcd1f625	55
file	preflight-logs/selfcheck/validators/eof.stdout	e3b0c44298fc1c149afbf4c8996fb92427ae41e4649b934ca495991b7852b855	0
file	preflight-logs/selfcheck/validators/eof.tsv	0079051ae3c0f6667cba05db433a01fc878aaeeee4578898dfd96d3346ffd9d8	3759
file	preflight-logs/selfcheck/validators/external.stderr	b690aee9137867013833b9565e711302fbe3edd9b094b8fe6cffdfc6b1bc6d0e	43
file	preflight-logs/selfcheck/validators/external.stdout	e3b0c44298fc1c149afbf4c8996fb92427ae41e4649b934ca495991b7852b855	0
file	preflight-logs/selfcheck/validators/external.tsv	ce6366871441352f64a7e97831417462d3965b5ce396a65304c92859bceebbcb	3751
file	preflight-logs/selfcheck/validators/header.stderr	8eb8bec2cdc48ddd096317dbe488c59c715463609d7a42e8f5f8bdacfcd1f625	55
file	preflight-logs/selfcheck/validators/header.stdout	e3b0c44298fc1c149afbf4c8996fb92427ae41e4649b934ca495991b7852b855	0
file	preflight-logs/selfcheck/validators/header.tsv	e4ffffc47e0ea86cb783ed6a849c3e8414f41a100f6380393b4aa618e7bd4599	3767
file	preflight-logs/selfcheck/validators/internal.stderr	eb2caf14100082936ffd490407225fd5a42765c6543b8b2111f5f09b2c24da7f	47
file	preflight-logs/selfcheck/validators/internal.stdout	e3b0c44298fc1c149afbf4c8996fb92427ae41e4649b934ca495991b7852b855	0
file	preflight-logs/selfcheck/validators/internal.tsv	4302265e7213226e2cf5719bb44885a987d9b87f287ec715066659398accec1d	3769
file	preflight-logs/selfcheck/validators/mode.stderr	44bd9ac4846bb77698396b2b05cc2d03b96563191ee46cb6f91efa554dc18409	37
file	preflight-logs/selfcheck/validators/mode.stdout	e3b0c44298fc1c149afbf4c8996fb92427ae41e4649b934ca495991b7852b855	0
file	preflight-logs/selfcheck/validators/mode.tsv	0bbed98be955638ca8a39d0486c98a521434f2734c03a2cecf1647ee5d698382	3760
file	preflight-logs/selfcheck/validators/reorder.stderr	44bd9ac4846bb77698396b2b05cc2d03b96563191ee46cb6f91efa554dc18409	37
file	preflight-logs/selfcheck/validators/reorder.stdout	e3b0c44298fc1c149afbf4c8996fb92427ae41e4649b934ca495991b7852b855	0
file	preflight-logs/selfcheck/validators/reorder.tsv	485d6e846e391c9793f9b9b718db935bc190acbe20ab73e59ea58d519353feac	3760
file	preflight-logs/selfcheck/validators/schedule.stderr	d99cff0fb0d41ddb97bd46cd039695ca097fc5a172d20fabc982a70ae5077d06	41
file	preflight-logs/selfcheck/validators/schedule.stdout	e3b0c44298fc1c149afbf4c8996fb92427ae41e4649b934ca495991b7852b855	0
file	preflight-logs/selfcheck/validators/sequence_reads.stderr	8590585582377cde9aad004c068cf5eca737a3ca1712be50e1880128722b0ce6	47
file	preflight-logs/selfcheck/validators/sequence_reads.stdout	e3b0c44298fc1c149afbf4c8996fb92427ae41e4649b934ca495991b7852b855	0
file	preflight-logs/selfcheck/validators/sequence_reads.tsv	33a0f9926c5776a06e2b1aae580f3ba80b42f5235e208a89b256ae7b1caa8f62	3760
file	preflight-logs/selfcheck/validators/status.stderr	3ece08603b3e14e23304aa9a6d7dbec5a15cf48bb2c58f830f07faf0e584c1c9	63
file	preflight-logs/selfcheck/validators/status.stdout	e3b0c44298fc1c149afbf4c8996fb92427ae41e4649b934ca495991b7852b855	0
file	preflight-logs/selfcheck/validators/status.tsv	d6cae6c59a263728b14f747b02ef50d5912c6ee4e3599b642feb555a209c460b	3760
file	preflight-logs/selfcheck/validators/summary.stderr	8590585582377cde9aad004c068cf5eca737a3ca1712be50e1880128722b0ce6	47
file	preflight-logs/selfcheck/validators/summary.stdout	e3b0c44298fc1c149afbf4c8996fb92427ae41e4649b934ca495991b7852b855	0
file	preflight-logs/selfcheck/validators/summary.tsv	7e3bfec0a99ae3fad61c9e82c3b0ab02267e45c23e724b9af0d416d59eb30f3e	3760
file	preflight-logs/selfcheck/validators/trace.stderr	8590585582377cde9aad004c068cf5eca737a3ca1712be50e1880128722b0ce6	47
file	preflight-logs/selfcheck/validators/trace.stdout	e3b0c44298fc1c149afbf4c8996fb92427ae41e4649b934ca495991b7852b855	0
file	preflight-logs/selfcheck/validators/trace.tsv	ebc970a07c432740eb9692fea3aa33a656595dd774ae293acc8be10dab038fd8	3760
file	preflight-logs/selfcheck/validators/valid.log	65c7291ccef366aea88614f359a79367cbe31feefe9957fe6d809f7622adbc74	23
file	preflight-logs/selfcheck/validators/valid.tsv	14126caae28a564ad2147cd70e553749d5cc6e2e096f1ddb5432116ed49e4bd6	3760
file	preflight-logs/selfcheck/validators/work.stderr	527d9c38ef24fb74623c11ef62f97d5c67e3120202a62507c57e54ac5dcc8a42	47
file	preflight-logs/selfcheck/validators/work.stdout	e3b0c44298fc1c149afbf4c8996fb92427ae41e4649b934ca495991b7852b855	0
file	preflight-logs/selfcheck/validators/work.tsv	185087e00835f97df7c242da757c49e52cfecf1c7f1a903fad63d0a66b623a75	3760
file	preflight-logs/status.tsv	53a70de27a0b1d811905dec0bfce980d0e4d53540de8dec5da6b965366262027	696
file	preflight.sh	4a367c6a2a311ac1ae96511fbff7565bc0c9836b08b76b1e0e095d9ec947743d	2083
file	schedule.tsv	b7b14db8228785dbaf296d1293b119961298e69f5769ebf6194de3ca1abfbd2a	270
file	selfcheck.sh	24459b5937772c1e12075c52e1d2d4bb92190d978940523e5a98c3887e654ec3	853
file	summarize-results.py	3210fa8b6abf042670b332b86479efd4f2c22e4642f7df461721abe69f21bb5b	3443
file	task7kcalibration.exe	d362063ada8cd0689f69e0288700b7aef59d4e544583583e03b9587afb72288f	191
file	task7kcalibration.sml	faadb79dea635c12db27e58882824156d6219559d84d788e8b85b56b34600736	6246
file	test-validators.sh	900ac26bc0c584c34b369ae2e5e694df60df0520ede41795ad6501a7082d7186	1528
file	validate-results.py	270445875602f88c840905fb5f63c3240ff6021d688d5abae7a938a8c7e5a78c	9039
